species,lat,lon,country,eventDate,basisOfRecord,presence,10m_bio_1,10m_bio_2,10m_bio_3,10m_bio_4,10m_bio_5,10m_bio_6,10m_bio_7,10m_bio_8,10m_bio_9,10m_bio_10,10m_bio_11,10m_bio_12,10m_bio_13,10m_bio_14,10m_bio_15,10m_bio_16,10m_bio_17,10m_bio_18,10m_bio_19,10m_elev
Apis mellifera,-1.223488,36.897896,Kenya,2026-01-12T15:49,HUMAN_OBSERVATION,1,164.0,12.004520416259766,74.29115295410156,116.23384094238281,28.674999237060547,12.516249656677246,16.158748626708984,20.844541549682617,18.455917358398438,21.224332809448242,18.258459091186523,776.0,164.0,14.0,75.35821533203125,364.0,46.0,286.0,57.0,1584.0
Apis mellifera,-1.223413,36.897344,Kenya,2026-01-19T17:43,HUMAN_OBSERVATION,1,164.0,12.004520416259766,74.29115295410156,116.23384094238281,28.674999237060547,12.516249656677246,16.158748626708984,20.844541549682617,18.455917358398438,21.224332809448242,18.258459091186523,776.0,164.0,14.0,75.35821533203125,364.0,46.0,286.0,57.0,1584.0
Apis mellifera,-1.222881,36.897628,Kenya,2026-01-14T14:40,HUMAN_OBSERVATION,1,164.0,12.004520416259766,74.29115295410156,116.23384094238281,28.674999237060547,12.516249656677246,16.158748626708984,20.844541549682617,18.455917358398438,21.224332809448242,18.258459091186523,776.0,164.0,14.0,75.35821533203125,364.0,46.0,286.0,57.0,1584.0
Apis mellifera,-0.524644,36.664209,Kenya,2026-01-06T14:24,HUMAN_OBSERVATION,1,182.0,12.380291938781738,77.58898162841797,91.04951477050781,21.006750106811523,5.05049991607666,15.956250190734863,13.365875244140625,12.696083068847656,13.448583602905273,11.187749862670898,1141.0,182.0,46.0,42.724239349365234,436.0,176.0,336.0,221.0,2580.0
Apis mellifera,-1.115084,36.67763,Kenya,2026-01-26T11:43:47,HUMAN_OBSERVATION,1,318.0,11.765978813171387,72.74063873291016,130.51806640625,25.587749481201172,9.412500381469727,16.175249099731445,17.60416603088379,14.966041564941406,18.025833129882812,14.76420783996582,1304.0,318.0,35.0,80.90485382080078,658.0,115.0,481.0,132.0,1997.0
Apis mellifera,-1.267186,36.821036,Kenya,2025-01-06T07:15,HUMAN_OBSERVATION,1,236.0,11.607208251953125,72.53372192382812,128.51402282714844,27.333999633789062,11.331500053405762,16.002498626708984,19.492958068847656,16.945125579833984,19.960832595825195,16.728166580200195,1008.0,236.0,23.0,78.98697662353516,504.0,75.0,376.0,86.0,1824.0
Apis mellifera,-4.373255,39.556372,Kenya,2025-01-18T12:08:59,HUMAN_OBSERVATION,1,,,,,,,,,,,,,,,,,,,,
Apis mellifera,-1.18162,36.951995,Kenya,2025-01-21T13:25:13,HUMAN_OBSERVATION,1,164.0,12.004520416259766,74.29115295410156,116.23384094238281,28.674999237060547,12.516249656677246,16.158748626708984,20.844541549682617,18.455917358398438,21.224332809448242,18.258459091186523,776.0,164.0,14.0,75.35821533203125,364.0,46.0,286.0,57.0,1584.0
Apis mellifera,-1.529887,35.318703,Kenya,2025-01-27T13:55:43,HUMAN_OBSERVATION,1,163.0,12.563416481018066,81.27189636230469,83.44486236572266,27.17424964904785,11.715749740600586,15.458499908447266,20.248750686645508,18.355249404907227,20.248750686645508,18.158916473388672,943.0,163.0,24.0,51.00016784667969,375.0,102.0,375.0,106.0,1667.0
Apis mellifera,-1.352293,36.712182,Kenya,2025-01-30T10:27,HUMAN_OBSERVATION,1,191.0,11.984271049499512,72.64295196533203,127.05976867675781,28.277999877929688,11.780500411987305,16.497499465942383,20.282583236694336,17.86954116821289,20.80608367919922,17.616374969482422,858.0,191.0,18.0,76.34839630126953,418.0,58.0,313.0,69.0,1775.0
Apis mellifera,-4.035005,39.71773,Kenya,2025-01-09T16:30,HUMAN_OBSERVATION,1,,,,,,,,,,,,,,,,,,,,
Apis mellifera,-0.4854,37.1543,Kenya,2025-01-31,PRESERVED_SPECIMEN,1,243.0,12.013250350952148,75.24859619140625,89.1675796508789,25.7814998626709,9.816749572753906,15.964750289916992,18.15387535095215,16.095041275024414,18.221708297729492,16.095041275024414,1216.0,243.0,40.0,72.26627349853516,546.0,130.0,374.0,130.0,1812.0
Apis mellifera,-1.181622,36.952019,Kenya,2025-02-25T07:48:16,HUMAN_OBSERVATION,1,164.0,12.004520416259766,74.29115295410156,116.23384094238281,28.674999237060547,12.516249656677246,16.158748626708984,20.844541549682617,18.455917358398438,21.224332809448242,18.258459091186523,776.0,164.0,14.0,75.35821533203125,364.0,46.0,286.0,57.0,1584.0
Apis mellifera,-1.2455,36.795244,Kenya,2025-02-23T15:58:15,HUMAN_OBSERVATION,1,236.0,11.607208251953125,72.53372192382812,128.51402282714844,27.333999633789062,11.331500053405762,16.002498626708984,19.492958068847656,16.945125579833984,19.960832595825195,16.728166580200195,1008.0,236.0,23.0,78.98697662353516,504.0,75.0,376.0,86.0,1824.0
Apis mellifera,-1.358354,36.953314,Kenya,2025-02-24T08:58,HUMAN_OBSERVATION,1,144.0,12.275479316711426,73.48716735839844,122.2987289428711,28.831249237060547,12.126999855041504,16.70425033569336,20.777374267578125,18.376874923706055,21.258499145507812,18.143667221069336,649.0,144.0,9.0,77.1600341796875,306.0,33.0,252.0,40.0,1590.0
Apis mellifera,-1.267011,36.821087,Kenya,2025-03-17T08:27,HUMAN_OBSERVATION,1,236.0,11.607208251953125,72.53372192382812,128.51402282714844,27.333999633789062,11.331500053405762,16.002498626708984,19.492958068847656,16.945125579833984,19.960832595825195,16.728166580200195,1008.0,236.0,23.0,78.98697662353516,504.0,75.0,376.0,86.0,1824.0
Apis mellifera,-1.224,36.896705,Kenya,2025-04-14T14:16,HUMAN_OBSERVATION,1,164.0,12.004520416259766,74.29115295410156,116.23384094238281,28.674999237060547,12.516249656677246,16.158748626708984,20.844541549682617,18.455917358398438,21.224332809448242,18.258459091186523,776.0,164.0,14.0,75.35821533203125,364.0,46.0,286.0,57.0,1584.0
Apis mellifera,-0.855073,37.182287,Kenya,2025-04-15T13:31,HUMAN_OBSERVATION,1,235.0,11.310812950134277,75.79449462890625,111.7760009765625,28.280750274658203,13.357749938964844,14.92300033569336,21.155540466308594,18.93112564086914,21.366666793823242,18.659542083740234,952.0,235.0,8.0,93.56572723388672,468.0,32.0,375.0,38.0,1339.0
Apis mellifera,-1.247041,36.804972,Kenya,2025-04-20T10:05,HUMAN_OBSERVATION,1,236.0,11.607208251953125,72.53372192382812,128.51402282714844,27.333999633789062,11.331500053405762,16.002498626708984,19.492958068847656,16.945125579833984,19.960832595825195,16.728166580200195,1008.0,236.0,23.0,78.98697662353516,504.0,75.0,376.0,86.0,1824.0
Apis mellifera,-1.245061,36.799764,Kenya,2025-04-20T10:18,HUMAN_OBSERVATION,1,236.0,11.607208251953125,72.53372192382812,128.51402282714844,27.333999633789062,11.331500053405762,16.002498626708984,19.492958068847656,16.945125579833984,19.960832595825195,16.728166580200195,1008.0,236.0,23.0,78.98697662353516,504.0,75.0,376.0,86.0,1824.0
Apis mellifera,-1.375643,36.746138,Kenya,2025-04-25T11:15:01,HUMAN_OBSERVATION,1,191.0,11.984271049499512,72.64295196533203,127.05976867675781,28.277999877929688,11.780500411987305,16.497499465942383,20.282583236694336,17.86954116821289,20.80608367919922,17.616374969482422,858.0,191.0,18.0,76.34839630126953,418.0,58.0,313.0,69.0,1775.0
Apis mellifera,-0.697555,37.336982,Kenya,2025-04-02T12:06,HUMAN_OBSERVATION,1,223.0,11.82308292388916,77.4395523071289,102.35331726074219,29.920499801635742,14.652999877929688,15.267499923706055,22.62933349609375,20.361291885375977,22.73200035095215,20.361291885375977,877.0,223.0,4.0,99.61428833007812,421.0,23.0,346.0,23.0,1117.0
Apis mellifera,-1.105151,36.630567,Kenya,2025-04-13T15:48,HUMAN_OBSERVATION,1,239.0,13.101646423339844,74.64368438720703,133.33811950683594,26.885499954223633,9.333250045776367,17.552249908447266,18.009082794189453,15.528083801269531,18.562084197998047,15.270000457763672,1044.0,239.0,28.0,73.8453598022461,509.0,93.0,202.0,106.0,1981.0
Apis mellifera,-1.376423,36.748309,Kenya,2025-04-26T10:41,HUMAN_OBSERVATION,1,191.0,11.984271049499512,72.64295196533203,127.05976867675781,28.277999877929688,11.780500411987305,16.497499465942383,20.282583236694336,17.86954116821289,20.80608367919922,17.616374969482422,858.0,191.0,18.0,76.34839630126953,418.0,58.0,313.0,69.0,1775.0
Apis mellifera,-1.402934,35.125592,Kenya,2025-04-17T09:11,HUMAN_OBSERVATION,1,162.0,12.807104110717773,81.66104125976562,79.97371673583984,27.858999252319336,12.175749778747559,15.683249473571777,20.468666076660156,18.927791595458984,20.7882080078125,18.79395866394043,1027.0,162.0,30.0,42.63384246826172,390.0,136.0,376.0,140.0,1549.0
Apis mellifera,-1.267442,36.82097,Kenya,2025-05-11T11:51,HUMAN_OBSERVATION,1,236.0,11.607208251953125,72.53372192382812,128.51402282714844,27.333999633789062,11.331500053405762,16.002498626708984,19.492958068847656,16.945125579833984,19.960832595825195,16.728166580200195,1008.0,236.0,23.0,78.98697662353516,504.0,75.0,376.0,86.0,1824.0
Apis mellifera,-1.241381,36.796337,Kenya,2025-05-18T10:14,HUMAN_OBSERVATION,1,236.0,11.607208251953125,72.53372192382812,128.51402282714844,27.333999633789062,11.331500053405762,16.002498626708984,19.492958068847656,16.945125579833984,19.960832595825195,16.728166580200195,1008.0,236.0,23.0,78.98697662353516,504.0,75.0,376.0,86.0,1824.0
Apis mellifera,0.293447,36.899103,Kenya,2025-05-17T09:31:47,HUMAN_OBSERVATION,1,146.0,14.717937469482422,79.92906188964844,59.94913101196289,26.892000198364258,8.478249549865723,18.41374969482422,18.32295799255371,17.37120819091797,18.32295799255371,16.932209014892578,769.0,146.0,18.0,57.24130630493164,301.0,85.0,301.0,160.0,1741.0
Apis mellifera,0.293455,36.898786,Kenya,2025-05-17T09:43:03,HUMAN_OBSERVATION,1,146.0,14.717937469482422,79.92906188964844,59.94913101196289,26.892000198364258,8.478249549865723,18.41374969482422,18.32295799255371,17.37120819091797,18.32295799255371,16.932209014892578,769.0,146.0,18.0,57.24130630493164,301.0,85.0,301.0,160.0,1741.0
Apis mellifera,0.305933,34.185022,Kenya,2025-05-18T14:22:58,HUMAN_OBSERVATION,1,262.0,11.798624992370605,83.8551254272461,62.04670715332031,29.41349983215332,15.343250274658203,14.070249557495117,22.367332458496094,22.514415740966797,22.769832611083984,21.193208694458008,1701.0,262.0,53.0,41.55879592895508,648.0,247.0,293.0,357.0,1250.0
Apis mellifera,-1.242845,36.797314,Kenya,2025-05-18T10:10,HUMAN_OBSERVATION,1,236.0,11.607208251953125,72.53372192382812,128.51402282714844,27.333999633789062,11.331500053405762,16.002498626708984,19.492958068847656,16.945125579833984,19.960832595825195,16.728166580200195,1008.0,236.0,23.0,78.98697662353516,504.0,75.0,376.0,86.0,1824.0
Apis mellifera,-1.289363,36.890777,Kenya,2025-05-25T15:18,HUMAN_OBSERVATION,1,164.0,12.004520416259766,74.29115295410156,116.23384094238281,28.674999237060547,12.516249656677246,16.158748626708984,20.844541549682617,18.455917358398438,21.224332809448242,18.258459091186523,776.0,164.0,14.0,75.35821533203125,364.0,46.0,286.0,57.0,1584.0
Apis mellifera,-1.289336,36.890781,Kenya,2025-05-25T15:20,HUMAN_OBSERVATION,1,164.0,12.004520416259766,74.29115295410156,116.23384094238281,28.674999237060547,12.516249656677246,16.158748626708984,20.844541549682617,18.455917358398438,21.224332809448242,18.258459091186523,776.0,164.0,14.0,75.35821533203125,364.0,46.0,286.0,57.0,1584.0
Apis mellifera,-1.27045,36.808553,Kenya,2025-05-30T07:22:59,HUMAN_OBSERVATION,1,236.0,11.607208251953125,72.53372192382812,128.51402282714844,27.333999633789062,11.331500053405762,16.002498626708984,19.492958068847656,16.945125579833984,19.960832595825195,16.728166580200195,1008.0,236.0,23.0,78.98697662353516,504.0,75.0,376.0,86.0,1824.0
Apis mellifera,-1.289311,36.890092,Kenya,2025-05-24T13:01,HUMAN_OBSERVATION,1,164.0,12.004520416259766,74.29115295410156,116.23384094238281,28.674999237060547,12.516249656677246,16.158748626708984,20.844541549682617,18.455917358398438,21.224332809448242,18.258459091186523,776.0,164.0,14.0,75.35821533203125,364.0,46.0,286.0,57.0,1584.0
Apis mellifera,-1.121003,36.676544,Kenya,2025-05-27T08:00,HUMAN_OBSERVATION,1,318.0,11.765978813171387,72.74063873291016,130.51806640625,25.587749481201172,9.412500381469727,16.175249099731445,17.60416603088379,14.966041564941406,18.025833129882812,14.76420783996582,1304.0,318.0,35.0,80.90485382080078,658.0,115.0,481.0,132.0,1997.0
Apis mellifera,-1.289276,36.890027,Kenya,2025-05-24T13:02,HUMAN_OBSERVATION,1,164.0,12.004520416259766,74.29115295410156,116.23384094238281,28.674999237060547,12.516249656677246,16.158748626708984,20.844541549682617,18.455917358398438,21.224332809448242,18.258459091186523,776.0,164.0,14.0,75.35821533203125,364.0,46.0,286.0,57.0,1584.0
Apis mellifera,-1.303468,36.968309,Kenya,2025-05-26T15:00,HUMAN_OBSERVATION,1,164.0,12.004520416259766,74.29115295410156,116.23384094238281,28.674999237060547,12.516249656677246,16.158748626708984,20.844541549682617,18.455917358398438,21.224332809448242,18.258459091186523,776.0,164.0,14.0,75.35821533203125,364.0,46.0,286.0,57.0,1584.0
Apis mellifera,-1.286213,36.817975,Kenya,2025-05-23T09:23,HUMAN_OBSERVATION,1,236.0,11.607208251953125,72.53372192382812,128.51402282714844,27.333999633789062,11.331500053405762,16.002498626708984,19.492958068847656,16.945125579833984,19.960832595825195,16.728166580200195,1008.0,236.0,23.0,78.98697662353516,504.0,75.0,376.0,86.0,1824.0
Apis mellifera,-1.23291,36.807558,Kenya,2025-06-11T11:53:39,HUMAN_OBSERVATION,1,236.0,11.607208251953125,72.53372192382812,128.51402282714844,27.333999633789062,11.331500053405762,16.002498626708984,19.492958068847656,16.945125579833984,19.960832595825195,16.728166580200195,1008.0,236.0,23.0,78.98697662353516,504.0,75.0,376.0,86.0,1824.0
Apis mellifera,-1.223493,36.89667,Kenya,2025-06-16T13:58,HUMAN_OBSERVATION,1,164.0,12.004520416259766,74.29115295410156,116.23384094238281,28.674999237060547,12.516249656677246,16.158748626708984,20.844541549682617,18.455917358398438,21.224332809448242,18.258459091186523,776.0,164.0,14.0,75.35821533203125,364.0,46.0,286.0,57.0,1584.0
Apis mellifera,-1.224258,36.897395,Kenya,2025-06-16T18:10,HUMAN_OBSERVATION,1,164.0,12.004520416259766,74.29115295410156,116.23384094238281,28.674999237060547,12.516249656677246,16.158748626708984,20.844541549682617,18.455917358398438,21.224332809448242,18.258459091186523,776.0,164.0,14.0,75.35821533203125,364.0,46.0,286.0,57.0,1584.0
Apis mellifera,-1.241249,36.799534,Kenya,2025-06-14T10:23,HUMAN_OBSERVATION,1,236.0,11.607208251953125,72.53372192382812,128.51402282714844,27.333999633789062,11.331500053405762,16.002498626708984,19.492958068847656,16.945125579833984,19.960832595825195,16.728166580200195,1008.0,236.0,23.0,78.98697662353516,504.0,75.0,376.0,86.0,1824.0
Apis mellifera,-0.00288,37.078623,Kenya,2025-06-17T10:01:58,HUMAN_OBSERVATION,1,158.0,13.435895919799805,78.87345886230469,58.39256286621094,24.226499557495117,7.1917500495910645,17.03474998474121,16.169750213623047,14.860249519348145,16.169750213623047,14.860249519348145,916.0,158.0,36.0,55.88114929199219,355.0,133.0,355.0,133.0,2090.0
Apis mellifera,-0.411734,36.671582,Kenya,2025-06-11T12:18,HUMAN_OBSERVATION,1,218.0,11.228208541870117,79.2966537475586,80.41166687011719,19.067750930786133,4.9079999923706055,14.159750938415527,12.478958129882812,11.677291870117188,12.491708755493164,10.533791542053223,1402.0,218.0,45.0,45.34027862548828,530.0,204.0,407.0,264.0,2778.0
Apis mellifera,-1.33732,36.773248,Kenya,2025-06-13T15:45:36,HUMAN_OBSERVATION,1,191.0,11.984271049499512,72.64295196533203,127.05976867675781,28.277999877929688,11.780500411987305,16.497499465942383,20.282583236694336,17.86954116821289,20.80608367919922,17.616374969482422,858.0,191.0,18.0,76.34839630126953,418.0,58.0,313.0,69.0,1775.0
Apis mellifera,-0.816503,36.387903,Kenya,2025-06-20T11:15,HUMAN_OBSERVATION,1,131.0,13.560521125793457,78.31547546386719,98.50428771972656,26.110000610351562,8.794750213623047,17.315250396728516,17.428916931152344,15.273333549499512,17.684541702270508,15.22137451171875,697.0,131.0,33.0,50.747310638427734,288.0,114.0,229.0,115.0,1967.0
Apis mellifera,-1.275083,34.964692,Kenya,2025-06-27T13:55:11,HUMAN_OBSERVATION,1,213.0,11.58133316040039,81.34529876708984,74.84357452392578,25.8174991607666,11.580249786376953,14.237249374389648,19.043750762939453,17.509666442871094,19.370708465576172,17.509666442871094,1347.0,213.0,47.0,38.319602966308594,495.0,209.0,333.0,209.0,1800.0
Apis mellifera,-1.337442,36.774039,Kenya,2025-06-13T15:10:28,HUMAN_OBSERVATION,1,191.0,11.984271049499512,72.64295196533203,127.05976867675781,28.277999877929688,11.780500411987305,16.497499465942383,20.282583236694336,17.86954116821289,20.80608367919922,17.616374969482422,858.0,191.0,18.0,76.34839630126953,418.0,58.0,313.0,69.0,1775.0
Apis mellifera,-1.18154,36.953068,Kenya,2025-06-19T12:17:39,HUMAN_OBSERVATION,1,164.0,12.004520416259766,74.29115295410156,116.23384094238281,28.674999237060547,12.516249656677246,16.158748626708984,20.844541549682617,18.455917358398438,21.224332809448242,18.258459091186523,776.0,164.0,14.0,75.35821533203125,364.0,46.0,286.0,57.0,1584.0
Apis mellifera,0.359197,37.071317,Kenya,2025-06-03T10:47:08,HUMAN_OBSERVATION,1,156.0,14.029749870300293,83.066650390625,64.5446548461914,26.95949935913086,10.06974983215332,16.88974952697754,19.00458335876465,18.082958221435547,19.00458335876465,17.532958984375,775.0,156.0,18.0,68.3989028930664,317.0,90.0,317.0,118.0,1753.0
Apis mellifera,-1.323994,36.667803,Kenya,2025-07-18T06:22,HUMAN_OBSERVATION,1,236.0,11.607208251953125,72.53372192382812,128.51402282714844,27.333999633789062,11.331500053405762,16.002498626708984,19.492958068847656,16.945125579833984,19.960832595825195,16.728166580200195,1008.0,236.0,23.0,78.98697662353516,504.0,75.0,376.0,86.0,1824.0
Apis mellifera,-1.336859,36.779785,Kenya,2025-07-17T07:12,HUMAN_OBSERVATION,1,191.0,11.984271049499512,72.64295196533203,127.05976867675781,28.277999877929688,11.780500411987305,16.497499465942383,20.282583236694336,17.86954116821289,20.80608367919922,17.616374969482422,858.0,191.0,18.0,76.34839630126953,418.0,58.0,313.0,69.0,1775.0
Apis mellifera,-1.337413,36.77757,Kenya,2025-07-17T14:45:56,HUMAN_OBSERVATION,1,191.0,11.984271049499512,72.64295196533203,127.05976867675781,28.277999877929688,11.780500411987305,16.497499465942383,20.282583236694336,17.86954116821289,20.80608367919922,17.616374969482422,858.0,191.0,18.0,76.34839630126953,418.0,58.0,313.0,69.0,1775.0
Apis mellifera,-1.267214,36.821038,Kenya,2025-07-26T09:28:22,HUMAN_OBSERVATION,1,236.0,11.607208251953125,72.53372192382812,128.51402282714844,27.333999633789062,11.331500053405762,16.002498626708984,19.492958068847656,16.945125579833984,19.960832595825195,16.728166580200195,1008.0,236.0,23.0,78.98697662353516,504.0,75.0,376.0,86.0,1824.0
Apis mellifera,-4.037655,39.66747,Kenya,2025-07-25T08:53:47,HUMAN_OBSERVATION,1,,,,,,,,,,,,,,,,,,,,
Apis mellifera,-0.475619,36.261813,Kenya,2025-07-17T06:00,HUMAN_OBSERVATION,1,116.0,14.54183292388916,80.52960205078125,74.88159942626953,26.143749237060547,8.086000442504883,18.057748794555664,16.69212532043457,16.791000366210938,17.416749954223633,15.545708656311035,735.0,116.0,25.0,40.059017181396484,264.0,100.0,201.0,192.0,2005.0
Apis mellifera,-1.413666,35.124783,Kenya,2025-07-26T17:00,HUMAN_OBSERVATION,1,162.0,12.807104110717773,81.66104125976562,79.97371673583984,27.858999252319336,12.175749778747559,15.683249473571777,20.468666076660156,18.927791595458984,20.7882080078125,18.79395866394043,1027.0,162.0,30.0,42.63384246826172,390.0,136.0,376.0,140.0,1549.0
Apis mellifera,-1.414647,36.809155,Kenya,2025-07-27T18:14:33,HUMAN_OBSERVATION,1,191.0,11.984271049499512,72.64295196533203,127.05976867675781,28.277999877929688,11.780500411987305,16.497499465942383,20.282583236694336,17.86954116821289,20.80608367919922,17.616374969482422,858.0,191.0,18.0,76.34839630126953,418.0,58.0,313.0,69.0,1775.0
Apis mellifera,-1.364213,36.722124,Kenya,2025-07-27T02:43,HUMAN_OBSERVATION,1,191.0,11.984271049499512,72.64295196533203,127.05976867675781,28.277999877929688,11.780500411987305,16.497499465942383,20.282583236694336,17.86954116821289,20.80608367919922,17.616374969482422,858.0,191.0,18.0,76.34839630126953,418.0,58.0,313.0,69.0,1775.0
Apis mellifera,-1.350451,36.798579,Kenya,2025-08-04T14:51:34,HUMAN_OBSERVATION,1,191.0,11.984271049499512,72.64295196533203,127.05976867675781,28.277999877929688,11.780500411987305,16.497499465942383,20.282583236694336,17.86954116821289,20.80608367919922,17.616374969482422,858.0,191.0,18.0,76.34839630126953,418.0,58.0,313.0,69.0,1775.0
Apis mellifera,-1.494557,37.046592,Kenya,2025-08-17T13:32:32,HUMAN_OBSERVATION,1,139.0,12.062104225158691,72.91254425048828,127.39513397216797,28.49449920654297,11.951250076293945,16.543249130249023,20.595041275024414,18.097291946411133,21.04866600036621,17.815292358398438,636.0,139.0,5.0,85.65963745117188,289.0,19.0,247.0,23.0,1581.0
Apis mellifera,-1.23612,36.828628,Kenya,2025-08-05T13:11:51,HUMAN_OBSERVATION,1,236.0,11.607208251953125,72.53372192382812,128.51402282714844,27.333999633789062,11.331500053405762,16.002498626708984,19.492958068847656,16.945125579833984,19.960832595825195,16.728166580200195,1008.0,236.0,23.0,78.98697662353516,504.0,75.0,376.0,86.0,1824.0
Apis mellifera,-1.267151,36.82111,Kenya,2025-09-14T10:19,HUMAN_OBSERVATION,1,236.0,11.607208251953125,72.53372192382812,128.51402282714844,27.333999633789062,11.331500053405762,16.002498626708984,19.492958068847656,16.945125579833984,19.960832595825195,16.728166580200195,1008.0,236.0,23.0,78.98697662353516,504.0,75.0,376.0,86.0,1824.0
Apis mellifera,-1.237405,36.810288,Kenya,2025-09-11T07:09:35,HUMAN_OBSERVATION,1,236.0,11.607208251953125,72.53372192382812,128.51402282714844,27.333999633789062,11.331500053405762,16.002498626708984,19.492958068847656,16.945125579833984,19.960832595825195,16.728166580200195,1008.0,236.0,23.0,78.98697662353516,504.0,75.0,376.0,86.0,1824.0
Apis mellifera,-1.181151,36.933998,Kenya,2025-09-09T12:36:39,HUMAN_OBSERVATION,1,164.0,12.004520416259766,74.29115295410156,116.23384094238281,28.674999237060547,12.516249656677246,16.158748626708984,20.844541549682617,18.455917358398438,21.224332809448242,18.258459091186523,776.0,164.0,14.0,75.35821533203125,364.0,46.0,286.0,57.0,1584.0
Apis mellifera,-1.23765,36.81057,Kenya,2025-09-11T07:09:50,HUMAN_OBSERVATION,1,236.0,11.607208251953125,72.53372192382812,128.51402282714844,27.333999633789062,11.331500053405762,16.002498626708984,19.492958068847656,16.945125579833984,19.960832595825195,16.728166580200195,1008.0,236.0,23.0,78.98697662353516,504.0,75.0,376.0,86.0,1824.0
Apis mellifera,0.226669,34.884434,Kenya,2025-09-18T12:10,HUMAN_OBSERVATION,1,253.0,11.785562515258789,82.00506591796875,77.54391479492188,26.774749755859375,12.402999877929688,14.371749877929688,19.07900047302246,19.914709091186523,20.183834075927734,18.288291931152344,1839.0,253.0,68.0,38.12214660644531,652.0,243.0,306.0,531.0,1680.0
Apis mellifera,-1.393838,36.84789,Kenya,2025-09-20T10:14:32,HUMAN_OBSERVATION,1,144.0,12.275479316711426,73.48716735839844,122.2987289428711,28.831249237060547,12.126999855041504,16.70425033569336,20.777374267578125,18.376874923706055,21.258499145507812,18.143667221069336,649.0,144.0,9.0,77.1600341796875,306.0,33.0,252.0,40.0,1590.0
Apis mellifera,-1.256532,36.816621,Kenya,2025-09-27T10:45,HUMAN_OBSERVATION,1,236.0,11.607208251953125,72.53372192382812,128.51402282714844,27.333999633789062,11.331500053405762,16.002498626708984,19.492958068847656,16.945125579833984,19.960832595825195,16.728166580200195,1008.0,236.0,23.0,78.98697662353516,504.0,75.0,376.0,86.0,1824.0
Apis mellifera,-1.394133,36.84796,Kenya,2025-09-20T10:07:25,HUMAN_OBSERVATION,1,144.0,12.275479316711426,73.48716735839844,122.2987289428711,28.831249237060547,12.126999855041504,16.70425033569336,20.777374267578125,18.376874923706055,21.258499145507812,18.143667221069336,649.0,144.0,9.0,77.1600341796875,306.0,33.0,252.0,40.0,1590.0
Apis mellifera,-1.394055,36.847916,Kenya,2025-09-20T10:13:53,HUMAN_OBSERVATION,1,144.0,12.275479316711426,73.48716735839844,122.2987289428711,28.831249237060547,12.126999855041504,16.70425033569336,20.777374267578125,18.376874923706055,21.258499145507812,18.143667221069336,649.0,144.0,9.0,77.1600341796875,306.0,33.0,252.0,40.0,1590.0
Apis mellifera,-0.604762,37.34023,Kenya,2025-09-16T12:39,HUMAN_OBSERVATION,1,268.0,11.61818790435791,76.65608215332031,99.48599243164062,28.62150001525879,13.465250015258789,15.15625,21.398082733154297,19.207292556762695,21.508790969848633,19.207292556762695,1085.0,268.0,14.0,94.24626159667969,510.0,52.0,396.0,52.0,1271.0
Apis mellifera,-0.295995,37.099255,Kenya,2025-09-04T10:57:09,HUMAN_OBSERVATION,1,186.0,12.890000343322754,78.14962768554688,69.1472396850586,24.13425064086914,7.640250205993652,16.493999481201172,16.394582748413086,14.806124687194824,16.394582748413086,14.806124687194824,1020.0,186.0,29.0,63.665504455566406,408.0,96.0,408.0,96.0,2089.0
Apis mellifera,-1.267144,36.82109,Kenya,2025-10-05T14:07,HUMAN_OBSERVATION,1,236.0,11.607208251953125,72.53372192382812,128.51402282714844,27.333999633789062,11.331500053405762,16.002498626708984,19.492958068847656,16.945125579833984,19.960832595825195,16.728166580200195,1008.0,236.0,23.0,78.98697662353516,504.0,75.0,376.0,86.0,1824.0
Apis mellifera,-1.37547,36.747042,Kenya,2025-10-26T11:01:24,HUMAN_OBSERVATION,1,191.0,11.984271049499512,72.64295196533203,127.05976867675781,28.277999877929688,11.780500411987305,16.497499465942383,20.282583236694336,17.86954116821289,20.80608367919922,17.616374969482422,858.0,191.0,18.0,76.34839630126953,418.0,58.0,313.0,69.0,1775.0
Apis mellifera,-1.37554,36.746125,Kenya,2025-10-25T09:33:05,HUMAN_OBSERVATION,1,191.0,11.984271049499512,72.64295196533203,127.05976867675781,28.277999877929688,11.780500411987305,16.497499465942383,20.282583236694336,17.86954116821289,20.80608367919922,17.616374969482422,858.0,191.0,18.0,76.34839630126953,418.0,58.0,313.0,69.0,1775.0
Apis mellifera,-1.375555,36.746114,Kenya,2025-10-25T09:34:35,HUMAN_OBSERVATION,1,191.0,11.984271049499512,72.64295196533203,127.05976867675781,28.277999877929688,11.780500411987305,16.497499465942383,20.282583236694336,17.86954116821289,20.80608367919922,17.616374969482422,858.0,191.0,18.0,76.34839630126953,418.0,58.0,313.0,69.0,1775.0
Apis mellifera,-1.375566,36.746176,Kenya,2025-10-25T10:29:59,HUMAN_OBSERVATION,1,191.0,11.984271049499512,72.64295196533203,127.05976867675781,28.277999877929688,11.780500411987305,16.497499465942383,20.282583236694336,17.86954116821289,20.80608367919922,17.616374969482422,858.0,191.0,18.0,76.34839630126953,418.0,58.0,313.0,69.0,1775.0
Apis mellifera,-1.37553,36.746085,Kenya,2025-10-25T10:26:39,HUMAN_OBSERVATION,1,191.0,11.984271049499512,72.64295196533203,127.05976867675781,28.277999877929688,11.780500411987305,16.497499465942383,20.282583236694336,17.86954116821289,20.80608367919922,17.616374969482422,858.0,191.0,18.0,76.34839630126953,418.0,58.0,313.0,69.0,1775.0
Apis mellifera,-1.401025,36.852417,Kenya,2025-10-25T08:47:40,HUMAN_OBSERVATION,1,144.0,12.275479316711426,73.48716735839844,122.2987289428711,28.831249237060547,12.126999855041504,16.70425033569336,20.777374267578125,18.376874923706055,21.258499145507812,18.143667221069336,649.0,144.0,9.0,77.1600341796875,306.0,33.0,252.0,40.0,1590.0
Apis mellifera,-1.375733,36.745835,Kenya,2025-10-25T10:12:45,HUMAN_OBSERVATION,1,191.0,11.984271049499512,72.64295196533203,127.05976867675781,28.277999877929688,11.780500411987305,16.497499465942383,20.282583236694336,17.86954116821289,20.80608367919922,17.616374969482422,858.0,191.0,18.0,76.34839630126953,418.0,58.0,313.0,69.0,1775.0
Apis mellifera,-1.375695,36.746119,Kenya,2025-10-25T10:46:19,HUMAN_OBSERVATION,1,191.0,11.984271049499512,72.64295196533203,127.05976867675781,28.277999877929688,11.780500411987305,16.497499465942383,20.282583236694336,17.86954116821289,20.80608367919922,17.616374969482422,858.0,191.0,18.0,76.34839630126953,418.0,58.0,313.0,69.0,1775.0
Apis mellifera,-1.400488,36.851738,Kenya,2025-10-24T10:34:06,HUMAN_OBSERVATION,1,144.0,12.275479316711426,73.48716735839844,122.2987289428711,28.831249237060547,12.126999855041504,16.70425033569336,20.777374267578125,18.376874923706055,21.258499145507812,18.143667221069336,649.0,144.0,9.0,77.1600341796875,306.0,33.0,252.0,40.0,1590.0
Apis mellifera,-1.375592,36.746142,Kenya,2025-10-25T10:17:05,HUMAN_OBSERVATION,1,191.0,11.984271049499512,72.64295196533203,127.05976867675781,28.277999877929688,11.780500411987305,16.497499465942383,20.282583236694336,17.86954116821289,20.80608367919922,17.616374969482422,858.0,191.0,18.0,76.34839630126953,418.0,58.0,313.0,69.0,1775.0
Apis mellifera,-1.375573,36.746111,Kenya,2025-10-25T10:14:03,HUMAN_OBSERVATION,1,191.0,11.984271049499512,72.64295196533203,127.05976867675781,28.277999877929688,11.780500411987305,16.497499465942383,20.282583236694336,17.86954116821289,20.80608367919922,17.616374969482422,858.0,191.0,18.0,76.34839630126953,418.0,58.0,313.0,69.0,1775.0
Apis mellifera,-1.375678,36.746106,Kenya,2025-10-25T09:30:51,HUMAN_OBSERVATION,1,191.0,11.984271049499512,72.64295196533203,127.05976867675781,28.277999877929688,11.780500411987305,16.497499465942383,20.282583236694336,17.86954116821289,20.80608367919922,17.616374969482422,858.0,191.0,18.0,76.34839630126953,418.0,58.0,313.0,69.0,1775.0
Apis mellifera,-1.375545,36.746043,Kenya,2025-10-25T10:09:59,HUMAN_OBSERVATION,1,191.0,11.984271049499512,72.64295196533203,127.05976867675781,28.277999877929688,11.780500411987305,16.497499465942383,20.282583236694336,17.86954116821289,20.80608367919922,17.616374969482422,858.0,191.0,18.0,76.34839630126953,418.0,58.0,313.0,69.0,1775.0
Apis mellifera,-1.375564,36.746108,Kenya,2025-10-25T10:58:05,HUMAN_OBSERVATION,1,191.0,11.984271049499512,72.64295196533203,127.05976867675781,28.277999877929688,11.780500411987305,16.497499465942383,20.282583236694336,17.86954116821289,20.80608367919922,17.616374969482422,858.0,191.0,18.0,76.34839630126953,418.0,58.0,313.0,69.0,1775.0
Apis mellifera,-0.331078,36.813957,Kenya,2025-11-05T00:57,HUMAN_OBSERVATION,1,161.0,12.722749710083008,80.15592956542969,67.17710876464844,21.747499465942383,5.875,15.872499465942383,14.48912525177002,13.447041511535645,14.48912525177002,12.890874862670898,1066.0,161.0,42.0,42.35334014892578,384.0,177.0,384.0,195.0,2481.0
Apis mellifera,-1.303844,36.694008,Kenya,2025-11-01T13:38:25,HUMAN_OBSERVATION,1,236.0,11.607208251953125,72.53372192382812,128.51402282714844,27.333999633789062,11.331500053405762,16.002498626708984,19.492958068847656,16.945125579833984,19.960832595825195,16.728166580200195,1008.0,236.0,23.0,78.98697662353516,504.0,75.0,376.0,86.0,1824.0
Apis mellifera,0.292195,36.898506,Kenya,2025-11-14T07:42:02,HUMAN_OBSERVATION,1,146.0,14.717937469482422,79.92906188964844,59.94913101196289,26.892000198364258,8.478249549865723,18.41374969482422,18.32295799255371,17.37120819091797,18.32295799255371,16.932209014892578,769.0,146.0,18.0,57.24130630493164,301.0,85.0,301.0,160.0,1741.0
Apis mellifera,0.032431,36.911973,Kenya,2025-11-08T13:11:22,HUMAN_OBSERVATION,1,130.0,14.877958297729492,78.62679290771484,56.85102844238281,26.565500259399414,7.643249988555908,18.922250747680664,17.73583221435547,16.7098331451416,17.73583221435547,16.498416900634766,760.0,130.0,23.0,49.28548049926758,282.0,100.0,282.0,155.0,1788.0
Apis mellifera,-1.236831,36.83038,Kenya,2025-12-06T08:22:45,HUMAN_OBSERVATION,1,236.0,11.607208251953125,72.53372192382812,128.51402282714844,27.333999633789062,11.331500053405762,16.002498626708984,19.492958068847656,16.945125579833984,19.960832595825195,16.728166580200195,1008.0,236.0,23.0,78.98697662353516,504.0,75.0,376.0,86.0,1824.0
Apis mellifera,-1.236831,36.83038,Kenya,2025-12-06T08:46:16,HUMAN_OBSERVATION,1,236.0,11.607208251953125,72.53372192382812,128.51402282714844,27.333999633789062,11.331500053405762,16.002498626708984,19.492958068847656,16.945125579833984,19.960832595825195,16.728166580200195,1008.0,236.0,23.0,78.98697662353516,504.0,75.0,376.0,86.0,1824.0
Apis mellifera,-1.209255,36.786786,Kenya,2025-12-12T19:54:18,HUMAN_OBSERVATION,1,236.0,11.607208251953125,72.53372192382812,128.51402282714844,27.333999633789062,11.331500053405762,16.002498626708984,19.492958068847656,16.945125579833984,19.960832595825195,16.728166580200195,1008.0,236.0,23.0,78.98697662353516,504.0,75.0,376.0,86.0,1824.0
Apis mellifera,-1.232769,36.815017,Kenya,2025-12-04T09:43:11,HUMAN_OBSERVATION,1,236.0,11.607208251953125,72.53372192382812,128.51402282714844,27.333999633789062,11.331500053405762,16.002498626708984,19.492958068847656,16.945125579833984,19.960832595825195,16.728166580200195,1008.0,236.0,23.0,78.98697662353516,504.0,75.0,376.0,86.0,1824.0
Apis mellifera,-1.288742,37.176165,Kenya,2025-12-19T15:50,HUMAN_OBSERVATION,1,180.0,11.658061981201172,73.58494567871094,121.90047454833984,28.337499618530273,12.494500160217285,15.842999458312988,20.905040740966797,18.4635009765625,21.23587417602539,18.159833908081055,753.0,180.0,4.0,95.06151580810547,331.0,16.0,301.0,18.0,1490.0
Apis mellifera,-4.659003,39.37042,Kenya,2025-12-31T11:44:04,HUMAN_OBSERVATION,1,308.0,7.9549241065979,64.72201538085938,150.27134704589844,32.65999984741211,20.369091033935547,12.290908813476562,26.13916778564453,27.759469985961914,28.04621124267578,24.426895141601562,1267.0,308.0,20.0,77.82806396484375,656.0,112.0,123.0,227.0,14.0
Apis mellifera,-2.138313,38.264874,Kenya,2025-12-27T20:39,HUMAN_OBSERVATION,1,179.0,10.560791969299316,69.54066467285156,140.8978729248047,31.761249542236328,16.574750900268555,15.186498641967773,24.466083526611328,21.958499908447266,25.52083396911621,21.958499908447266,604.0,179.0,2.0,115.04257202148438,336.0,8.0,214.0,8.0,678.0
Apis mellifera,-4.312908,39.577136,Kenya,2025-12-27T08:19,HUMAN_OBSERVATION,1,270.0,8.134081840515137,65.01746368408203,150.12319946289062,32.437957763671875,19.92734718322754,12.510610580444336,25.82421875,27.606937408447266,27.606937408447266,24.040611267089844,1160.0,270.0,18.0,73.68436431884766,576.0,105.0,105.0,222.0,53.0
Apis mellifera,-4.313003,39.577636,Kenya,2025-12-24T10:53,HUMAN_OBSERVATION,1,270.0,8.134081840515137,65.01746368408203,150.12319946289062,32.437957763671875,19.92734718322754,12.510610580444336,25.82421875,27.606937408447266,27.606937408447266,24.040611267089844,1160.0,270.0,18.0,73.68436431884766,576.0,105.0,105.0,222.0,53.0
Apis mellifera,-2.138344,38.264622,Kenya,2025-12-30T17:07,HUMAN_OBSERVATION,1,179.0,10.560791969299316,69.54066467285156,140.8978729248047,31.761249542236328,16.574750900268555,15.186498641967773,24.466083526611328,21.958499908447266,25.52083396911621,21.958499908447266,604.0,179.0,2.0,115.04257202148438,336.0,8.0,214.0,8.0,678.0
Apis mellifera,-0.392371,36.961194,Kenya,2024-01-01T11:51:13,HUMAN_OBSERVATION,1,206.0,12.373416900634766,76.8439712524414,84.2883071899414,24.88775062561035,8.785750389099121,16.102001190185547,17.270458221435547,15.393583297729492,17.298707962036133,15.260457992553711,1105.0,206.0,40.0,62.74178695678711,467.0,138.0,334.0,141.0,1931.0
Apis mellifera,-0.742137,36.450641,Kenya,2024-01-20T14:10:59,HUMAN_OBSERVATION,1,131.0,13.560521125793457,78.31547546386719,98.50428771972656,26.110000610351562,8.794750213623047,17.315250396728516,17.428916931152344,15.273333549499512,17.684541702270508,15.22137451171875,697.0,131.0,33.0,50.747310638427734,288.0,114.0,229.0,115.0,1967.0
Apis mellifera,-1.26139,36.952022,Kenya,2024-01-14T10:11,HUMAN_OBSERVATION,1,164.0,12.004520416259766,74.29115295410156,116.23384094238281,28.674999237060547,12.516249656677246,16.158748626708984,20.844541549682617,18.455917358398438,21.224332809448242,18.258459091186523,776.0,164.0,14.0,75.35821533203125,364.0,46.0,286.0,57.0,1584.0
Apis mellifera,-1.590413,35.235382,Kenya,2024-01-21T17:15,HUMAN_OBSERVATION,1,163.0,12.563416481018066,81.27189636230469,83.44486236572266,27.17424964904785,11.715749740600586,15.458499908447266,20.248750686645508,18.355249404907227,20.248750686645508,18.158916473388672,943.0,163.0,24.0,51.00016784667969,375.0,102.0,375.0,106.0,1667.0
Apis mellifera,0.442617,36.811877,Kenya,2024-01-28T09:31,HUMAN_OBSERVATION,1,139.0,14.984749794006348,81.4189453125,60.8829460144043,27.26650047302246,8.862000465393066,18.404499053955078,18.787874221801758,17.886083602905273,18.787874221801758,17.328125,739.0,139.0,19.0,55.13948059082031,290.0,83.0,290.0,166.0,1754.0
Apis mellifera,-0.025841,37.282575,Kenya,2024-02-26T15:22:50,HUMAN_OBSERVATION,1,255.0,10.909062385559082,75.35054016113281,80.20535278320312,17.30500030517578,2.8272500038146973,14.477750778198242,10.374208450317383,9.543167114257812,10.444292068481445,8.439833641052246,1510.0,255.0,47.0,52.02140808105469,564.0,220.0,446.0,244.0,3244.0
Apis mellifera,-1.333611,36.751667,Kenya,2024-02-20T10:19,HUMAN_OBSERVATION,1,191.0,11.984271049499512,72.64295196533203,127.05976867675781,28.277999877929688,11.780500411987305,16.497499465942383,20.282583236694336,17.86954116821289,20.80608367919922,17.616374969482422,858.0,191.0,18.0,76.34839630126953,418.0,58.0,313.0,69.0,1775.0
Apis mellifera,-1.209533,36.851368,Kenya,2024-03-08T15:33:10,HUMAN_OBSERVATION,1,164.0,12.004520416259766,74.29115295410156,116.23384094238281,28.674999237060547,12.516249656677246,16.158748626708984,20.844541549682617,18.455917358398438,21.224332809448242,18.258459091186523,776.0,164.0,14.0,75.35821533203125,364.0,46.0,286.0,57.0,1584.0
Apis mellifera,-1.236553,35.02472,Kenya,2024-03-04T12:09,HUMAN_OBSERVATION,1,181.0,12.770936965942383,82.11369323730469,76.74002838134766,27.322999954223633,11.77025032043457,15.552749633789062,19.93400001525879,18.417667388916016,20.263999938964844,18.352458953857422,1147.0,181.0,38.0,39.73972702026367,426.0,169.0,304.0,174.0,1642.0
Apis mellifera,-1.26711,36.820957,Kenya,2024-04-17T06:39,HUMAN_OBSERVATION,1,236.0,11.607208251953125,72.53372192382812,128.51402282714844,27.333999633789062,11.331500053405762,16.002498626708984,19.492958068847656,16.945125579833984,19.960832595825195,16.728166580200195,1008.0,236.0,23.0,78.98697662353516,504.0,75.0,376.0,86.0,1824.0
Apis mellifera,0.030616,37.105018,Kenya,2024-04-24T08:43,HUMAN_OBSERVATION,1,135.0,14.503562927246094,79.62646484375,61.01224899291992,25.8752498626709,7.660749912261963,18.214500427246094,17.117874145507812,16.297584533691406,17.157875061035156,15.710416793823242,794.0,135.0,21.0,54.64365768432617,296.0,95.0,216.0,155.0,1905.0
Apis mellifera,-1.333261,36.75065,Kenya,2024-05-29T14:37:11,HUMAN_OBSERVATION,1,236.0,11.607208251953125,72.53372192382812,128.51402282714844,27.333999633789062,11.331500053405762,16.002498626708984,19.492958068847656,16.945125579833984,19.960832595825195,16.728166580200195,1008.0,236.0,23.0,78.98697662353516,504.0,75.0,376.0,86.0,1824.0
Apis mellifera,-0.540516,37.078438,Kenya,2024-05-15T22:07:49,HUMAN_OBSERVATION,1,328.0,11.518333435058594,74.27589416503906,107.2162094116211,26.859249114990234,11.351750373840332,15.507498741149902,19.199291229248047,17.178333282470703,19.429750442504883,17.018165588378906,1353.0,328.0,36.0,86.77638244628906,675.0,120.0,464.0,125.0,1578.0
Apis mellifera,-2.386347,37.336642,Kenya,2024-05-13T08:27,HUMAN_OBSERVATION,1,138.0,11.7854585647583,70.66893768310547,145.13772583007812,30.6560001373291,13.979000091552734,16.677000045776367,22.432249069213867,19.92795753479004,23.286792755126953,19.678791046142578,641.0,138.0,2.0,88.02172088623047,281.0,11.0,254.0,16.0,1126.0
Apis mellifera,-1.283081,36.821653,Kenya,2024-06-11T16:08:15,HUMAN_OBSERVATION,1,236.0,11.607208251953125,72.53372192382812,128.51402282714844,27.333999633789062,11.331500053405762,16.002498626708984,19.492958068847656,16.945125579833984,19.960832595825195,16.728166580200195,1008.0,236.0,23.0,78.98697662353516,504.0,75.0,376.0,86.0,1824.0
Apis mellifera,-2.951763,39.79117,Kenya,2024-06-20T12:16:39,HUMAN_OBSERVATION,1,115.0,7.7876458168029785,66.54116821289062,125.10247039794922,31.31100082397461,19.607500076293945,11.703500747680664,25.491209030151367,26.32841682434082,26.538375854492188,23.4913330078125,784.0,115.0,15.0,50.190460205078125,282.0,101.0,171.0,137.0,178.0
Apis mellifera,-1.275272,36.813797,Kenya,2024-06-15T10:27:34,HUMAN_OBSERVATION,1,236.0,11.607208251953125,72.53372192382812,128.51402282714844,27.333999633789062,11.331500053405762,16.002498626708984,19.492958068847656,16.945125579833984,19.960832595825195,16.728166580200195,1008.0,236.0,23.0,78.98697662353516,504.0,75.0,376.0,86.0,1824.0
Apis mellifera,0.293858,36.90038,Kenya,2024-06-21T14:58:53,HUMAN_OBSERVATION,1,146.0,14.717937469482422,79.92906188964844,59.94913101196289,26.892000198364258,8.478249549865723,18.41374969482422,18.32295799255371,17.37120819091797,18.32295799255371,16.932209014892578,769.0,146.0,18.0,57.24130630493164,301.0,85.0,301.0,160.0,1741.0
Apis mellifera,0.256606,34.883988,Kenya,2024-07-30T16:40:11,HUMAN_OBSERVATION,1,253.0,11.785562515258789,82.00506591796875,77.54391479492188,26.774749755859375,12.402999877929688,14.371749877929688,19.07900047302246,19.914709091186523,20.183834075927734,18.288291931152344,1839.0,253.0,68.0,38.12214660644531,652.0,243.0,306.0,531.0,1680.0
Apis mellifera,-1.266978,36.821042,Kenya,2024-08-17T12:18:41,HUMAN_OBSERVATION,1,236.0,11.607208251953125,72.53372192382812,128.51402282714844,27.333999633789062,11.331500053405762,16.002498626708984,19.492958068847656,16.945125579833984,19.960832595825195,16.728166580200195,1008.0,236.0,23.0,78.98697662353516,504.0,75.0,376.0,86.0,1824.0
Apis mellifera,-1.223579,36.896538,Kenya,2024-08-08T13:53,HUMAN_OBSERVATION,1,164.0,12.004520416259766,74.29115295410156,116.23384094238281,28.674999237060547,12.516249656677246,16.158748626708984,20.844541549682617,18.455917358398438,21.224332809448242,18.258459091186523,776.0,164.0,14.0,75.35821533203125,364.0,46.0,286.0,57.0,1584.0
Apis mellifera,-0.788315,36.422054,Kenya,2024-08-11T15:25,HUMAN_OBSERVATION,1,131.0,13.560521125793457,78.31547546386719,98.50428771972656,26.110000610351562,8.794750213623047,17.315250396728516,17.428916931152344,15.273333549499512,17.684541702270508,15.22137451171875,697.0,131.0,33.0,50.747310638427734,288.0,114.0,229.0,115.0,1967.0
Apis mellifera,-1.619337,35.299959,Kenya,2024-08-23T18:30:24,HUMAN_OBSERVATION,1,163.0,12.563416481018066,81.27189636230469,83.44486236572266,27.17424964904785,11.715749740600586,15.458499908447266,20.248750686645508,18.355249404907227,20.248750686645508,18.158916473388672,943.0,163.0,24.0,51.00016784667969,375.0,102.0,375.0,106.0,1667.0
Apis mellifera,-1.300888,36.791313,Kenya,2024-09-17T11:43:41,HUMAN_OBSERVATION,1,236.0,11.607208251953125,72.53372192382812,128.51402282714844,27.333999633789062,11.331500053405762,16.002498626708984,19.492958068847656,16.945125579833984,19.960832595825195,16.728166580200195,1008.0,236.0,23.0,78.98697662353516,504.0,75.0,376.0,86.0,1824.0
Apis mellifera,-1.34126,36.766792,Kenya,2024-09-23T16:18:18,HUMAN_OBSERVATION,1,191.0,11.984271049499512,72.64295196533203,127.05976867675781,28.277999877929688,11.780500411987305,16.497499465942383,20.282583236694336,17.86954116821289,20.80608367919922,17.616374969482422,858.0,191.0,18.0,76.34839630126953,418.0,58.0,313.0,69.0,1775.0
Apis mellifera,-1.250717,36.663151,Kenya,2024-09-21T09:59:01,HUMAN_OBSERVATION,1,198.0,12.546333312988281,73.52192687988281,135.96188354492188,28.080249786376953,11.01550006866455,17.06475067138672,19.422958374023438,16.969999313354492,20.062292098999023,16.683082580566406,881.0,198.0,19.0,74.45468139648438,435.0,68.0,187.0,78.0,1887.0
Apis mellifera,-1.393714,36.745753,Kenya,2024-09-20T14:20:52,HUMAN_OBSERVATION,1,191.0,11.984271049499512,72.64295196533203,127.05976867675781,28.277999877929688,11.780500411987305,16.497499465942383,20.282583236694336,17.86954116821289,20.80608367919922,17.616374969482422,858.0,191.0,18.0,76.34839630126953,418.0,58.0,313.0,69.0,1775.0
Apis mellifera,0.257555,37.547653,Kenya,2024-09-24T07:43:36,HUMAN_OBSERVATION,1,279.0,13.237333297729492,82.58622741699219,78.48197937011719,29.640249252319336,13.611749649047852,16.028499603271484,20.765750885009766,20.126998901367188,21.844999313354492,20.126998901367188,1084.0,279.0,6.0,100.69566345214844,570.0,23.0,353.0,23.0,1407.0
Apis mellifera,-1.392459,36.747774,Kenya,2024-09-20T14:20:23,HUMAN_OBSERVATION,1,191.0,11.984271049499512,72.64295196533203,127.05976867675781,28.277999877929688,11.780500411987305,16.497499465942383,20.282583236694336,17.86954116821289,20.80608367919922,17.616374969482422,858.0,191.0,18.0,76.34839630126953,418.0,58.0,313.0,69.0,1775.0
Apis mellifera,0.256847,37.54798,Kenya,2024-09-26T15:48:36,HUMAN_OBSERVATION,1,279.0,13.237333297729492,82.58622741699219,78.48197937011719,29.640249252319336,13.611749649047852,16.028499603271484,20.765750885009766,20.126998901367188,21.844999313354492,20.126998901367188,1084.0,279.0,6.0,100.69566345214844,570.0,23.0,353.0,23.0,1407.0
Apis mellifera,-1.437135,36.932253,Kenya,2024-09-22T11:35:18,HUMAN_OBSERVATION,1,144.0,12.275479316711426,73.48716735839844,122.2987289428711,28.831249237060547,12.126999855041504,16.70425033569336,20.777374267578125,18.376874923706055,21.258499145507812,18.143667221069336,649.0,144.0,9.0,77.1600341796875,306.0,33.0,252.0,40.0,1590.0
Apis mellifera,-1.411914,36.889186,Kenya,2024-09-22T12:16:28,HUMAN_OBSERVATION,1,144.0,12.275479316711426,73.48716735839844,122.2987289428711,28.831249237060547,12.126999855041504,16.70425033569336,20.777374267578125,18.376874923706055,21.258499145507812,18.143667221069336,649.0,144.0,9.0,77.1600341796875,306.0,33.0,252.0,40.0,1590.0
Apis mellifera,-1.24409,36.819099,Kenya,2024-10-05T11:10,HUMAN_OBSERVATION,1,236.0,11.607208251953125,72.53372192382812,128.51402282714844,27.333999633789062,11.331500053405762,16.002498626708984,19.492958068847656,16.945125579833984,19.960832595825195,16.728166580200195,1008.0,236.0,23.0,78.98697662353516,504.0,75.0,376.0,86.0,1824.0
Apis mellifera,-1.223577,36.90006,Kenya,2024-10-18T07:48:26,HUMAN_OBSERVATION,1,164.0,12.004520416259766,74.29115295410156,116.23384094238281,28.674999237060547,12.516249656677246,16.158748626708984,20.844541549682617,18.455917358398438,21.224332809448242,18.258459091186523,776.0,164.0,14.0,75.35821533203125,364.0,46.0,286.0,57.0,1584.0
Apis mellifera,-2.813935,37.41114,Kenya,2024-10-20T09:07,HUMAN_OBSERVATION,1,180.0,12.787500381469727,72.18968200683594,151.69879150390625,30.642000198364258,12.928250312805176,17.713748931884766,21.96095848083496,19.25987434387207,22.77775001525879,19.014541625976562,821.0,180.0,10.0,80.63123321533203,374.0,33.0,208.0,44.0,1254.0
Apis mellifera,-1.198172,36.855134,Kenya,2024-11-02T11:10,HUMAN_OBSERVATION,1,164.0,12.004520416259766,74.29115295410156,116.23384094238281,28.674999237060547,12.516249656677246,16.158748626708984,20.844541549682617,18.455917358398438,21.224332809448242,18.258459091186523,776.0,164.0,14.0,75.35821533203125,364.0,46.0,286.0,57.0,1584.0
Apis mellifera,-1.29714,36.807762,Kenya,2024-11-15T14:59:31,HUMAN_OBSERVATION,1,236.0,11.607208251953125,72.53372192382812,128.51402282714844,27.333999633789062,11.331500053405762,16.002498626708984,19.492958068847656,16.945125579833984,19.960832595825195,16.728166580200195,1008.0,236.0,23.0,78.98697662353516,504.0,75.0,376.0,86.0,1824.0
Apis mellifera,-1.242696,36.823943,Kenya,2024-12-14T10:07,HUMAN_OBSERVATION,1,236.0,11.607208251953125,72.53372192382812,128.51402282714844,27.333999633789062,11.331500053405762,16.002498626708984,19.492958068847656,16.945125579833984,19.960832595825195,16.728166580200195,1008.0,236.0,23.0,78.98697662353516,504.0,75.0,376.0,86.0,1824.0
Apis mellifera,-1.267138,36.82109,Kenya,2024-12-15T11:28,HUMAN_OBSERVATION,1,236.0,11.607208251953125,72.53372192382812,128.51402282714844,27.333999633789062,11.331500053405762,16.002498626708984,19.492958068847656,16.945125579833984,19.960832595825195,16.728166580200195,1008.0,236.0,23.0,78.98697662353516,504.0,75.0,376.0,86.0,1824.0
Apis mellifera,-1.223527,36.896695,Kenya,2024-12-19T13:25,HUMAN_OBSERVATION,1,164.0,12.004520416259766,74.29115295410156,116.23384094238281,28.674999237060547,12.516249656677246,16.158748626708984,20.844541549682617,18.455917358398438,21.224332809448242,18.258459091186523,776.0,164.0,14.0,75.35821533203125,364.0,46.0,286.0,57.0,1584.0
Apis mellifera,0.079355,34.487107,Kenya,2024-12-14T10:43:34,HUMAN_OBSERVATION,1,274.0,11.865479469299316,83.01311492919922,66.6769790649414,29.198749542236328,14.90524959564209,14.293499946594238,21.943042755126953,22.200332641601562,22.434165954589844,20.746292114257812,1770.0,274.0,59.0,41.53056716918945,680.0,259.0,302.0,389.0,1343.0
Apis mellifera,-1.18156,36.953033,Kenya,2024-12-02T10:34:53,HUMAN_OBSERVATION,1,164.0,12.004520416259766,74.29115295410156,116.23384094238281,28.674999237060547,12.516249656677246,16.158748626708984,20.844541549682617,18.455917358398438,21.224332809448242,18.258459091186523,776.0,164.0,14.0,75.35821533203125,364.0,46.0,286.0,57.0,1584.0
Apis mellifera,-0.791694,36.417091,Kenya,2024-12-19T10:04,HUMAN_OBSERVATION,1,131.0,13.560521125793457,78.31547546386719,98.50428771972656,26.110000610351562,8.794750213623047,17.315250396728516,17.428916931152344,15.273333549499512,17.684541702270508,15.22137451171875,697.0,131.0,33.0,50.747310638427734,288.0,114.0,229.0,115.0,1967.0
Apis mellifera,-0.10372,37.251282,Kenya,2023-01-07T17:05,HUMAN_OBSERVATION,1,255.0,10.909062385559082,75.35054016113281,80.20535278320312,17.30500030517578,2.8272500038146973,14.477750778198242,10.374208450317383,9.543167114257812,10.444292068481445,8.439833641052246,1510.0,255.0,47.0,52.02140808105469,564.0,220.0,446.0,244.0,3244.0
Apis mellifera,-4.35609,39.557552,Kenya,2023-01-06,HUMAN_OBSERVATION,1,,,,,,,,,,,,,,,,,,,,
Apis mellifera,-1.26478,36.786823,Kenya,2023-03-08T01:06,HUMAN_OBSERVATION,1,236.0,11.607208251953125,72.53372192382812,128.51402282714844,27.333999633789062,11.331500053405762,16.002498626708984,19.492958068847656,16.945125579833984,19.960832595825195,16.728166580200195,1008.0,236.0,23.0,78.98697662353516,504.0,75.0,376.0,86.0,1824.0
Apis mellifera,-1.224201,36.896652,Kenya,2023-03-09T17:45,HUMAN_OBSERVATION,1,164.0,12.004520416259766,74.29115295410156,116.23384094238281,28.674999237060547,12.516249656677246,16.158748626708984,20.844541549682617,18.455917358398438,21.224332809448242,18.258459091186523,776.0,164.0,14.0,75.35821533203125,364.0,46.0,286.0,57.0,1584.0
Apis mellifera,-1.267143,36.821002,Kenya,2023-03-11T08:33,HUMAN_OBSERVATION,1,236.0,11.607208251953125,72.53372192382812,128.51402282714844,27.333999633789062,11.331500053405762,16.002498626708984,19.492958068847656,16.945125579833984,19.960832595825195,16.728166580200195,1008.0,236.0,23.0,78.98697662353516,504.0,75.0,376.0,86.0,1824.0
Apis mellifera,-2.79875,37.530262,Kenya,2023-03-23T10:17:52,HUMAN_OBSERVATION,1,172.0,12.670062065124512,71.39069366455078,154.1061553955078,30.984498977661133,13.237000465393066,17.74749755859375,22.260583877563477,19.47308349609375,23.076250076293945,19.25583267211914,797.0,172.0,8.0,85.12400817871094,345.0,25.0,204.0,34.0,1213.0
Apis mellifera,-0.508936,37.454077,Kenya,2023-03-27T18:01,HUMAN_OBSERVATION,1,268.0,11.61818790435791,76.65608215332031,99.48599243164062,28.62150001525879,13.465250015258789,15.15625,21.398082733154297,19.207292556762695,21.508790969848633,19.207292556762695,1085.0,268.0,14.0,94.24626159667969,510.0,52.0,396.0,52.0,1271.0
Apis mellifera,-0.51301,37.45506,Kenya,2023-03-14T11:26,HUMAN_OBSERVATION,1,268.0,11.61818790435791,76.65608215332031,99.48599243164062,28.62150001525879,13.465250015258789,15.15625,21.398082733154297,19.207292556762695,21.508790969848633,19.207292556762695,1085.0,268.0,14.0,94.24626159667969,510.0,52.0,396.0,52.0,1271.0
Apis mellifera,-0.51301,37.45506,Kenya,2023-03-14T11:52,HUMAN_OBSERVATION,1,268.0,11.61818790435791,76.65608215332031,99.48599243164062,28.62150001525879,13.465250015258789,15.15625,21.398082733154297,19.207292556762695,21.508790969848633,19.207292556762695,1085.0,268.0,14.0,94.24626159667969,510.0,52.0,396.0,52.0,1271.0
Apis mellifera,-0.508936,37.454077,Kenya,2023-03-27T18:01,HUMAN_OBSERVATION,1,268.0,11.61818790435791,76.65608215332031,99.48599243164062,28.62150001525879,13.465250015258789,15.15625,21.398082733154297,19.207292556762695,21.508790969848633,19.207292556762695,1085.0,268.0,14.0,94.24626159667969,510.0,52.0,396.0,52.0,1271.0
Apis mellifera,-1.224507,36.896679,Kenya,2023-04-25T17:47,HUMAN_OBSERVATION,1,164.0,12.004520416259766,74.29115295410156,116.23384094238281,28.674999237060547,12.516249656677246,16.158748626708984,20.844541549682617,18.455917358398438,21.224332809448242,18.258459091186523,776.0,164.0,14.0,75.35821533203125,364.0,46.0,286.0,57.0,1584.0
Apis mellifera,-1.239567,36.818961,Kenya,2023-04-23T13:30,HUMAN_OBSERVATION,1,236.0,11.607208251953125,72.53372192382812,128.51402282714844,27.333999633789062,11.331500053405762,16.002498626708984,19.492958068847656,16.945125579833984,19.960832595825195,16.728166580200195,1008.0,236.0,23.0,78.98697662353516,504.0,75.0,376.0,86.0,1824.0
Apis mellifera,-0.47433,37.71759,Kenya,2023-04-12T09:48,HUMAN_OBSERVATION,1,231.0,11.134604454040527,75.7752456665039,110.81858825683594,29.443500518798828,14.749250411987305,14.694250106811523,22.129457473754883,20.089916229248047,22.8055419921875,20.089916229248047,921.0,231.0,4.0,105.70143127441406,438.0,18.0,351.0,18.0,996.0
Apis mellifera,-0.47433,37.71759,Kenya,2023-04-12T09:38,HUMAN_OBSERVATION,1,231.0,11.134604454040527,75.7752456665039,110.81858825683594,29.443500518798828,14.749250411987305,14.694250106811523,22.129457473754883,20.089916229248047,22.8055419921875,20.089916229248047,921.0,231.0,4.0,105.70143127441406,438.0,18.0,351.0,18.0,996.0
Apis mellifera,-0.47433,37.71759,Kenya,2023-04-12T09:38,HUMAN_OBSERVATION,1,231.0,11.134604454040527,75.7752456665039,110.81858825683594,29.443500518798828,14.749250411987305,14.694250106811523,22.129457473754883,20.089916229248047,22.8055419921875,20.089916229248047,921.0,231.0,4.0,105.70143127441406,438.0,18.0,351.0,18.0,996.0
Apis mellifera,-0.347803,37.482394,Kenya,2023-04-27T11:34,HUMAN_OBSERVATION,1,365.0,11.000332832336426,76.73892211914062,96.69783020019531,25.263500213623047,10.928750038146973,14.334750175476074,18.33941650390625,17.570209503173828,18.50545883178711,16.187000274658203,1720.0,365.0,42.0,79.32968139648438,791.0,182.0,525.0,213.0,1758.0
Apis mellifera,-0.347803,37.482394,Kenya,2023-04-21T11:23,HUMAN_OBSERVATION,1,365.0,11.000332832336426,76.73892211914062,96.69783020019531,25.263500213623047,10.928750038146973,14.334750175476074,18.33941650390625,17.570209503173828,18.50545883178711,16.187000274658203,1720.0,365.0,42.0,79.32968139648438,791.0,182.0,525.0,213.0,1758.0
Apis mellifera,-0.471909,37.913347,Kenya,2023-04-24T10:04,HUMAN_OBSERVATION,1,172.0,11.010375022888184,73.93855285644531,120.88125610351562,31.02025032043457,16.128999710083008,14.891250610351562,23.84516716003418,21.595874786376953,24.58733367919922,21.595874786376953,610.0,172.0,0.0,118.81896209716797,314.0,2.0,243.0,2.0,675.0
Apis mellifera,-0.47433,37.71759,Kenya,2023-04-20T10:07,HUMAN_OBSERVATION,1,231.0,11.134604454040527,75.7752456665039,110.81858825683594,29.443500518798828,14.749250411987305,14.694250106811523,22.129457473754883,20.089916229248047,22.8055419921875,20.089916229248047,921.0,231.0,4.0,105.70143127441406,438.0,18.0,351.0,18.0,996.0
Apis mellifera,-0.347803,37.482394,Kenya,2023-04-21T11:13,HUMAN_OBSERVATION,1,365.0,11.000332832336426,76.73892211914062,96.69783020019531,25.263500213623047,10.928750038146973,14.334750175476074,18.33941650390625,17.570209503173828,18.50545883178711,16.187000274658203,1720.0,365.0,42.0,79.32968139648438,791.0,182.0,525.0,213.0,1758.0
Apis mellifera,-0.471909,37.913347,Kenya,2023-04-24T09:52,HUMAN_OBSERVATION,1,172.0,11.010375022888184,73.93855285644531,120.88125610351562,31.02025032043457,16.128999710083008,14.891250610351562,23.84516716003418,21.595874786376953,24.58733367919922,21.595874786376953,610.0,172.0,0.0,118.81896209716797,314.0,2.0,243.0,2.0,675.0
Apis mellifera,-0.47433,37.71759,Kenya,2023-04-12T09:57,HUMAN_OBSERVATION,1,231.0,11.134604454040527,75.7752456665039,110.81858825683594,29.443500518798828,14.749250411987305,14.694250106811523,22.129457473754883,20.089916229248047,22.8055419921875,20.089916229248047,921.0,231.0,4.0,105.70143127441406,438.0,18.0,351.0,18.0,996.0
Apis mellifera,-0.471909,37.913347,Kenya,2023-04-24T10:04,HUMAN_OBSERVATION,1,172.0,11.010375022888184,73.93855285644531,120.88125610351562,31.02025032043457,16.128999710083008,14.891250610351562,23.84516716003418,21.595874786376953,24.58733367919922,21.595874786376953,610.0,172.0,0.0,118.81896209716797,314.0,2.0,243.0,2.0,675.0
Apis mellifera,-0.47433,37.71759,Kenya,2023-04-20T10:07,HUMAN_OBSERVATION,1,231.0,11.134604454040527,75.7752456665039,110.81858825683594,29.443500518798828,14.749250411987305,14.694250106811523,22.129457473754883,20.089916229248047,22.8055419921875,20.089916229248047,921.0,231.0,4.0,105.70143127441406,438.0,18.0,351.0,18.0,996.0
Apis mellifera,-0.471909,37.913347,Kenya,2023-04-24T10:04,HUMAN_OBSERVATION,1,172.0,11.010375022888184,73.93855285644531,120.88125610351562,31.02025032043457,16.128999710083008,14.891250610351562,23.84516716003418,21.595874786376953,24.58733367919922,21.595874786376953,610.0,172.0,0.0,118.81896209716797,314.0,2.0,243.0,2.0,675.0
Apis mellifera,-0.347803,37.482394,Kenya,2023-04-21T11:44,HUMAN_OBSERVATION,1,365.0,11.000332832336426,76.73892211914062,96.69783020019531,25.263500213623047,10.928750038146973,14.334750175476074,18.33941650390625,17.570209503173828,18.50545883178711,16.187000274658203,1720.0,365.0,42.0,79.32968139648438,791.0,182.0,525.0,213.0,1758.0
Apis mellifera,-0.47433,37.71759,Kenya,2023-04-20T10:07,HUMAN_OBSERVATION,1,231.0,11.134604454040527,75.7752456665039,110.81858825683594,29.443500518798828,14.749250411987305,14.694250106811523,22.129457473754883,20.089916229248047,22.8055419921875,20.089916229248047,921.0,231.0,4.0,105.70143127441406,438.0,18.0,351.0,18.0,996.0
Apis mellifera,-0.471909,37.913347,Kenya,2023-04-24T10:04,HUMAN_OBSERVATION,1,172.0,11.010375022888184,73.93855285644531,120.88125610351562,31.02025032043457,16.128999710083008,14.891250610351562,23.84516716003418,21.595874786376953,24.58733367919922,21.595874786376953,610.0,172.0,0.0,118.81896209716797,314.0,2.0,243.0,2.0,675.0
Apis mellifera,-1.263189,36.829211,Kenya,2023-05-08T04:07,HUMAN_OBSERVATION,1,236.0,11.607208251953125,72.53372192382812,128.51402282714844,27.333999633789062,11.331500053405762,16.002498626708984,19.492958068847656,16.945125579833984,19.960832595825195,16.728166580200195,1008.0,236.0,23.0,78.98697662353516,504.0,75.0,376.0,86.0,1824.0
Apis mellifera,0.399085,36.024562,Kenya,2023-05-18T11:00,HUMAN_OBSERVATION,1,99.0,14.576541900634766,85.94405364990234,63.26142501831055,32.069000244140625,15.108499526977539,16.960500717163086,24.003833770751953,23.38374900817871,24.113332748413086,22.551916122436523,721.0,99.0,27.0,42.76728820800781,251.0,92.0,182.0,228.0,1124.0
Apis mellifera,-1.260184,36.807647,Kenya,2023-05-28T12:03,HUMAN_OBSERVATION,1,236.0,11.607208251953125,72.53372192382812,128.51402282714844,27.333999633789062,11.331500053405762,16.002498626708984,19.492958068847656,16.945125579833984,19.960832595825195,16.728166580200195,1008.0,236.0,23.0,78.98697662353516,504.0,75.0,376.0,86.0,1824.0
Apis mellifera,-0.482883,36.730278,Kenya,2023-05-18T19:04:20,HUMAN_OBSERVATION,1,218.0,11.228208541870117,79.2966537475586,80.41166687011719,19.067750930786133,4.9079999923706055,14.159750938415527,12.478958129882812,11.677291870117188,12.491708755493164,10.533791542053223,1402.0,218.0,45.0,45.34027862548828,530.0,204.0,407.0,264.0,2778.0
Apis mellifera,-0.820418,36.377323,Kenya,2023-05-25T15:30:24,HUMAN_OBSERVATION,1,131.0,13.560521125793457,78.31547546386719,98.50428771972656,26.110000610351562,8.794750213623047,17.315250396728516,17.428916931152344,15.273333549499512,17.684541702270508,15.22137451171875,697.0,131.0,33.0,50.747310638427734,288.0,114.0,229.0,115.0,1967.0
Apis mellifera,-0.053297,37.291232,Kenya,2023-05-17T11:21,HUMAN_OBSERVATION,1,255.0,10.909062385559082,75.35054016113281,80.20535278320312,17.30500030517578,2.8272500038146973,14.477750778198242,10.374208450317383,9.543167114257812,10.444292068481445,8.439833641052246,1510.0,255.0,47.0,52.02140808105469,564.0,220.0,446.0,244.0,3244.0
Apis mellifera,-0.053297,37.291232,Kenya,2023-05-17T12:06,HUMAN_OBSERVATION,1,255.0,10.909062385559082,75.35054016113281,80.20535278320312,17.30500030517578,2.8272500038146973,14.477750778198242,10.374208450317383,9.543167114257812,10.444292068481445,8.439833641052246,1510.0,255.0,47.0,52.02140808105469,564.0,220.0,446.0,244.0,3244.0
Apis mellifera,-0.049211,37.286747,Kenya,2023-05-15T10:22,HUMAN_OBSERVATION,1,255.0,10.909062385559082,75.35054016113281,80.20535278320312,17.30500030517578,2.8272500038146973,14.477750778198242,10.374208450317383,9.543167114257812,10.444292068481445,8.439833641052246,1510.0,255.0,47.0,52.02140808105469,564.0,220.0,446.0,244.0,3244.0
Apis mellifera,-0.053297,37.291232,Kenya,2023-05-17T12:06,HUMAN_OBSERVATION,1,255.0,10.909062385559082,75.35054016113281,80.20535278320312,17.30500030517578,2.8272500038146973,14.477750778198242,10.374208450317383,9.543167114257812,10.444292068481445,8.439833641052246,1510.0,255.0,47.0,52.02140808105469,564.0,220.0,446.0,244.0,3244.0
Apis mellifera,-0.053297,37.291232,Kenya,2023-05-17T12:06,HUMAN_OBSERVATION,1,255.0,10.909062385559082,75.35054016113281,80.20535278320312,17.30500030517578,2.8272500038146973,14.477750778198242,10.374208450317383,9.543167114257812,10.444292068481445,8.439833641052246,1510.0,255.0,47.0,52.02140808105469,564.0,220.0,446.0,244.0,3244.0
Apis mellifera,-0.053297,37.291232,Kenya,2023-05-17T11:21,HUMAN_OBSERVATION,1,255.0,10.909062385559082,75.35054016113281,80.20535278320312,17.30500030517578,2.8272500038146973,14.477750778198242,10.374208450317383,9.543167114257812,10.444292068481445,8.439833641052246,1510.0,255.0,47.0,52.02140808105469,564.0,220.0,446.0,244.0,3244.0
Apis mellifera,-0.049211,37.286747,Kenya,2023-05-15T11:54,HUMAN_OBSERVATION,1,255.0,10.909062385559082,75.35054016113281,80.20535278320312,17.30500030517578,2.8272500038146973,14.477750778198242,10.374208450317383,9.543167114257812,10.444292068481445,8.439833641052246,1510.0,255.0,47.0,52.02140808105469,564.0,220.0,446.0,244.0,3244.0
Apis mellifera,-0.049211,37.286747,Kenya,2023-05-15T10:49,HUMAN_OBSERVATION,1,255.0,10.909062385559082,75.35054016113281,80.20535278320312,17.30500030517578,2.8272500038146973,14.477750778198242,10.374208450317383,9.543167114257812,10.444292068481445,8.439833641052246,1510.0,255.0,47.0,52.02140808105469,564.0,220.0,446.0,244.0,3244.0
Apis mellifera,-0.049211,37.286747,Kenya,2023-05-15T10:49,HUMAN_OBSERVATION,1,255.0,10.909062385559082,75.35054016113281,80.20535278320312,17.30500030517578,2.8272500038146973,14.477750778198242,10.374208450317383,9.543167114257812,10.444292068481445,8.439833641052246,1510.0,255.0,47.0,52.02140808105469,564.0,220.0,446.0,244.0,3244.0
Apis mellifera,-0.053297,37.291232,Kenya,2023-05-17T12:06,HUMAN_OBSERVATION,1,255.0,10.909062385559082,75.35054016113281,80.20535278320312,17.30500030517578,2.8272500038146973,14.477750778198242,10.374208450317383,9.543167114257812,10.444292068481445,8.439833641052246,1510.0,255.0,47.0,52.02140808105469,564.0,220.0,446.0,244.0,3244.0
Apis mellifera,-0.053297,37.291232,Kenya,2023-05-17T12:06,HUMAN_OBSERVATION,1,255.0,10.909062385559082,75.35054016113281,80.20535278320312,17.30500030517578,2.8272500038146973,14.477750778198242,10.374208450317383,9.543167114257812,10.444292068481445,8.439833641052246,1510.0,255.0,47.0,52.02140808105469,564.0,220.0,446.0,244.0,3244.0
Apis mellifera,-0.053297,37.291232,Kenya,2023-05-17T11:21,HUMAN_OBSERVATION,1,255.0,10.909062385559082,75.35054016113281,80.20535278320312,17.30500030517578,2.8272500038146973,14.477750778198242,10.374208450317383,9.543167114257812,10.444292068481445,8.439833641052246,1510.0,255.0,47.0,52.02140808105469,564.0,220.0,446.0,244.0,3244.0
Apis mellifera,-0.053297,37.291232,Kenya,2023-05-17T11:21,HUMAN_OBSERVATION,1,255.0,10.909062385559082,75.35054016113281,80.20535278320312,17.30500030517578,2.8272500038146973,14.477750778198242,10.374208450317383,9.543167114257812,10.444292068481445,8.439833641052246,1510.0,255.0,47.0,52.02140808105469,564.0,220.0,446.0,244.0,3244.0
Apis mellifera,-0.053297,37.291232,Kenya,2023-05-17T12:06,HUMAN_OBSERVATION,1,255.0,10.909062385559082,75.35054016113281,80.20535278320312,17.30500030517578,2.8272500038146973,14.477750778198242,10.374208450317383,9.543167114257812,10.444292068481445,8.439833641052246,1510.0,255.0,47.0,52.02140808105469,564.0,220.0,446.0,244.0,3244.0
Apis mellifera,-1.256433,36.816623,Kenya,2023-06-04T08:30,HUMAN_OBSERVATION,1,236.0,11.607208251953125,72.53372192382812,128.51402282714844,27.333999633789062,11.331500053405762,16.002498626708984,19.492958068847656,16.945125579833984,19.960832595825195,16.728166580200195,1008.0,236.0,23.0,78.98697662353516,504.0,75.0,376.0,86.0,1824.0
Apis mellifera,-2.705082,37.266045,Kenya,2023-06-08T13:25:07,HUMAN_OBSERVATION,1,172.0,12.689020156860352,72.17154693603516,151.20614624023438,30.563749313354492,12.982000350952148,17.581748962402344,21.917667388916016,19.259666442871094,22.751375198364258,18.99970817565918,759.0,172.0,9.0,80.6670913696289,359.0,28.0,194.0,38.0,1234.0
Apis mellifera,-1.26712,36.820926,Kenya,2023-06-18T09:21,HUMAN_OBSERVATION,1,236.0,11.607208251953125,72.53372192382812,128.51402282714844,27.333999633789062,11.331500053405762,16.002498626708984,19.492958068847656,16.945125579833984,19.960832595825195,16.728166580200195,1008.0,236.0,23.0,78.98697662353516,504.0,75.0,376.0,86.0,1824.0
Apis mellifera,-0.11468,34.74753,Kenya,2023-06-19T12:16:09,HUMAN_OBSERVATION,1,226.0,11.971603393554688,83.73068237304688,70.60234832763672,29.833999633789062,15.536250114440918,14.297749519348145,22.61487579345703,23.058542251586914,23.24650001525879,21.451583862304688,1427.0,226.0,64.0,38.2038459777832,558.0,254.0,307.0,286.0,1230.0
Apis mellifera,-3.3733,38.341,Kenya,2023-06-09T15:22,HUMAN_OBSERVATION,1,161.0,9.89645767211914,67.58837127685547,157.33180236816406,29.08099937438965,14.438750267028809,14.64224910736084,22.25545883178711,19.30145835876465,23.089374542236328,19.30145835876465,898.0,161.0,14.0,74.88529968261719,364.0,55.0,211.0,55.0,1015.0
Apis mellifera,-3.3733,38.341,Kenya,2023-06-09T15:22,HUMAN_OBSERVATION,1,161.0,9.89645767211914,67.58837127685547,157.33180236816406,29.08099937438965,14.438750267028809,14.64224910736084,22.25545883178711,19.30145835876465,23.089374542236328,19.30145835876465,898.0,161.0,14.0,74.88529968261719,364.0,55.0,211.0,55.0,1015.0
Apis mellifera,-1.21594,36.974845,Kenya,2023-06-16T13:02,HUMAN_OBSERVATION,1,164.0,12.004520416259766,74.29115295410156,116.23384094238281,28.674999237060547,12.516249656677246,16.158748626708984,20.844541549682617,18.455917358398438,21.224332809448242,18.258459091186523,776.0,164.0,14.0,75.35821533203125,364.0,46.0,286.0,57.0,1584.0
Apis mellifera,-0.48686,36.709454,Kenya,2023-06-10T10:41:48,HUMAN_OBSERVATION,1,218.0,11.228208541870117,79.2966537475586,80.41166687011719,19.067750930786133,4.9079999923706055,14.159750938415527,12.478958129882812,11.677291870117188,12.491708755493164,10.533791542053223,1402.0,218.0,45.0,45.34027862548828,530.0,204.0,407.0,264.0,2778.0
Apis mellifera,-1.229645,36.804878,Kenya,2023-07-06T13:09:55,HUMAN_OBSERVATION,1,236.0,11.607208251953125,72.53372192382812,128.51402282714844,27.333999633789062,11.331500053405762,16.002498626708984,19.492958068847656,16.945125579833984,19.960832595825195,16.728166580200195,1008.0,236.0,23.0,78.98697662353516,504.0,75.0,376.0,86.0,1824.0
Apis mellifera,-0.594159,36.399248,Kenya,2023-07-12T12:42:59,HUMAN_OBSERVATION,1,121.0,14.478708267211914,78.34587097167969,87.54300689697266,25.702499389648438,7.2220001220703125,18.480499267578125,16.524625778198242,16.125917434692383,16.731332778930664,14.510624885559082,728.0,121.0,31.0,41.50690841674805,274.0,118.0,216.0,154.0,2117.0
Apis mellifera,-0.645765,36.200681,Kenya,2023-07-27T08:52:31,HUMAN_OBSERVATION,1,121.0,14.38656234741211,79.70394897460938,83.47124481201172,25.74774932861328,7.697750091552734,18.049999237060547,16.753915786743164,16.369916915893555,16.94729232788086,14.850250244140625,718.0,121.0,28.0,40.67127990722656,265.0,109.0,212.0,173.0,2110.0
Apis mellifera,-1.328843,36.767327,Kenya,2023-07-25T13:13,HUMAN_OBSERVATION,1,236.0,11.607208251953125,72.53372192382812,128.51402282714844,27.333999633789062,11.331500053405762,16.002498626708984,19.492958068847656,16.945125579833984,19.960832595825195,16.728166580200195,1008.0,236.0,23.0,78.98697662353516,504.0,75.0,376.0,86.0,1824.0
Apis mellifera,1.331154,37.219491,Kenya,2023-07-22T09:06:09,HUMAN_OBSERVATION,1,180.0,11.052145957946777,80.4611587524414,74.71977996826172,25.613250732421875,11.877249717712402,13.736001014709473,19.438249588012695,17.664207458496094,19.472291946411133,17.65887451171875,731.0,180.0,11.0,87.93280792236328,350.0,40.0,288.0,44.0,1579.0
Apis mellifera,-0.491381,34.032989,Kenya,2023-08-10T15:32:13,HUMAN_OBSERVATION,1,179.0,9.221541404724121,83.84554290771484,60.53780746459961,27.980249404907227,16.98200035095215,10.998249053955078,22.704626083374023,21.56658363342285,23.08529281616211,21.56658363342285,989.0,179.0,37.0,54.36091232299805,428.0,120.0,227.0,120.0,1158.0
Apis mellifera,-1.390444,36.7755,Kenya,2023-08-29T10:53:09,HUMAN_OBSERVATION,1,191.0,11.984271049499512,72.64295196533203,127.05976867675781,28.277999877929688,11.780500411987305,16.497499465942383,20.282583236694336,17.86954116821289,20.80608367919922,17.616374969482422,858.0,191.0,18.0,76.34839630126953,418.0,58.0,313.0,69.0,1775.0
Apis mellifera,-0.491434,34.03308,Kenya,2023-08-10T14:01:44,HUMAN_OBSERVATION,1,179.0,9.221541404724121,83.84554290771484,60.53780746459961,27.980249404907227,16.98200035095215,10.998249053955078,22.704626083374023,21.56658363342285,23.08529281616211,21.56658363342285,989.0,179.0,37.0,54.36091232299805,428.0,120.0,227.0,120.0,1158.0
Apis mellifera,-1.222272,36.896911,Kenya,2023-09-05T14:03,HUMAN_OBSERVATION,1,164.0,12.004520416259766,74.29115295410156,116.23384094238281,28.674999237060547,12.516249656677246,16.158748626708984,20.844541549682617,18.455917358398438,21.224332809448242,18.258459091186523,776.0,164.0,14.0,75.35821533203125,364.0,46.0,286.0,57.0,1584.0
Apis mellifera,-1.222301,36.896887,Kenya,2023-09-09T11:57,HUMAN_OBSERVATION,1,164.0,12.004520416259766,74.29115295410156,116.23384094238281,28.674999237060547,12.516249656677246,16.158748626708984,20.844541549682617,18.455917358398438,21.224332809448242,18.258459091186523,776.0,164.0,14.0,75.35821533203125,364.0,46.0,286.0,57.0,1584.0
Apis mellifera,0.216276,34.881363,Kenya,2023-09-03T20:50,HUMAN_OBSERVATION,1,253.0,11.785562515258789,82.00506591796875,77.54391479492188,26.774749755859375,12.402999877929688,14.371749877929688,19.07900047302246,19.914709091186523,20.183834075927734,18.288291931152344,1839.0,253.0,68.0,38.12214660644531,652.0,243.0,306.0,531.0,1680.0
Apis mellifera,0.199062,34.879551,Kenya,2023-09-04T14:09,HUMAN_OBSERVATION,1,253.0,11.785562515258789,82.00506591796875,77.54391479492188,26.774749755859375,12.402999877929688,14.371749877929688,19.07900047302246,19.914709091186523,20.183834075927734,18.288291931152344,1839.0,253.0,68.0,38.12214660644531,652.0,243.0,306.0,531.0,1680.0
Apis mellifera,-0.131617,37.385247,Kenya,2023-09-04T09:59:10,HUMAN_OBSERVATION,1,237.0,12.108291625976562,77.54890441894531,78.2630844116211,17.463499069213867,1.84975004196167,15.613748550415039,8.905583381652832,7.966917037963867,9.923791885375977,7.966917037963867,1453.0,237.0,46.0,55.14106369018555,537.0,206.0,442.0,206.0,3419.0
Apis mellifera,-1.22245,36.897435,Kenya,2023-10-05T14:00,HUMAN_OBSERVATION,1,164.0,12.004520416259766,74.29115295410156,116.23384094238281,28.674999237060547,12.516249656677246,16.158748626708984,20.844541549682617,18.455917358398438,21.224332809448242,18.258459091186523,776.0,164.0,14.0,75.35821533203125,364.0,46.0,286.0,57.0,1584.0
Apis mellifera,-0.524929,36.663828,Kenya,2023-10-21T13:11,HUMAN_OBSERVATION,1,182.0,12.380291938781738,77.58898162841797,91.04951477050781,21.006750106811523,5.05049991607666,15.956250190734863,13.365875244140625,12.696083068847656,13.448583602905273,11.187749862670898,1141.0,182.0,46.0,42.724239349365234,436.0,176.0,336.0,221.0,2580.0
Apis mellifera,-0.597176,36.469945,Kenya,2023-10-21T11:08,HUMAN_OBSERVATION,1,121.0,14.478708267211914,78.34587097167969,87.54300689697266,25.702499389648438,7.2220001220703125,18.480499267578125,16.524625778198242,16.125917434692383,16.731332778930664,14.510624885559082,728.0,121.0,31.0,41.50690841674805,274.0,118.0,216.0,154.0,2117.0
Apis mellifera,-1.256703,36.816738,Kenya,2023-11-12T10:25:04,HUMAN_OBSERVATION,1,236.0,11.607208251953125,72.53372192382812,128.51402282714844,27.333999633789062,11.331500053405762,16.002498626708984,19.492958068847656,16.945125579833984,19.960832595825195,16.728166580200195,1008.0,236.0,23.0,78.98697662353516,504.0,75.0,376.0,86.0,1824.0
Apis mellifera,-1.291622,36.770825,Kenya,2023-11-26T17:34:06,HUMAN_OBSERVATION,1,236.0,11.607208251953125,72.53372192382812,128.51402282714844,27.333999633789062,11.331500053405762,16.002498626708984,19.492958068847656,16.945125579833984,19.960832595825195,16.728166580200195,1008.0,236.0,23.0,78.98697662353516,504.0,75.0,376.0,86.0,1824.0
Apis mellifera,-0.758805,36.430155,Kenya,2023-11-25T13:08:09,HUMAN_OBSERVATION,1,131.0,13.560521125793457,78.31547546386719,98.50428771972656,26.110000610351562,8.794750213623047,17.315250396728516,17.428916931152344,15.273333549499512,17.684541702270508,15.22137451171875,697.0,131.0,33.0,50.747310638427734,288.0,114.0,229.0,115.0,1967.0
Apis mellifera,-1.375761,36.746102,Kenya,2023-11-24T11:29:06,HUMAN_OBSERVATION,1,191.0,11.984271049499512,72.64295196533203,127.05976867675781,28.277999877929688,11.780500411987305,16.497499465942383,20.282583236694336,17.86954116821289,20.80608367919922,17.616374969482422,858.0,191.0,18.0,76.34839630126953,418.0,58.0,313.0,69.0,1775.0
Apis mellifera,-1.313725,36.750783,Kenya,2023-11-25T15:51:12,HUMAN_OBSERVATION,1,236.0,11.607208251953125,72.53372192382812,128.51402282714844,27.333999633789062,11.331500053405762,16.002498626708984,19.492958068847656,16.945125579833984,19.960832595825195,16.728166580200195,1008.0,236.0,23.0,78.98697662353516,504.0,75.0,376.0,86.0,1824.0
Apis mellifera,-1.263895,36.827823,Kenya,2023-11-25T10:47:19,HUMAN_OBSERVATION,1,236.0,11.607208251953125,72.53372192382812,128.51402282714844,27.333999633789062,11.331500053405762,16.002498626708984,19.492958068847656,16.945125579833984,19.960832595825195,16.728166580200195,1008.0,236.0,23.0,78.98697662353516,504.0,75.0,376.0,86.0,1824.0
Apis mellifera,0.413458,35.21877,Kenya,2023-12-08T16:27,HUMAN_OBSERVATION,1,184.0,12.663603782653809,80.9085464477539,90.32051086425781,25.8387508392334,10.187000274658203,15.651750564575195,16.160417556762695,17.847749710083008,18.410375595092773,16.132917404174805,1212.0,184.0,35.0,50.37519454956055,465.0,130.0,280.0,449.0,2098.0
Apis mellifera,-0.100877,35.934535,Kenya,2023-12-10T12:32:37,HUMAN_OBSERVATION,1,142.0,14.56002140045166,83.03642272949219,60.971622467041016,27.736000061035156,10.201499938964844,17.534500122070312,18.71641731262207,18.748624801635742,19.172374725341797,17.633291244506836,971.0,142.0,29.0,40.31159591674805,327.0,129.0,254.0,287.0,1756.0
Apis mellifera,-1.243299,36.819671,Kenya,2023-12-12T18:27,HUMAN_OBSERVATION,1,236.0,11.607208251953125,72.53372192382812,128.51402282714844,27.333999633789062,11.331500053405762,16.002498626708984,19.492958068847656,16.945125579833984,19.960832595825195,16.728166580200195,1008.0,236.0,23.0,78.98697662353516,504.0,75.0,376.0,86.0,1824.0
Apis mellifera,-1.309298,36.923368,Kenya,2023-12-22T08:55,HUMAN_OBSERVATION,1,164.0,12.004520416259766,74.29115295410156,116.23384094238281,28.674999237060547,12.516249656677246,16.158748626708984,20.844541549682617,18.455917358398438,21.224332809448242,18.258459091186523,776.0,164.0,14.0,75.35821533203125,364.0,46.0,286.0,57.0,1584.0
Apis mellifera,-1.375938,36.879134,Kenya,2023-12-22T08:51,HUMAN_OBSERVATION,1,144.0,12.275479316711426,73.48716735839844,122.2987289428711,28.831249237060547,12.126999855041504,16.70425033569336,20.777374267578125,18.376874923706055,21.258499145507812,18.143667221069336,649.0,144.0,9.0,77.1600341796875,306.0,33.0,252.0,40.0,1590.0
Apis mellifera,-1.250085,36.821321,Kenya,2023-12-24T12:34,HUMAN_OBSERVATION,1,236.0,11.607208251953125,72.53372192382812,128.51402282714844,27.333999633789062,11.331500053405762,16.002498626708984,19.492958068847656,16.945125579833984,19.960832595825195,16.728166580200195,1008.0,236.0,23.0,78.98697662353516,504.0,75.0,376.0,86.0,1824.0
Apis mellifera,-0.179813,37.066928,Kenya,2022-01-24T21:07,HUMAN_OBSERVATION,1,186.0,12.890000343322754,78.14962768554688,69.1472396850586,24.13425064086914,7.640250205993652,16.493999481201172,16.394582748413086,14.806124687194824,16.394582748413086,14.806124687194824,1020.0,186.0,29.0,63.665504455566406,408.0,96.0,408.0,96.0,2089.0
Apis mellifera,-0.72756,36.646678,Kenya,2022-01-27T18:23,HUMAN_OBSERVATION,1,219.0,12.63422966003418,77.21454620361328,104.7840347290039,21.800249099731445,5.437749862670898,16.362499237060547,13.824749946594238,11.491707801818848,14.032917022705078,11.420332908630371,1179.0,219.0,49.0,52.995643615722656,500.0,174.0,392.0,179.0,2523.0
Apis mellifera,-0.52543,36.664043,Kenya,2022-01-27T13:10,HUMAN_OBSERVATION,1,182.0,12.380291938781738,77.58898162841797,91.04951477050781,21.006750106811523,5.05049991607666,15.956250190734863,13.365875244140625,12.696083068847656,13.448583602905273,11.187749862670898,1141.0,182.0,46.0,42.724239349365234,436.0,176.0,336.0,221.0,2580.0
Apis mellifera,-4.658919,39.367944,Kenya,2022-02-07T16:06,HUMAN_OBSERVATION,1,308.0,7.9549241065979,64.72201538085938,150.27134704589844,32.65999984741211,20.369091033935547,12.290908813476562,26.13916778564453,27.759469985961914,28.04621124267578,24.426895141601562,1267.0,308.0,20.0,77.82806396484375,656.0,112.0,123.0,227.0,14.0
Apis mellifera,-4.337309,39.567821,Kenya,2022-02-27T06:22,HUMAN_OBSERVATION,1,,,,,,,,,,,,,,,,,,,,
Apis mellifera,-3.868469,39.658894,Kenya,2022-02-27T12:14,HUMAN_OBSERVATION,1,249.0,8.367082595825195,66.25162506103516,144.29544067382812,32.03450012207031,19.405250549316406,12.629249572753906,25.369667053222656,26.97254180908203,27.038833618164062,23.582374572753906,1127.0,249.0,20.0,66.15618896484375,508.0,117.0,260.0,211.0,121.0
Apis mellifera,-3.868469,39.658894,Kenya,2022-02-27,HUMAN_OBSERVATION,1,249.0,8.367082595825195,66.25162506103516,144.29544067382812,32.03450012207031,19.405250549316406,12.629249572753906,25.369667053222656,26.97254180908203,27.038833618164062,23.582374572753906,1127.0,249.0,20.0,66.15618896484375,508.0,117.0,260.0,211.0,121.0
Apis mellifera,-0.94493,36.598738,Kenya,2022-03-22T09:39:52,HUMAN_OBSERVATION,1,254.0,12.700124740600586,74.71870422363281,128.32203674316406,24.011249542236328,7.013999938964844,16.997249603271484,15.525792121887207,13.0,15.976625442504883,12.822667121887207,1201.0,254.0,44.0,65.40220642089844,556.0,139.0,423.0,152.0,2329.0
Apis mellifera,-0.943292,36.595996,Kenya,2022-03-22T08:58,HUMAN_OBSERVATION,1,254.0,12.700124740600586,74.71870422363281,128.32203674316406,24.011249542236328,7.013999938964844,16.997249603271484,15.525792121887207,13.0,15.976625442504883,12.822667121887207,1201.0,254.0,44.0,65.40220642089844,556.0,139.0,423.0,152.0,2329.0
Apis mellifera,-0.943603,36.596325,Kenya,2022-03-22T12:34:46,HUMAN_OBSERVATION,1,254.0,12.700124740600586,74.71870422363281,128.32203674316406,24.011249542236328,7.013999938964844,16.997249603271484,15.525792121887207,13.0,15.976625442504883,12.822667121887207,1201.0,254.0,44.0,65.40220642089844,556.0,139.0,423.0,152.0,2329.0
Apis mellifera,-0.471765,34.13576,Kenya,2022-03-31T07:49Z,HUMAN_OBSERVATION,1,179.0,9.221541404724121,83.84554290771484,60.53780746459961,27.980249404907227,16.98200035095215,10.998249053955078,22.704626083374023,21.56658363342285,23.08529281616211,21.56658363342285,989.0,179.0,37.0,54.36091232299805,428.0,120.0,227.0,120.0,1158.0
Apis mellifera,-1.399463,36.851958,Kenya,2022-04-19T09:26,HUMAN_OBSERVATION,1,144.0,12.275479316711426,73.48716735839844,122.2987289428711,28.831249237060547,12.126999855041504,16.70425033569336,20.777374267578125,18.376874923706055,21.258499145507812,18.143667221069336,649.0,144.0,9.0,77.1600341796875,306.0,33.0,252.0,40.0,1590.0
Apis mellifera,-1.260634,36.809002,Kenya,2022-05-08T16:55,HUMAN_OBSERVATION,1,236.0,11.607208251953125,72.53372192382812,128.51402282714844,27.333999633789062,11.331500053405762,16.002498626708984,19.492958068847656,16.945125579833984,19.960832595825195,16.728166580200195,1008.0,236.0,23.0,78.98697662353516,504.0,75.0,376.0,86.0,1824.0
Apis mellifera,-1.26683,36.805333,Kenya,2022-05-25T09:38:50,HUMAN_OBSERVATION,1,236.0,11.607208251953125,72.53372192382812,128.51402282714844,27.333999633789062,11.331500053405762,16.002498626708984,19.492958068847656,16.945125579833984,19.960832595825195,16.728166580200195,1008.0,236.0,23.0,78.98697662353516,504.0,75.0,376.0,86.0,1824.0
Apis mellifera,-0.107082,34.77124,Kenya,2022-05-31T14:40:19,HUMAN_OBSERVATION,1,226.0,11.971603393554688,83.73068237304688,70.60234832763672,29.833999633789062,15.536250114440918,14.297749519348145,22.61487579345703,23.058542251586914,23.24650001525879,21.451583862304688,1427.0,226.0,64.0,38.2038459777832,558.0,254.0,307.0,286.0,1230.0
Apis mellifera,-1.25797,36.787155,Kenya,2022-06-25T16:26:41,HUMAN_OBSERVATION,1,236.0,11.607208251953125,72.53372192382812,128.51402282714844,27.333999633789062,11.331500053405762,16.002498626708984,19.492958068847656,16.945125579833984,19.960832595825195,16.728166580200195,1008.0,236.0,23.0,78.98697662353516,504.0,75.0,376.0,86.0,1824.0
Apis mellifera,-1.2671,36.805397,Kenya,2022-06-23T09:05:43,HUMAN_OBSERVATION,1,236.0,11.607208251953125,72.53372192382812,128.51402282714844,27.333999633789062,11.331500053405762,16.002498626708984,19.492958068847656,16.945125579833984,19.960832595825195,16.728166580200195,1008.0,236.0,23.0,78.98697662353516,504.0,75.0,376.0,86.0,1824.0
Apis mellifera,-1.243567,36.81963,Kenya,2022-06-01T09:16,HUMAN_OBSERVATION,1,236.0,11.607208251953125,72.53372192382812,128.51402282714844,27.333999633789062,11.331500053405762,16.002498626708984,19.492958068847656,16.945125579833984,19.960832595825195,16.728166580200195,1008.0,236.0,23.0,78.98697662353516,504.0,75.0,376.0,86.0,1824.0
Apis mellifera,-1.258438,36.787656,Kenya,2022-06-25T15:20:10,HUMAN_OBSERVATION,1,236.0,11.607208251953125,72.53372192382812,128.51402282714844,27.333999633789062,11.331500053405762,16.002498626708984,19.492958068847656,16.945125579833984,19.960832595825195,16.728166580200195,1008.0,236.0,23.0,78.98697662353516,504.0,75.0,376.0,86.0,1824.0
Apis mellifera,-0.280389,36.057205,Kenya,2022-06-28T14:06:12,HUMAN_OBSERVATION,1,135.0,14.393729209899902,81.41019439697266,70.72306060791016,26.326749801635742,8.646249771118164,17.680500030517578,17.126083374023438,17.176584243774414,17.800792694091797,16.041749954223633,888.0,135.0,25.0,44.780948638916016,322.0,106.0,228.0,268.0,1931.0
Apis mellifera,-1.268523,36.807225,Kenya,2022-06-25T10:27:28,HUMAN_OBSERVATION,1,236.0,11.607208251953125,72.53372192382812,128.51402282714844,27.333999633789062,11.331500053405762,16.002498626708984,19.492958068847656,16.945125579833984,19.960832595825195,16.728166580200195,1008.0,236.0,23.0,78.98697662353516,504.0,75.0,376.0,86.0,1824.0
Apis mellifera,-1.264439,36.808658,Kenya,2022-06-19T14:34:07,HUMAN_OBSERVATION,1,236.0,11.607208251953125,72.53372192382812,128.51402282714844,27.333999633789062,11.331500053405762,16.002498626708984,19.492958068847656,16.945125579833984,19.960832595825195,16.728166580200195,1008.0,236.0,23.0,78.98697662353516,504.0,75.0,376.0,86.0,1824.0
Apis mellifera,-1.325453,35.115697,Kenya,2022-06-26T00:33,HUMAN_OBSERVATION,1,181.0,12.770936965942383,82.11369323730469,76.74002838134766,27.322999954223633,11.77025032043457,15.552749633789062,19.93400001525879,18.417667388916016,20.263999938964844,18.352458953857422,1147.0,181.0,38.0,39.73972702026367,426.0,169.0,304.0,174.0,1642.0
Apis mellifera,0.531637,35.916107,Kenya,2022-07-02T16:01:52,HUMAN_OBSERVATION,1,110.0,13.963083267211914,85.43770599365234,64.45158386230469,30.969749450683594,14.626749992370605,16.342998504638672,21.734792709350586,22.612749099731445,23.34462547302246,21.734792709350586,777.0,110.0,25.0,48.730194091796875,286.0,87.0,174.0,286.0,1268.0
Apis mellifera,-1.334235,36.715377,Kenya,2022-07-02T13:47,HUMAN_OBSERVATION,1,191.0,11.984271049499512,72.64295196533203,127.05976867675781,28.277999877929688,11.780500411987305,16.497499465942383,20.282583236694336,17.86954116821289,20.80608367919922,17.616374969482422,858.0,191.0,18.0,76.34839630126953,418.0,58.0,313.0,69.0,1775.0
Apis mellifera,-1.225688,36.823007,Kenya,2022-07-10T15:08,HUMAN_OBSERVATION,1,236.0,11.607208251953125,72.53372192382812,128.51402282714844,27.333999633789062,11.331500053405762,16.002498626708984,19.492958068847656,16.945125579833984,19.960832595825195,16.728166580200195,1008.0,236.0,23.0,78.98697662353516,504.0,75.0,376.0,86.0,1824.0
Apis mellifera,0.530239,35.93189,Kenya,2022-07-10T15:05:58,HUMAN_OBSERVATION,1,110.0,13.963083267211914,85.43770599365234,64.45158386230469,30.969749450683594,14.626749992370605,16.342998504638672,21.734792709350586,22.612749099731445,23.34462547302246,21.734792709350586,777.0,110.0,25.0,48.730194091796875,286.0,87.0,174.0,286.0,1268.0
Apis mellifera,0.601363,36.004593,Kenya,2022-07-19T16:10:41,HUMAN_OBSERVATION,1,94.0,13.57104206085205,87.1013412475586,61.38801193237305,31.334749221801758,15.753999710083008,15.58074951171875,23.668291091918945,23.408958435058594,24.1699161529541,22.664207458496094,660.0,94.0,24.0,46.4972038269043,236.0,80.0,165.0,220.0,998.0
Apis mellifera,0.552979,35.939459,Kenya,2022-07-17T14:04:23,HUMAN_OBSERVATION,1,110.0,13.963083267211914,85.43770599365234,64.45158386230469,30.969749450683594,14.626749992370605,16.342998504638672,21.734792709350586,22.612749099731445,23.34462547302246,21.734792709350586,777.0,110.0,25.0,48.730194091796875,286.0,87.0,174.0,286.0,1268.0
Apis mellifera,0.565566,35.986487,Kenya,2022-07-10T08:26:21,HUMAN_OBSERVATION,1,110.0,13.963083267211914,85.43770599365234,64.45158386230469,30.969749450683594,14.626749992370605,16.342998504638672,21.734792709350586,22.612749099731445,23.34462547302246,21.734792709350586,777.0,110.0,25.0,48.730194091796875,286.0,87.0,174.0,286.0,1268.0
Apis mellifera,-1.099905,35.956158,Kenya,2022-07-22T12:25:40,HUMAN_OBSERVATION,1,147.0,13.483041763305664,80.17268371582031,101.81067657470703,25.933500289916992,9.116000175476074,16.817501068115234,17.844499588012695,15.779582977294922,18.077959060668945,15.555583953857422,777.0,147.0,28.0,53.2304573059082,336.0,91.0,298.0,104.0,1936.0
Apis mellifera,-1.223645,36.897227,Kenya,2022-07-30T17:17,HUMAN_OBSERVATION,1,164.0,12.004520416259766,74.29115295410156,116.23384094238281,28.674999237060547,12.516249656677246,16.158748626708984,20.844541549682617,18.455917358398438,21.224332809448242,18.258459091186523,776.0,164.0,14.0,75.35821533203125,364.0,46.0,286.0,57.0,1584.0
Apis mellifera,-0.454146,37.234841,Kenya,2022-08-10T13:14,HUMAN_OBSERVATION,1,337.0,11.139582633972168,76.26978302001953,92.9154052734375,24.2502498626709,9.644749641418457,14.605500221252441,17.328166961669922,15.447957992553711,17.433500289916992,15.24162483215332,1633.0,337.0,52.0,75.1908187866211,758.0,191.0,503.0,196.0,1951.0
Apis mellifera,-0.492122,37.458298,Kenya,2022-08-16T13:12,HUMAN_OBSERVATION,1,365.0,11.000332832336426,76.73892211914062,96.69783020019531,25.263500213623047,10.928750038146973,14.334750175476074,18.33941650390625,17.570209503173828,18.50545883178711,16.187000274658203,1720.0,365.0,42.0,79.32968139648438,791.0,182.0,525.0,213.0,1758.0
Apis mellifera,-2.599895,37.247527,Kenya,2022-08-09T11:31,HUMAN_OBSERVATION,1,138.0,12.611666679382324,72.95989990234375,143.72764587402344,31.02250099182129,13.736749649047852,17.285751342773438,22.688541412353516,20.017541885375977,23.301708221435547,19.762958526611328,641.0,138.0,3.0,83.27591705322266,283.0,15.0,178.0,19.0,1143.0
Apis mellifera,-1.221918,36.896648,Kenya,2022-08-01T12:46,HUMAN_OBSERVATION,1,164.0,12.004520416259766,74.29115295410156,116.23384094238281,28.674999237060547,12.516249656677246,16.158748626708984,20.844541549682617,18.455917358398438,21.224332809448242,18.258459091186523,776.0,164.0,14.0,75.35821533203125,364.0,46.0,286.0,57.0,1584.0
Apis mellifera,-4.334558,39.569447,Kenya,2022-09-21T14:12:30,HUMAN_OBSERVATION,1,,,,,,,,,,,,,,,,,,,,
Apis mellifera,-1.222706,36.897254,Kenya,2022-09-23T12:53,HUMAN_OBSERVATION,1,164.0,12.004520416259766,74.29115295410156,116.23384094238281,28.674999237060547,12.516249656677246,16.158748626708984,20.844541549682617,18.455917358398438,21.224332809448242,18.258459091186523,776.0,164.0,14.0,75.35821533203125,364.0,46.0,286.0,57.0,1584.0
Apis mellifera,-1.336986,36.775807,Kenya,2022-09-25T19:09:28,HUMAN_OBSERVATION,1,191.0,11.984271049499512,72.64295196533203,127.05976867675781,28.277999877929688,11.780500411987305,16.497499465942383,20.282583236694336,17.86954116821289,20.80608367919922,17.616374969482422,858.0,191.0,18.0,76.34839630126953,418.0,58.0,313.0,69.0,1775.0
Apis mellifera,-1.207385,36.851843,Kenya,2022-09-29T12:05,HUMAN_OBSERVATION,1,164.0,12.004520416259766,74.29115295410156,116.23384094238281,28.674999237060547,12.516249656677246,16.158748626708984,20.844541549682617,18.455917358398438,21.224332809448242,18.258459091186523,776.0,164.0,14.0,75.35821533203125,364.0,46.0,286.0,57.0,1584.0
Apis mellifera,-0.764733,36.399484,Kenya,2022-09-30T16:32:35,HUMAN_OBSERVATION,1,131.0,13.560521125793457,78.31547546386719,98.50428771972656,26.110000610351562,8.794750213623047,17.315250396728516,17.428916931152344,15.273333549499512,17.684541702270508,15.22137451171875,697.0,131.0,33.0,50.747310638427734,288.0,114.0,229.0,115.0,1967.0
Apis mellifera,-1.242228,36.817882,Kenya,2022-10-02T09:31,HUMAN_OBSERVATION,1,236.0,11.607208251953125,72.53372192382812,128.51402282714844,27.333999633789062,11.331500053405762,16.002498626708984,19.492958068847656,16.945125579833984,19.960832595825195,16.728166580200195,1008.0,236.0,23.0,78.98697662353516,504.0,75.0,376.0,86.0,1824.0
Apis mellifera,-1.267139,36.821154,Kenya,2022-10-16T10:28,HUMAN_OBSERVATION,1,236.0,11.607208251953125,72.53372192382812,128.51402282714844,27.333999633789062,11.331500053405762,16.002498626708984,19.492958068847656,16.945125579833984,19.960832595825195,16.728166580200195,1008.0,236.0,23.0,78.98697662353516,504.0,75.0,376.0,86.0,1824.0
Apis mellifera,-1.333453,36.750678,Kenya,2022-10-04T13:55,HUMAN_OBSERVATION,1,191.0,11.984271049499512,72.64295196533203,127.05976867675781,28.277999877929688,11.780500411987305,16.497499465942383,20.282583236694336,17.86954116821289,20.80608367919922,17.616374969482422,858.0,191.0,18.0,76.34839630126953,418.0,58.0,313.0,69.0,1775.0
Apis mellifera,-1.443195,37.051517,Kenya,2022-10-28T11:54:14,HUMAN_OBSERVATION,1,139.0,12.062104225158691,72.91254425048828,127.39513397216797,28.49449920654297,11.951250076293945,16.543249130249023,20.595041275024414,18.097291946411133,21.04866600036621,17.815292358398438,636.0,139.0,5.0,85.65963745117188,289.0,19.0,247.0,23.0,1581.0
Apis mellifera,-1.44318,37.051418,Kenya,2022-10-28T11:53:15,HUMAN_OBSERVATION,1,139.0,12.062104225158691,72.91254425048828,127.39513397216797,28.49449920654297,11.951250076293945,16.543249130249023,20.595041275024414,18.097291946411133,21.04866600036621,17.815292358398438,636.0,139.0,5.0,85.65963745117188,289.0,19.0,247.0,23.0,1581.0
Apis mellifera,-1.394235,36.848461,Kenya,2022-10-30T13:01:18,HUMAN_OBSERVATION,1,144.0,12.275479316711426,73.48716735839844,122.2987289428711,28.831249237060547,12.126999855041504,16.70425033569336,20.777374267578125,18.376874923706055,21.258499145507812,18.143667221069336,649.0,144.0,9.0,77.1600341796875,306.0,33.0,252.0,40.0,1590.0
Apis mellifera,-1.543385,36.889595,Kenya,2022-10-30T13:01:28,HUMAN_OBSERVATION,1,140.0,12.425854682922363,72.63926696777344,127.90511322021484,28.71525001525879,11.609000205993652,17.106250762939453,20.566791534423828,18.139707565307617,21.070499420166016,17.82266616821289,578.0,140.0,6.0,82.56194305419922,281.0,23.0,235.0,29.0,1615.0
Apis mellifera,-0.38049,37.455421,Kenya,2022-11-17T14:04:46,HUMAN_OBSERVATION,1,365.0,11.000332832336426,76.73892211914062,96.69783020019531,25.263500213623047,10.928750038146973,14.334750175476074,18.33941650390625,17.570209503173828,18.50545883178711,16.187000274658203,1720.0,365.0,42.0,79.32968139648438,791.0,182.0,525.0,213.0,1758.0
Apis mellifera,-1.336112,36.713397,Kenya,2022-12-31T11:25:29,HUMAN_OBSERVATION,1,191.0,11.984271049499512,72.64295196533203,127.05976867675781,28.277999877929688,11.780500411987305,16.497499465942383,20.282583236694336,17.86954116821289,20.80608367919922,17.616374969482422,858.0,191.0,18.0,76.34839630126953,418.0,58.0,313.0,69.0,1775.0
Apis mellifera,-1.062601,35.219211,Kenya,2022-12-22T11:11:52,HUMAN_OBSERVATION,1,176.0,12.600895881652832,82.12262725830078,78.0721664428711,26.471750259399414,11.127750396728516,15.343999862670898,19.109540939331055,17.519916534423828,19.408832550048828,17.47279167175293,1100.0,176.0,39.0,40.883949279785156,410.0,164.0,296.0,169.0,1774.0
Apis mellifera,-1.259133,36.795846,Kenya,2022-12-19T05:29,HUMAN_OBSERVATION,1,236.0,11.607208251953125,72.53372192382812,128.51402282714844,27.333999633789062,11.331500053405762,16.002498626708984,19.492958068847656,16.945125579833984,19.960832595825195,16.728166580200195,1008.0,236.0,23.0,78.98697662353516,504.0,75.0,376.0,86.0,1824.0
Apis mellifera,-1.07928,35.233995,Kenya,2022-12-22T12:44:58,HUMAN_OBSERVATION,1,176.0,12.600895881652832,82.12262725830078,78.0721664428711,26.471750259399414,11.127750396728516,15.343999862670898,19.109540939331055,17.519916534423828,19.408832550048828,17.47279167175293,1100.0,176.0,39.0,40.883949279785156,410.0,164.0,296.0,169.0,1774.0
Apis mellifera,0.494128,35.717762,Kenya,2022-12-17T09:34,HUMAN_OBSERVATION,1,146.0,12.991728782653809,84.2879867553711,62.62544631958008,28.343250274658203,12.929750442504883,15.41349983215332,20.44624900817871,20.525083541870117,21.060874938964844,19.46291732788086,1081.0,146.0,31.0,47.055973052978516,386.0,123.0,257.0,375.0,1643.0
Apis mellifera,0.365398,35.389782,Kenya,2022-12-29T16:13,HUMAN_OBSERVATION,1,171.0,12.384854316711426,81.77384948730469,79.91063690185547,24.326250076293945,9.180999755859375,15.14525032043457,15.022208213806152,16.52654266357422,17.03733253479004,15.022208213806152,1155.0,171.0,31.0,49.04694366455078,405.0,131.0,294.0,405.0,2300.0
Apis mellifera,-1.376671,36.838979,Kenya,2022-12-03T10:57,HUMAN_OBSERVATION,1,144.0,12.275479316711426,73.48716735839844,122.2987289428711,28.831249237060547,12.126999855041504,16.70425033569336,20.777374267578125,18.376874923706055,21.258499145507812,18.143667221069336,649.0,144.0,9.0,77.1600341796875,306.0,33.0,252.0,40.0,1590.0
Apis mellifera,-0.165388,34.96751,Kenya,2022-12-27,HUMAN_OBSERVATION,1,215.0,12.696603775024414,83.42738342285156,70.40476989746094,30.26474952697754,15.046000480651855,15.218749046325684,22.472126007080078,22.913999557495117,23.1146240234375,21.317541122436523,1363.0,215.0,64.0,36.821266174316406,524.0,240.0,291.0,288.0,1263.0
Apis mellifera,-0.165274,34.967544,Kenya,2022-12-25,HUMAN_OBSERVATION,1,215.0,12.696603775024414,83.42738342285156,70.40476989746094,30.26474952697754,15.046000480651855,15.218749046325684,22.472126007080078,22.913999557495117,23.1146240234375,21.317541122436523,1363.0,215.0,64.0,36.821266174316406,524.0,240.0,291.0,288.0,1263.0
Apis mellifera,-0.165063,34.967258,Kenya,2022-12-26,HUMAN_OBSERVATION,1,215.0,12.696603775024414,83.42738342285156,70.40476989746094,30.26474952697754,15.046000480651855,15.218749046325684,22.472126007080078,22.913999557495117,23.1146240234375,21.317541122436523,1363.0,215.0,64.0,36.821266174316406,524.0,240.0,291.0,288.0,1263.0
Apis mellifera,-0.165047,34.967267,Kenya,2022-12-30,HUMAN_OBSERVATION,1,215.0,12.696603775024414,83.42738342285156,70.40476989746094,30.26474952697754,15.046000480651855,15.218749046325684,22.472126007080078,22.913999557495117,23.1146240234375,21.317541122436523,1363.0,215.0,64.0,36.821266174316406,524.0,240.0,291.0,288.0,1263.0
Apis mellifera,-1.22155,36.897169,Kenya,2021-01-26T20:59Z,HUMAN_OBSERVATION,1,164.0,12.004520416259766,74.29115295410156,116.23384094238281,28.674999237060547,12.516249656677246,16.158748626708984,20.844541549682617,18.455917358398438,21.224332809448242,18.258459091186523,776.0,164.0,14.0,75.35821533203125,364.0,46.0,286.0,57.0,1584.0
Apis mellifera,-1.273055,36.8481,Kenya,2021-03-20T16:07:19,HUMAN_OBSERVATION,1,164.0,12.004520416259766,74.29115295410156,116.23384094238281,28.674999237060547,12.516249656677246,16.158748626708984,20.844541549682617,18.455917358398438,21.224332809448242,18.258459091186523,776.0,164.0,14.0,75.35821533203125,364.0,46.0,286.0,57.0,1584.0
Apis mellifera,-0.943736,36.595796,Kenya,2021-03-19T11:43:34,HUMAN_OBSERVATION,1,254.0,12.700124740600586,74.71870422363281,128.32203674316406,24.011249542236328,7.013999938964844,16.997249603271484,15.525792121887207,13.0,15.976625442504883,12.822667121887207,1201.0,254.0,44.0,65.40220642089844,556.0,139.0,423.0,152.0,2329.0
Apis mellifera,-1.021745,34.525302,Kenya,2021-04-20T15:05:09,HUMAN_OBSERVATION,1,217.0,11.705791473388672,81.28739929199219,67.19258880615234,27.859249114990234,13.458749771118164,14.40049934387207,20.885042190551758,19.578041076660156,21.29224967956543,19.578041076660156,1446.0,217.0,58.0,39.2708740234375,550.0,231.0,312.0,231.0,1490.0
Apis mellifera,-1.307571,36.811935,Kenya,2021-04-02T08:35:46,HUMAN_OBSERVATION,1,236.0,11.607208251953125,72.53372192382812,128.51402282714844,27.333999633789062,11.331500053405762,16.002498626708984,19.492958068847656,16.945125579833984,19.960832595825195,16.728166580200195,1008.0,236.0,23.0,78.98697662353516,504.0,75.0,376.0,86.0,1824.0
Apis mellifera,-1.307571,36.811935,Kenya,2021-04-02T08:35:43,HUMAN_OBSERVATION,1,236.0,11.607208251953125,72.53372192382812,128.51402282714844,27.333999633789062,11.331500053405762,16.002498626708984,19.492958068847656,16.945125579833984,19.960832595825195,16.728166580200195,1008.0,236.0,23.0,78.98697662353516,504.0,75.0,376.0,86.0,1824.0
Apis mellifera,-2.383734,37.356769,Kenya,2021-06-21T00:21,HUMAN_OBSERVATION,1,138.0,11.7854585647583,70.66893768310547,145.13772583007812,30.6560001373291,13.979000091552734,16.677000045776367,22.432249069213867,19.92795753479004,23.286792755126953,19.678791046142578,641.0,138.0,2.0,88.02172088623047,281.0,11.0,254.0,16.0,1126.0
Apis mellifera,-1.243592,36.819408,Kenya,2021-06-25T12:17:33,HUMAN_OBSERVATION,1,236.0,11.607208251953125,72.53372192382812,128.51402282714844,27.333999633789062,11.331500053405762,16.002498626708984,19.492958068847656,16.945125579833984,19.960832595825195,16.728166580200195,1008.0,236.0,23.0,78.98697662353516,504.0,75.0,376.0,86.0,1824.0
Apis mellifera,-1.359174,36.711578,Kenya,2021-07-21T06:53,HUMAN_OBSERVATION,1,191.0,11.984271049499512,72.64295196533203,127.05976867675781,28.277999877929688,11.780500411987305,16.497499465942383,20.282583236694336,17.86954116821289,20.80608367919922,17.616374969482422,858.0,191.0,18.0,76.34839630126953,418.0,58.0,313.0,69.0,1775.0
Apis mellifera,0.226547,34.884117,Kenya,2021-08-14T13:29:40,HUMAN_OBSERVATION,1,253.0,11.785562515258789,82.00506591796875,77.54391479492188,26.774749755859375,12.402999877929688,14.371749877929688,19.07900047302246,19.914709091186523,20.183834075927734,18.288291931152344,1839.0,253.0,68.0,38.12214660644531,652.0,243.0,306.0,531.0,1680.0
Apis mellifera,-3.238445,40.126525,Kenya,2021-08-10T08:34:55,HUMAN_OBSERVATION,1,274.0,7.444454193115234,65.96852111816406,123.12406158447266,31.00774574279785,19.72288703918457,11.284858703613281,24.82318115234375,26.05046844482422,26.250118255615234,23.15616226196289,1002.0,274.0,8.0,85.78416442871094,548.0,68.0,208.0,261.0,25.0
Apis mellifera,1.6712426158980858,36.09461988081081,KE,,pseudoAbsence,0,74.0,14.26172924041748,88.39000701904297,61.801273345947266,34.29600143432617,18.160999298095703,16.13500213623047,26.991750717163086,26.28645896911621,27.0067081451416,25.49337387084961,374.0,74.0,11.0,59.92876434326172,165.0,44.0,120.0,86.0,610.0
Apis mellifera,0.6298306279098735,38.26836148847297,KE,,pseudoAbsence,0,154.0,11.847270965576172,80.41725158691406,86.30166625976562,32.09149932861328,17.359249114990234,14.732250213623047,24.40012550354004,23.248125076293945,25.33887481689453,23.248125076293945,475.0,154.0,0.0,124.86079406738281,254.0,0.0,184.0,0.0,673.0
Apis mellifera,-2.398335475555781,37.38910690746522,KE,,pseudoAbsence,0,138.0,11.7854585647583,70.66893768310547,145.13772583007812,30.6560001373291,13.979000091552734,16.677000045776367,22.432249069213867,19.92795753479004,23.286792755126953,19.678791046142578,641.0,138.0,2.0,88.02172088623047,281.0,11.0,254.0,16.0,1126.0
Apis mellifera,3.0119296460755063,34.73896451689408,KE,,pseudoAbsence,0,82.0,12.374000549316406,82.3314208984375,83.15555572509766,32.206748962402344,17.177249908447266,15.029499053955078,24.417041778564453,24.72420883178711,25.15079116821289,23.01074981689453,525.0,82.0,8.0,53.72536849975586,201.0,48.0,77.0,180.0,1098.0
Apis mellifera,0.902536794525914,40.481948900337926,KE,,pseudoAbsence,0,98.0,10.790749549865723,72.91539764404297,121.18374633789062,36.57374954223633,21.774749755859375,14.798999786376953,28.45745849609375,27.085290908813477,30.033374786376953,26.979124069213867,341.0,98.0,4.0,106.5025634765625,156.0,14.0,132.0,15.0,151.0
Apis mellifera,3.5125610803404266,37.19364626654102,KE,,pseudoAbsence,0,53.0,12.388333320617676,77.89322662353516,101.78450012207031,35.75699996948242,19.852750778198242,15.90424919128418,28.13541603088379,26.489416122436523,28.988582611083984,26.328916549682617,230.0,53.0,0.0,87.71097564697266,106.0,8.0,58.0,9.0,462.0
Apis mellifera,-0.2250095209727396,40.89823478262869,KE,,pseudoAbsence,0,85.0,9.301229476928711,69.50162506103516,129.8143768310547,35.15650177001953,21.77375030517578,13.38275146484375,28.966333389282227,29.25658416748047,29.451250076293945,26.14670753479004,383.0,85.0,4.0,77.9012680053711,162.0,35.0,114.0,52.0,99.0
Apis mellifera,-3.579127278473804,39.23468667620707,KE,,pseudoAbsence,0,107.0,8.984188079833984,67.70426940917969,137.4270782470703,31.179000854492188,17.909250259399414,13.269750595092773,24.714292526245117,22.58620834350586,25.85008430480957,22.547082901000977,718.0,107.0,26.0,51.8256721496582,267.0,88.0,184.0,107.0,300.0
Apis mellifera,-1.4816281196573455,36.65365600423725,KE,,pseudoAbsence,0,183.0,12.065812110900879,73.85348510742188,128.77455139160156,29.147499084472656,12.8100004196167,16.33749771118164,21.000207901000977,18.712417602539062,21.62445831298828,18.42420768737793,823.0,183.0,16.0,76.65898895263672,412.0,55.0,176.0,68.0,1760.0
Apis mellifera,0.5705565763702829,40.76802184412713,KE,,pseudoAbsence,0,98.0,11.35895824432373,72.79867553710938,131.22901916503906,37.27799987792969,21.67475128173828,15.603248596191406,28.777000427246094,27.237709045410156,30.42074966430664,27.107208251953125,369.0,98.0,6.0,97.05996704101562,163.0,23.0,133.0,25.0,90.0
Apis mellifera,1.875502262299019,35.33946068918068,KE,,pseudoAbsence,0,81.0,12.789083480834961,85.47425079345703,58.13334274291992,32.231998443603516,17.269500732421875,14.96249771118164,24.585124969482422,24.62441635131836,25.272750854492188,23.797584533691406,510.0,81.0,12.0,53.19966506958008,194.0,51.0,138.0,171.0,846.0
Apis mellifera,0.9370911328442766,34.603229053281034,KE,,pseudoAbsence,0,220.0,10.526875495910645,79.15687561035156,77.97348022460938,22.069250106811523,8.770500183105469,13.298749923706055,14.617124557495117,15.386417388916016,15.70804214477539,13.751791954040527,1583.0,220.0,43.0,44.92448425292969,542.0,165.0,208.0,541.0,2537.0
Apis mellifera,-1.5383734306205712,35.413002345618466,KE,,pseudoAbsence,0,171.0,12.18012523651123,80.53773498535156,88.28046417236328,26.0262508392334,10.902750015258789,15.12350082397461,19.2413330078125,17.203292846679688,19.2413330078125,17.028291702270508,938.0,171.0,23.0,55.52629089355469,386.0,92.0,386.0,93.0,1876.0
Apis mellifera,-1.7246510483193327,40.767682909312015,KE,,pseudoAbsence,0,192.0,7.266645431518555,67.57939910888672,115.66534423828125,32.972251892089844,22.219499588012695,10.752752304077148,27.240501403808594,28.302125930786133,28.525291442871094,25.663166046142578,749.0,192.0,4.0,82.60562896728516,413.0,44.0,148.0,205.0,41.0
Apis mellifera,1.263066966772488,38.53424784326621,KE,,pseudoAbsence,0,108.0,11.780021667480469,80.03411865234375,86.24063110351562,34.47999954223633,19.761249542236328,14.71875,27.6733341217041,25.67245864868164,27.87383460998535,25.67245864868164,322.0,108.0,0.0,130.94482421875,152.0,0.0,151.0,0.0,325.0
Apis mellifera,1.1191196457630292,37.18505918672747,KE,,pseudoAbsence,0,188.0,12.586479187011719,83.15316772460938,70.06910705566406,27.923250198364258,12.786749839782715,15.136500358581543,21.117374420166016,19.457542419433594,21.117374420166016,19.457542419433594,736.0,188.0,8.0,93.10929870605469,362.0,26.0,362.0,26.0,1348.0
Apis mellifera,-0.8141849338104903,37.96456140487989,KE,,pseudoAbsence,0,199.0,11.00362491607666,73.90935516357422,120.15261840820312,30.488500595092773,15.600500106811523,14.88800048828125,23.2675838470459,21.013999938964844,23.97425079345703,21.013999938964844,693.0,199.0,1.0,116.10395050048828,353.0,6.0,269.0,6.0,789.0
Apis mellifera,2.665526465414194,39.36543173470202,KE,,pseudoAbsence,0,103.0,11.25895881652832,70.50621032714844,132.16793823242188,35.37099838256836,19.402250289916992,15.968748092651367,27.36020851135254,24.9444580078125,28.321125030517578,24.9444580078125,323.0,103.0,0.0,119.02477264404297,163.0,3.0,45.0,3.0,444.0
Apis mellifera,1.963953974957669,40.31273818098547,KE,,pseudoAbsence,0,98.0,10.716625213623047,71.47990417480469,119.67098236083984,36.22800064086914,21.23550033569336,14.992500305175781,28.765750885009766,26.571290969848633,29.46875,26.483707427978516,346.0,98.0,2.0,105.00901794433594,168.0,9.0,51.0,10.0,307.0
Apis mellifera,-1.599385916014577,38.81563052989812,KE,,pseudoAbsence,0,196.0,9.547416687011719,69.57489776611328,132.75357055664062,32.903751373291016,19.181249618530273,13.722501754760742,26.2502498626709,23.891334533691406,27.241374969482422,23.891334533691406,656.0,196.0,3.0,111.79352569580078,378.0,13.0,211.0,13.0,393.0
Apis mellifera,4.426216566437005,34.87188617070576,KE,,pseudoAbsence,0,92.0,14.560501098632812,84.75508880615234,81.82022094726562,36.60499954223633,19.425498962402344,17.179500579833984,27.86025047302246,28.125749588012695,28.64666748046875,26.570417404174805,490.0,92.0,11.0,53.39186096191406,206.0,67.0,94.0,103.0,481.0
Apis mellifera,-1.3869142612815986,41.191608719070274,KE,,pseudoAbsence,0,162.0,7.185624122619629,68.34015655517578,108.58158111572266,32.68199920654297,22.16750144958496,10.514497756958008,27.178874969482422,28.078250885009766,28.36054229736328,25.648792266845703,618.0,162.0,1.0,89.75194549560547,356.0,22.0,128.0,170.0,36.0
Apis mellifera,1.4598439104559775,40.11484120200266,KE,,pseudoAbsence,0,103.0,10.820541381835938,73.01555633544922,109.4391860961914,36.633750915527344,21.81424903869629,14.819501876831055,29.352500915527344,27.180082321166992,29.87591552734375,27.180082321166992,332.0,103.0,2.0,110.81562042236328,161.0,8.0,48.0,8.0,207.0
Apis mellifera,2.006306500191811,36.67265344612867,KE,,pseudoAbsence,0,96.0,12.0510835647583,81.45237731933594,77.42809295654297,28.236249923706055,13.440999984741211,14.795249938964844,21.49333381652832,19.726457595825195,21.657791137695312,19.70979118347168,463.0,96.0,11.0,63.67899703979492,206.0,60.0,166.0,68.0,1427.0
Apis mellifera,-1.0322953578333434,35.577364009945576,KE,,pseudoAbsence,0,160.0,13.673166275024414,81.4666976928711,87.75456237792969,26.005250930786133,9.221500396728516,16.783750534057617,17.802875518798828,16.10854148864746,18.09724998474121,15.920958518981934,907.0,160.0,31.0,48.668067932128906,371.0,112.0,267.0,121.0,1956.0
Apis mellifera,-0.7794303514065062,34.79845123192038,KE,,pseudoAbsence,0,259.0,11.49247932434082,80.85182189941406,67.88227081298828,27.050249099731445,12.836000442504883,14.214248657226562,19.77116584777832,20.097957611083984,20.36750030517578,18.61145782470703,1805.0,259.0,82.0,32.24068069458008,639.0,303.0,349.0,407.0,1718.0
Apis mellifera,4.796451974474516,35.34210152028526,KE,,pseudoAbsence,0,,,,,,,,,,,,,,,,,,,,
Apis mellifera,-2.068865900422815,37.441613784173406,KE,,pseudoAbsence,0,161.0,11.243916511535645,70.40760040283203,137.0598602294922,29.522249221801758,13.552499771118164,15.969749450683594,21.582332611083984,19.41954231262207,22.578624725341797,19.116750717163086,691.0,161.0,1.0,89.400146484375,302.0,10.0,269.0,16.0,1229.0
Apis mellifera,3.203595634708778,41.06247155066164,KE,,pseudoAbsence,0,94.0,11.279458045959473,72.89179229736328,127.28116607666016,35.165748596191406,19.691499710083008,15.474248886108398,27.438875198364258,24.83104133605957,28.027915954589844,24.83104133605957,309.0,94.0,1.0,118.4749755859375,157.0,5.0,127.0,5.0,540.0
Apis mellifera,0.131105732256584,40.59400859697265,KE,,pseudoAbsence,0,87.0,10.61256217956543,71.56626892089844,130.4842987060547,36.45050048828125,21.62150001525879,14.829000473022461,28.498332977294922,26.83420753479004,30.02975082397461,26.71091651916504,343.0,87.0,5.0,93.43794250488281,152.0,24.0,121.0,27.0,126.0
Apis mellifera,-1.3165250893118214,40.523424736765634,KE,,pseudoAbsence,0,95.0,8.63322925567627,68.2037353515625,126.93345642089844,34.25725173950195,21.59925079345703,12.658000946044922,27.424833297729492,28.894208908081055,28.992084503173828,25.824748992919922,495.0,95.0,4.0,67.082763671875,227.0,44.0,129.0,96.0,77.0
Apis mellifera,0.9055836457090648,36.06298098876948,KE,,pseudoAbsence,0,90.0,15.150020599365234,86.07843780517578,67.83245086669922,32.415000915527344,14.814749717712402,17.600250244140625,23.780000686645508,23.62816619873047,24.344791412353516,22.648582458496094,577.0,90.0,17.0,57.200801849365234,235.0,56.0,144.0,180.0,898.0
Apis mellifera,2.477965493909366,37.15750956147208,KE,,pseudoAbsence,0,70.0,12.217916488647461,82.14000701904297,78.4468994140625,33.19300079345703,18.318500518798828,14.874500274658203,26.507917404174805,24.827709197998047,26.73662567138672,24.75116729736328,264.0,70.0,1.0,92.39885711669922,130.0,12.0,114.0,14.0,629.0
Apis mellifera,-1.165049825022722,36.83060094857496,KE,,pseudoAbsence,0,318.0,11.765978813171387,72.74063873291016,130.51806640625,25.587749481201172,9.412500381469727,16.175249099731445,17.60416603088379,14.966041564941406,18.025833129882812,14.76420783996582,1304.0,318.0,35.0,80.90485382080078,658.0,115.0,481.0,132.0,1997.0
Apis mellifera,2.2266789430577365,35.38560072867586,KE,,pseudoAbsence,0,73.0,13.930749893188477,87.96749114990234,55.53520202636719,34.1619987487793,18.32575035095215,15.836248397827148,26.65741729736328,26.122499465942383,26.810832977294922,25.430999755859375,420.0,73.0,10.0,56.1208610534668,172.0,41.0,122.0,129.0,709.0
Apis mellifera,1.182864499441037,38.13435559829944,KE,,pseudoAbsence,0,109.0,11.740354537963867,80.37071228027344,78.22712707519531,32.665000915527344,18.057249069213867,14.607751846313477,25.06737518310547,24.14674949645996,26.0922908782959,24.14674949645996,370.0,109.0,0.0,121.46392059326172,172.0,0.0,165.0,0.0,577.0
Apis mellifera,1.361350986514192,37.7834825945185,KE,,pseudoAbsence,0,110.0,12.002853393554688,80.97589874267578,74.83231353759766,32.43349838256836,17.610750198364258,14.822748184204102,25.75083351135254,24.033416748046875,25.88483238220215,24.033416748046875,380.0,110.0,1.0,111.81059265136719,186.0,4.0,170.0,4.0,622.0
Apis mellifera,-0.0572687392456092,37.48448664607496,KE,,pseudoAbsence,0,237.0,12.108291625976562,77.54890441894531,78.2630844116211,17.463499069213867,1.84975004196167,15.613748550415039,8.905583381652832,7.966917037963867,9.923791885375977,7.966917037963867,1453.0,237.0,46.0,55.14106369018555,537.0,206.0,442.0,206.0,3419.0
Apis mellifera,3.6178688739334257,40.36355844013387,KE,,pseudoAbsence,0,101.0,10.807853698730469,70.7656021118164,129.67127990722656,33.71125030517578,18.438499450683594,15.272750854492188,25.943750381469727,23.46875,26.7882080078125,23.46875,313.0,101.0,0.0,120.71139526367188,170.0,3.0,36.0,3.0,685.0
Apis mellifera,0.4045079142832701,35.86086941455137,KE,,pseudoAbsence,0,107.0,14.230124473571777,85.69525146484375,62.254886627197266,31.40074920654297,14.795249938964844,16.605499267578125,22.049165725708008,22.903249740600586,23.589000701904297,22.049165725708008,794.0,107.0,26.0,44.91620635986328,278.0,94.0,184.0,278.0,1280.0
Apis mellifera,-1.134824283033076,39.20288779363585,KE,,pseudoAbsence,0,142.0,10.141624450683594,71.42366790771484,130.93991088867188,34.51224899291992,20.312999725341797,14.199249267578125,27.538082122802734,25.291833877563477,28.601415634155273,25.291833877563477,500.0,142.0,3.0,106.41072082519531,274.0,17.0,162.0,17.0,237.0
Apis mellifera,-4.439059841281125,39.4174114518285,KE,,pseudoAbsence,0,319.0,8.132697105407715,64.76887512207031,154.32275390625,32.450382232666016,19.893892288208008,12.556489944458008,25.755767822265625,27.428922653198242,27.708608627319336,24.003902435302734,1317.0,319.0,19.0,77.86123657226562,677.0,106.0,114.0,258.0,65.0
Apis mellifera,3.4171339725245806,34.83021912829724,KE,,pseudoAbsence,0,74.0,13.756437301635742,85.66719055175781,72.55773162841797,35.240501403808594,19.1825008392334,16.058000564575195,27.144832611083984,27.23908233642578,27.708667755126953,25.85900115966797,417.0,74.0,6.0,53.19534683227539,171.0,42.0,68.0,120.0,736.0
Apis mellifera,-4.244382961771706,39.47992891711741,KE,,pseudoAbsence,0,234.0,8.232250213623047,65.29645538330078,150.82582092285156,31.2864990234375,18.679000854492188,12.607498168945312,24.566625595092773,26.403207778930664,26.403207778930664,22.805707931518555,1133.0,234.0,20.0,63.557247161865234,509.0,113.0,113.0,226.0,216.0
Apis mellifera,-1.4059410851295615,36.7912214124898,KE,,pseudoAbsence,0,191.0,11.984271049499512,72.64295196533203,127.05976867675781,28.277999877929688,11.780500411987305,16.497499465942383,20.282583236694336,17.86954116821289,20.80608367919922,17.616374969482422,858.0,191.0,18.0,76.34839630126953,418.0,58.0,313.0,69.0,1775.0
Apis mellifera,-0.689005519288401,39.36037500635507,KE,,pseudoAbsence,0,122.0,10.187041282653809,71.955078125,127.4036865234375,34.9587516784668,20.801250457763672,14.157501220703125,27.842958450317383,25.783708572387695,29.012666702270508,25.783708572387695,428.0,122.0,3.0,108.15924835205078,232.0,13.0,143.0,13.0,247.0
Apis mellifera,0.3991861949240753,34.654432245547696,KE,,pseudoAbsence,0,262.0,12.398750305175781,83.41743469238281,70.21443939208984,29.267499923706055,14.404000282287598,14.863499641418457,21.206501007080078,22.01074981689453,22.270416259765625,20.48320770263672,1734.0,262.0,55.0,41.107261657714844,662.0,226.0,285.0,437.0,1358.0
Apis mellifera,-0.6246816102599739,40.62259808448155,KE,,pseudoAbsence,0,90.0,8.789083480834961,68.67142486572266,128.26141357421875,34.51499938964844,21.716251373291016,12.798748016357422,28.697416305541992,26.003833770751953,29.144624710083008,25.89845848083496,394.0,90.0,4.0,79.46720886230469,168.0,40.0,124.0,47.0,129.0
Apis mellifera,4.407475666595453,35.85256100525908,KE,,pseudoAbsence,0,72.0,13.0234375,83.6135482788086,76.24385833740234,37.252750396728516,21.677000045776367,15.575750350952148,29.18975067138672,28.568416595458984,30.140417098999023,28.248167037963867,353.0,72.0,7.0,70.40751647949219,172.0,32.0,85.0,45.0,377.0
Apis mellifera,1.707953721577054,38.89654045089096,KE,,pseudoAbsence,0,106.0,11.339624404907227,76.14320373535156,96.58843994140625,35.0989990234375,20.206501007080078,14.892498016357422,27.905792236328125,25.87679100036621,28.27375030517578,25.87679100036621,306.0,106.0,0.0,128.56898498535156,151.0,0.0,149.0,0.0,325.0
Apis mellifera,-1.9132832674791285,39.07085842222419,KE,,pseudoAbsence,0,150.0,9.505895614624023,68.67182159423828,138.2830810546875,33.532249450683594,19.68975067138672,13.842498779296875,26.798583984375,24.387208938598633,27.844959259033203,24.387208938598633,634.0,150.0,9.0,88.31865692138672,320.0,40.0,193.0,40.0,262.0
Apis mellifera,-1.262033539963403,37.03733934316121,KE,,pseudoAbsence,0,145.0,12.357208251953125,74.45222473144531,118.31558227539062,29.13075065612793,12.533249855041504,16.59749984741211,21.16670799255371,18.789125442504883,21.522666931152344,18.510915756225586,685.0,145.0,6.0,84.9344253540039,312.0,23.0,267.0,29.0,1482.0
Apis mellifera,-0.7235843760872949,35.452683227194015,KE,,pseudoAbsence,0,219.0,12.261813163757324,80.6844253540039,74.9631576538086,24.532499313354492,9.335249900817871,15.197249412536621,17.000707626342773,15.518000602722168,17.355375289916992,15.500958442687988,1283.0,219.0,68.0,41.9265251159668,515.0,239.0,281.0,245.0,2100.0
Apis mellifera,3.425648740239505,39.505931871143645,KE,,pseudoAbsence,0,142.0,9.73785400390625,65.63555145263672,150.17848205566406,32.239749908447266,17.403499603271484,14.836250305175781,24.50054168701172,21.921375274658203,25.784250259399414,21.921375274658203,444.0,142.0,4.0,112.34547424316406,244.0,13.0,61.0,13.0,914.0
Apis mellifera,-0.8862995123052424,39.53163511834201,KE,,pseudoAbsence,0,113.0,10.027604103088379,71.18970489501953,132.7672576904297,35.08399963378906,20.998249053955078,14.085750579833984,28.10041618347168,25.879833221435547,29.22658348083496,25.879833221435547,439.0,113.0,4.0,101.02241516113281,220.0,19.0,153.0,19.0,179.0
Apis mellifera,4.4328366507476575,36.237203211352174,KE,,pseudoAbsence,0,71.0,12.467833518981934,81.54373931884766,77.7879638671875,37.1619987487793,21.872249603271484,15.289749145507812,29.197750091552734,28.49479103088379,30.155040740966797,28.21500015258789,367.0,71.0,7.0,67.32111358642578,171.0,36.0,89.0,44.0,401.0
Apis mellifera,1.8849425624743985,35.69669429848679,KE,,pseudoAbsence,0,81.0,12.357666969299316,83.8163070678711,65.61096954345703,30.530250549316406,15.786499977111816,14.74375057220459,23.05583381652832,23.092792510986328,23.775583267211914,22.10362434387207,515.0,81.0,13.0,53.03337478637695,199.0,54.0,140.0,170.0,1124.0
Apis mellifera,1.6889945151042802,39.90892750713912,KE,,pseudoAbsence,0,101.0,10.916936874389648,73.38008117675781,108.56211853027344,36.401248931884766,21.52400016784668,14.877248764038086,29.05900001525879,26.975666046142578,29.66870880126953,26.975666046142578,330.0,101.0,2.0,109.82665252685547,164.0,6.0,51.0,6.0,262.0
Apis mellifera,-2.0480553338537595,36.18011200098465,KE,,pseudoAbsence,0,82.0,11.892354011535645,74.38533020019531,123.61570739746094,32.8802490234375,16.892749786376953,15.987499237060547,25.874290466308594,22.834957122802734,25.901290893554688,22.834957122802734,380.0,82.0,1.0,84.34501647949219,192.0,4.0,152.0,4.0,732.0
Apis mellifera,-1.9845925953451495,37.027545498762855,KE,,pseudoAbsence,0,112.0,11.227812767028809,71.20406341552734,131.6338653564453,27.93975067138672,12.171250343322754,15.768500328063965,20.538375854492188,17.961458206176758,20.974374771118164,17.647624969482422,512.0,112.0,2.0,83.47339630126953,238.0,9.0,216.0,13.0,1522.0
Apis mellifera,3.7125422450699217,36.24780781344445,KE,,pseudoAbsence,0,49.0,11.147062301635742,82.06476593017578,72.92761993408203,36.19075012207031,22.607500076293945,13.583250045776367,29.39324951171875,28.690750122070312,30.010208129882812,28.150541305541992,221.0,49.0,1.0,80.79164123535156,107.0,14.0,57.0,18.0,369.0
Apis mellifera,-2.929619276046841,38.39976008013327,KE,,pseudoAbsence,0,194.0,10.437250137329102,69.7187728881836,148.2542266845703,31.883750915527344,16.913249969482422,14.970500946044922,25.21554183959961,22.194873809814453,25.826250076293945,22.194873809814453,950.0,194.0,18.0,78.88690185546875,400.0,67.0,339.0,67.0,544.0
Apis mellifera,4.498084856923721,35.85770112483368,KE,,pseudoAbsence,0,72.0,13.0234375,83.6135482788086,76.24385833740234,37.252750396728516,21.677000045776367,15.575750350952148,29.18975067138672,28.568416595458984,30.140417098999023,28.248167037963867,353.0,72.0,7.0,70.40751647949219,172.0,32.0,85.0,45.0,377.0
Apis mellifera,2.877737219319873,39.86178166302839,KE,,pseudoAbsence,0,105.0,10.309540748596191,69.26128387451172,133.77880859375,33.915748596191406,19.030750274658203,14.884998321533203,26.454208374023438,23.955415725708008,27.38224983215332,23.955415725708008,335.0,105.0,1.0,118.18296813964844,171.0,5.0,44.0,5.0,602.0
Apis mellifera,1.331000204779592,38.198789767438655,KE,,pseudoAbsence,0,107.0,11.824604034423828,80.73606872558594,80.24369049072266,33.62874984741211,18.982749938964844,14.645999908447266,26.057209014892578,25.042667388916016,27.065834045410156,25.042667388916016,340.0,107.0,0.0,127.3520278930664,159.0,0.0,156.0,0.0,425.0
Apis mellifera,0.5485252910736325,35.30583505005203,KE,,pseudoAbsence,0,168.0,12.820208549499512,81.65608215332031,86.31896209716797,25.98724937438965,10.286999702453613,15.700249671936035,16.334125518798828,17.94962501525879,18.495498657226562,16.330707550048828,1063.0,168.0,29.0,51.88096237182617,421.0,112.0,238.0,403.0,2056.0
Apis mellifera,-0.3445371950919496,37.626850159402906,KE,,pseudoAbsence,0,331.0,10.952750205993652,77.83641052246094,97.67182922363281,26.77174949645996,12.700249671936035,14.071499824523926,19.904541015625,17.722291946411133,20.086957931518555,17.722291946411133,1444.0,331.0,25.0,90.36483764648438,647.0,101.0,488.0,101.0,1477.0
Apis mellifera,1.6199081119013383,37.85018728287496,KE,,pseudoAbsence,0,107.0,12.000353813171387,80.08111572265625,80.66470336914062,33.04024887084961,18.05500030517578,14.985248565673828,26.292999267578125,24.536958694458008,26.474040985107422,24.451457977294922,355.0,107.0,0.0,115.86746978759766,174.0,2.0,162.0,3.0,556.0
Apis mellifera,2.0604432271053765,38.204555662573455,KE,,pseudoAbsence,0,107.0,11.915937423706055,76.46631622314453,92.0968246459961,34.64925003051758,19.06599998474121,15.583250045776367,27.281124114990234,25.384374618530273,27.694124221801758,25.384374618530273,331.0,107.0,0.0,116.71675872802734,168.0,2.0,61.0,2.0,397.0
Apis mellifera,1.4560407174194054,39.59409778218699,KE,,pseudoAbsence,0,112.0,11.23927116394043,76.23462677001953,98.26457214355469,36.004249572753906,21.261249542236328,14.743000030517578,28.85504150390625,26.782791137695312,29.19933319091797,26.782791137695312,315.0,112.0,1.0,125.66159057617188,157.0,3.0,149.0,3.0,254.0
Apis mellifera,0.9034907828190084,36.56186079783386,KE,,pseudoAbsence,0,99.0,13.889374732971191,82.23674774169922,76.87493896484375,25.635250091552734,8.745750427246094,16.88949966430664,17.557666778564453,16.96987533569336,18.043582916259766,16.07954216003418,669.0,99.0,19.0,47.241432189941406,233.0,74.0,222.0,198.0,1934.0
Apis mellifera,1.6602265357380643,39.20200731228187,KE,,pseudoAbsence,0,112.0,11.402395248413086,76.29317474365234,97.71563720703125,35.67499923706055,20.72949981689453,14.945499420166016,28.395915985107422,26.33391571044922,28.74854278564453,26.33391571044922,312.0,112.0,0.0,129.78826904296875,156.0,1.0,152.0,1.0,289.0
Apis mellifera,3.1710639227507764,41.18386507675622,KE,,pseudoAbsence,0,91.0,11.551166534423828,73.14683532714844,124.60421752929688,36.126251220703125,20.33449935913086,15.791751861572266,28.2103328704834,25.657333374023438,28.779541015625,25.657333374023438,300.0,91.0,1.0,117.79532623291016,153.0,5.0,122.0,5.0,435.0
Apis mellifera,0.4850346107867054,36.00966420533239,KE,,pseudoAbsence,0,99.0,14.576541900634766,85.94405364990234,63.26142501831055,32.069000244140625,15.108499526977539,16.960500717163086,24.003833770751953,23.38374900817871,24.113332748413086,22.551916122436523,721.0,99.0,27.0,42.76728820800781,251.0,92.0,182.0,228.0,1124.0
Apis mellifera,0.4618287774906333,40.06009573247928,KE,,pseudoAbsence,0,98.0,10.722895622253418,73.81356048583984,117.58602142333984,36.23400115966797,21.707000732421875,14.527000427246094,28.479917526245117,26.906291961669922,29.89554214477539,26.906291961669922,337.0,98.0,4.0,107.78307342529297,155.0,14.0,132.0,14.0,161.0
Apis mellifera,-0.7490157415269318,36.5373635163545,KE,,pseudoAbsence,0,219.0,12.63422966003418,77.21454620361328,104.7840347290039,21.800249099731445,5.437749862670898,16.362499237060547,13.824749946594238,11.491707801818848,14.032917022705078,11.420332908630371,1179.0,219.0,49.0,52.995643615722656,500.0,174.0,392.0,179.0,2523.0
Apis mellifera,3.5394772525901166,37.848737184199614,KE,,pseudoAbsence,0,104.0,10.947542190551758,70.6897201538086,133.93057250976562,32.01850128173828,16.531749725341797,15.486751556396484,24.28066635131836,21.97800064086914,25.48208236694336,21.97800064086914,387.0,104.0,5.0,87.96554565429688,198.0,17.0,85.0,17.0,977.0
Apis mellifera,-2.1862532153955985,40.6636778847279,KE,,pseudoAbsence,0,313.0,7.02706241607666,66.78922271728516,115.04430389404297,33.019500732421875,22.498249053955078,10.521251678466797,27.258041381835938,28.224124908447266,28.48058319091797,25.6632080078125,1080.0,313.0,7.0,90.92369079589844,616.0,72.0,201.0,199.0,20.0
Apis mellifera,3.422068947006262,37.92031526891622,KE,,pseudoAbsence,0,104.0,11.04837417602539,70.75828552246094,130.8755340576172,32.80524826049805,17.19099998474121,15.614248275756836,25.027042388916016,22.76845932006836,26.19216537475586,22.76845932006836,379.0,104.0,4.0,91.50682830810547,193.0,16.0,77.0,16.0,838.0
Apis mellifera,2.569073430410681,36.46291641895124,KE,,pseudoAbsence,0,48.0,12.371874809265137,85.73716735839844,73.01825714111328,33.771751403808594,19.34174919128418,14.430002212524414,27.238208770751953,26.09983253479004,27.380874633789062,25.535749435424805,219.0,48.0,3.0,69.34715270996094,102.0,21.0,86.0,30.0,659.0
Apis mellifera,1.4264580947200851,35.79699653687185,KE,,pseudoAbsence,0,94.0,13.413187026977539,84.5271224975586,64.558349609375,31.578500747680664,15.710000038146973,15.868500709533691,23.659957885742188,23.615291595458984,24.302000045776367,22.68258285522461,585.0,94.0,15.0,54.794193267822266,232.0,58.0,157.0,180.0,961.0
Apis mellifera,-0.2350256322244259,40.56802165068713,KE,,pseudoAbsence,0,84.0,9.379166603088379,69.75691986083984,128.5523223876953,35.215248107910156,21.76974868774414,13.445499420166016,28.062999725341797,26.31858253479004,29.472042083740234,26.197166442871094,364.0,84.0,4.0,83.8482894897461,152.0,32.0,117.0,37.0,134.0
Apis mellifera,1.2168411079024135,39.03391197364165,KE,,pseudoAbsence,0,111.0,11.365438461303711,78.13042449951172,87.68536376953125,35.32324981689453,20.776498794555664,14.546751022338867,28.55645751953125,26.33916664123535,28.55645751953125,26.33916664123535,298.0,111.0,0.0,136.40907287597656,147.0,0.0,147.0,0.0,235.0
Apis mellifera,2.111509500959812,36.3063202763239,KE,,pseudoAbsence,0,65.0,14.123395919799805,88.44951629638672,59.816558837890625,34.57749938964844,18.609750747680664,15.967748641967773,27.291458129882812,26.23983383178711,27.347042083740234,25.88279151916504,304.0,65.0,8.0,63.28193283081055,140.0,42.0,107.0,63.0,605.0
Apis mellifera,-2.090343499478891,36.22759313247166,KE,,pseudoAbsence,0,82.0,11.892354011535645,74.38533020019531,123.61570739746094,32.8802490234375,16.892749786376953,15.987499237060547,25.874290466308594,22.834957122802734,25.901290893554688,22.834957122802734,380.0,82.0,1.0,84.34501647949219,192.0,4.0,152.0,4.0,732.0
Apis mellifera,-0.5936215939545848,35.85871994107115,KE,,pseudoAbsence,0,146.0,12.360812187194824,80.4478530883789,78.2757568359375,20.848499298095703,5.483500003814697,15.364999771118164,12.588666915893555,12.811708450317383,13.341750144958496,11.378999710083008,1074.0,146.0,38.0,36.31462478637695,332.0,155.0,269.0,331.0,2785.0
Apis mellifera,0.0901193612296014,33.98149374860192,KE,,pseudoAbsence,0,177.0,9.245916366577148,83.84417724609375,59.29660415649414,28.134750366210938,17.107250213623047,11.02750015258789,22.81020736694336,21.662208557128906,23.1478328704834,21.662208557128906,1027.0,177.0,35.0,50.6015739440918,433.0,128.0,246.0,128.0,1137.0
Apis mellifera,-0.231950896524804,40.49829866215434,KE,,pseudoAbsence,0,82.0,9.554312705993652,70.49333190917969,127.58910369873047,35.377498626708984,21.823999404907227,13.553499221801758,28.183334350585938,26.44391632080078,29.57695770263672,26.328290939331055,349.0,82.0,4.0,89.26766204833984,155.0,27.0,116.0,29.0,145.0
Apis mellifera,-1.5593756013085276,36.53144577069542,KE,,pseudoAbsence,0,147.0,12.303812980651855,74.40621948242188,128.9704132080078,30.159000396728516,13.623000144958496,16.535999298095703,22.1542911529541,19.84404182434082,22.707874298095703,19.492624282836914,630.0,147.0,8.0,80.53569030761719,325.0,30.0,251.0,39.0,1415.0
Apis mellifera,-0.4283829884013395,34.63580285551112,KE,,pseudoAbsence,0,188.0,12.429749488830566,83.34841918945312,68.26436614990234,30.24049949645996,15.327500343322754,14.912999153137207,22.715457916259766,23.02833366394043,23.26504135131836,21.51824951171875,1149.0,188.0,42.0,44.063961029052734,473.0,193.0,224.0,227.0,1199.0
Apis mellifera,0.1322085368858818,39.28082424059093,KE,,pseudoAbsence,0,103.0,10.376083374023438,74.7394790649414,110.5499267578125,34.28200149536133,20.39900016784668,13.883001327514648,27.10587501525879,25.482999801635742,28.304040908813477,25.482999801635742,323.0,103.0,0.0,124.85997009277344,185.0,3.0,115.0,3.0,319.0
Apis mellifera,-3.832260325070814,39.27621000650584,KE,,pseudoAbsence,0,101.0,9.217729568481445,67.61708068847656,143.2753448486328,31.348499298095703,17.716249465942383,13.63224983215332,25.27220916748047,22.518917083740234,25.899791717529297,22.483959197998047,693.0,101.0,26.0,50.20096206665039,253.0,91.0,178.0,109.0,277.0
Apis mellifera,-2.304109433715936,39.36947253098364,KE,,pseudoAbsence,0,128.0,9.399250030517578,68.93093872070312,135.78700256347656,33.62324905395508,19.987499237060547,13.635749816894531,26.912500381469727,24.67966651916504,27.999374389648438,24.67966651916504,670.0,128.0,15.0,67.74384307861328,293.0,70.0,188.0,70.0,183.0
Apis mellifera,1.0527291553967206,38.8476757513524,KE,,pseudoAbsence,0,111.0,11.535687446594238,79.53589630126953,85.29950714111328,34.94974899291992,20.445999145507812,14.50374984741211,28.288291931152344,26.121957778930664,28.288291931152344,26.121957778930664,308.0,111.0,0.0,136.60348510742188,148.0,0.0,148.0,0.0,253.0
Apis mellifera,1.2661731373387726,36.05016372650517,KE,,pseudoAbsence,0,82.0,14.557458877563477,86.22681427001953,68.61444854736328,32.19900131225586,15.31624984741211,16.88275146484375,24.017166137695312,23.770917892456055,24.516582489013672,22.810667037963867,515.0,82.0,14.0,55.973751068115234,209.0,52.0,137.0,153.0,902.0
Apis mellifera,1.1833993492041008,35.81799408356888,KE,,pseudoAbsence,0,94.0,13.768375396728516,84.64381408691406,66.1417007446289,31.506500244140625,15.240249633789062,16.266250610351562,23.33716583251953,23.314125061035156,24.004207611083984,22.3367919921875,621.0,94.0,15.0,56.388145446777344,246.0,58.0,158.0,227.0,984.0
Apis mellifera,0.014268433082031,38.47673260822762,KE,,pseudoAbsence,0,141.0,10.58997917175293,76.1307601928711,104.18180847167969,32.45024871826172,18.53999900817871,13.910249710083008,25.47599983215332,23.74358367919922,26.336708068847656,23.74358367919922,429.0,141.0,0.0,128.45635986328125,239.0,0.0,155.0,0.0,432.0
Apis mellifera,3.9160944950222554,35.35008355913781,KE,,pseudoAbsence,0,73.0,13.993021011352539,86.2462387084961,68.4642333984375,36.23875045776367,20.014249801635742,16.22450065612793,28.084333419799805,27.5054988861084,28.7050838470459,27.00054168701172,311.0,73.0,9.0,72.15222930908203,153.0,32.0,69.0,47.0,639.0
Apis mellifera,4.3913973818559535,35.54428005315268,KE,,pseudoAbsence,0,92.0,13.982375144958496,84.18046569824219,77.85232543945312,36.490501403808594,19.88050079345703,16.610000610351562,27.920917510986328,27.298126220703125,28.903541564941406,26.9846248626709,435.0,92.0,14.0,64.80594635009766,205.0,54.0,94.0,69.0,582.0
Apis mellifera,2.3184295311427228,37.9636618160626,KE,,pseudoAbsence,0,128.0,9.560396194458008,71.31829071044922,102.34441375732422,28.66575050354004,15.260499954223633,13.405250549316406,22.577625274658203,20.46066665649414,23.05237579345703,20.46066665649414,455.0,128.0,3.0,101.85952758789062,220.0,11.0,201.0,11.0,1116.0
Apis mellifera,-0.2572427862825108,39.96068844274601,KE,,pseudoAbsence,0,88.0,10.264249801635742,72.78448486328125,124.13116455078125,35.80175018310547,21.699501037597656,14.102249145507812,28.43720817565918,26.657791137695312,29.811250686645508,26.657791137695312,348.0,88.0,4.0,101.37439727783203,169.0,16.0,125.0,16.0,196.0
Apis mellifera,2.414662400519136,37.43956174659672,KE,,pseudoAbsence,0,70.0,11.92258358001709,80.50089263916016,85.66836547851562,33.99924850463867,19.188749313354492,14.81049919128418,27.35062599182129,25.56166648864746,27.630624771118164,25.479915618896484,252.0,70.0,0.0,101.69487762451172,125.0,6.0,111.0,7.0,475.0
Apis mellifera,1.2090082703001936,40.11772763355816,KE,,pseudoAbsence,0,102.0,10.939395904541016,73.68952941894531,109.3176040649414,36.626251220703125,21.7810001373291,14.845251083374023,29.39466667175293,27.162416458129883,29.86283302307129,27.162416458129883,326.0,102.0,2.0,112.62517547607422,155.0,8.0,138.0,8.0,199.0
Apis mellifera,-1.6914835905014938,37.55895077232353,KE,,pseudoAbsence,0,203.0,10.491125106811523,69.66449737548828,136.4305877685547,28.788999557495117,13.729499816894531,15.059499740600586,21.451208114624023,19.244417190551758,22.373416900634766,18.94683265686035,766.0,203.0,1.0,99.41291809082031,370.0,9.0,286.0,11.0,1244.0
Apis mellifera,-0.5830612740496814,34.552180277466256,KE,,pseudoAbsence,0,204.0,12.00100040435791,82.29163360595703,66.48335266113281,29.02400016784668,14.440500259399414,14.583499908447266,21.755374908447266,21.967041015625,22.229957580566406,20.53408432006836,1328.0,204.0,51.0,40.223960876464844,517.0,212.0,253.0,264.0,1345.0
Apis mellifera,2.319382921431398,39.03924662227986,KE,,pseudoAbsence,0,104.0,11.142583847045898,72.98595428466797,112.5093002319336,35.19599914550781,19.929248809814453,15.26675033569336,27.660375595092773,25.514917373657227,28.37958335876465,25.514917373657227,315.0,104.0,0.0,121.01622009277344,158.0,2.0,49.0,2.0,369.0
Apis mellifera,0.6235554356411992,38.75896045994341,KE,,pseudoAbsence,0,117.0,11.51895809173584,79.00655364990234,92.3248291015625,33.765499114990234,19.185749053955078,14.579750061035156,26.256874084472656,24.90079116821289,27.234458923339844,24.90079116821289,369.0,117.0,0.0,132.99819946289062,192.0,0.0,156.0,0.0,400.0
Apis mellifera,3.863569914800684,41.432166705872405,KE,,pseudoAbsence,0,82.0,11.459916114807129,76.512939453125,103.45319366455078,37.000999450683594,22.023250579833984,14.97774887084961,29.38079261779785,27.35187530517578,29.842124938964844,27.35187530517578,248.0,82.0,0.0,121.79931640625,140.0,1.0,105.0,1.0,306.0
Apis mellifera,-1.115488784261498,35.375157073652545,KE,,pseudoAbsence,0,182.0,12.749124526977539,81.91024780273438,81.79280853271484,25.37649917602539,9.811750411987305,15.564748764038086,17.857500076293945,16.225749969482422,18.144208908081055,16.11579132080078,1052.0,182.0,36.0,45.76005172729492,421.0,143.0,391.0,149.0,1978.0
Apis mellifera,4.552973444726001,35.05970471995345,KE,,pseudoAbsence,0,103.0,14.429604530334473,84.88127136230469,81.32980346679688,36.40950012207031,19.40974998474121,16.9997501373291,27.78708267211914,28.08441734313965,28.587583541870117,26.532917022705078,561.0,103.0,14.0,51.6709098815918,234.0,77.0,105.0,121.0,502.0
Apis mellifera,-2.5518126085241235,39.1629023544872,KE,,pseudoAbsence,0,146.0,10.015874862670898,69.4136962890625,140.91421508789062,33.56949996948242,19.14025115966797,14.429248809814453,26.482376098632812,24.15308380126953,27.592708587646484,24.15308380126953,790.0,146.0,23.0,70.01189422607422,340.0,70.0,241.0,70.0,242.0
Apis mellifera,0.9216783450338576,34.78087296782659,KE,,pseudoAbsence,0,189.0,11.807083129882812,79.63903045654297,84.05980682373047,24.843000411987305,10.017250061035156,14.825750350952148,15.619542121887207,17.38745880126953,17.721750259399414,15.619542121887207,1346.0,189.0,31.0,47.211483001708984,481.0,131.0,171.0,481.0,2178.0
Apis mellifera,1.5401351012228774,37.89912166301617,KE,,pseudoAbsence,0,107.0,12.000353813171387,80.08111572265625,80.66470336914062,33.04024887084961,18.05500030517578,14.985248565673828,26.292999267578125,24.536958694458008,26.474040985107422,24.451457977294922,355.0,107.0,0.0,115.86746978759766,174.0,2.0,162.0,3.0,556.0
Apis mellifera,3.480432766222383,38.21221384440325,KE,,pseudoAbsence,0,109.0,11.426312446594238,71.00064086914062,137.78945922851562,33.82350158691406,17.730249404907227,16.093252182006836,25.86566734313965,23.446292877197266,27.01675033569336,23.446292877197266,375.0,109.0,4.0,96.68277740478516,197.0,13.0,72.0,13.0,712.0
Apis mellifera,0.3811082168194462,40.63387789453495,KE,,pseudoAbsence,0,90.0,10.59587574005127,72.04035186767578,127.46033477783203,36.5984992980957,21.890249252319336,14.708250045776367,28.638916015625,27.098249435424805,30.2100830078125,26.974166870117188,342.0,90.0,6.0,97.74026489257812,155.0,20.0,123.0,22.0,100.0
Apis mellifera,-3.452019013390823,37.86880285777406,KE,,pseudoAbsence,0,165.0,11.166625022888184,68.2984390258789,169.13177490234375,30.704750061035156,14.354999542236328,16.349750518798828,22.679458618164062,19.855541229248047,23.816041946411133,19.68549919128418,721.0,165.0,10.0,82.35824584960938,350.0,36.0,192.0,37.0,1003.0
Apis mellifera,1.2004069561899806,36.42683824436398,KE,,pseudoAbsence,0,97.0,13.78237533569336,84.28170013427734,71.31236267089844,30.490249633789062,14.137499809265137,16.35274887084961,23.171958923339844,22.34170913696289,23.171958923339844,21.37733268737793,546.0,97.0,16.0,56.40434646606445,233.0,67.0,233.0,117.0,1069.0
Apis mellifera,-2.5224840855211306,38.62766582569047,KE,,pseudoAbsence,0,171.0,9.788124084472656,68.208740234375,144.41249084472656,32.21025085449219,17.860000610351562,14.350250244140625,25.283082962036133,22.824790954589844,26.407791137695312,22.824790954589844,814.0,171.0,11.0,87.54229736328125,376.0,43.0,283.0,43.0,458.0
Apis mellifera,-0.1782020802218955,40.25145831020591,KE,,pseudoAbsence,0,83.0,9.6917085647583,71.12397003173828,125.90564727783203,35.54800033569336,21.921499252319336,13.626501083374023,28.352542877197266,26.635040283203125,29.7346248626709,26.525625228881836,343.0,83.0,4.0,93.66001892089844,156.0,23.0,118.0,25.0,140.0
Apis mellifera,3.6624812016680126,35.92251789751943,KE,,pseudoAbsence,0,43.0,11.058292388916016,84.85003662109375,66.49569702148438,35.9375,22.90475082397461,13.03274917602539,29.535667419433594,28.984458923339844,29.91266632080078,28.3122501373291,188.0,43.0,2.0,77.61443328857422,93.0,12.0,48.0,21.0,364.0
Apis mellifera,-2.0206224420018484,40.87802793443344,KE,,pseudoAbsence,0,,,,,,,,,,,,,,,,,,,,
Apis mellifera,-3.6172024673800847,38.08984100522396,KE,,pseudoAbsence,0,123.0,11.2368745803833,68.74178314208984,169.37049865722656,30.890249252319336,14.543749809265137,16.346500396728516,23.085041046142578,20.084333419799805,24.19408416748047,20.084333419799805,651.0,123.0,7.0,78.7434310913086,289.0,27.0,184.0,27.0,916.0
Apis mellifera,2.631253368961257,37.138676799871206,KE,,pseudoAbsence,0,68.0,11.82043743133545,80.15349578857422,81.08665466308594,33.50725173950195,18.760000228881836,14.747251510620117,26.700332641601562,25.115001678466797,27.040374755859375,25.00262451171875,259.0,68.0,1.0,92.41126251220703,126.0,13.0,56.0,14.0,603.0
Apis mellifera,0.715908359225474,36.73267880145096,KE,,pseudoAbsence,0,127.0,15.080937385559082,84.05616760253906,69.20248413085938,26.88599967956543,8.944499969482422,17.941499710083008,18.724458694458008,17.609249114990234,18.724458694458008,17.016542434692383,691.0,127.0,18.0,55.146488189697266,271.0,77.0,271.0,153.0,1800.0
Apis mellifera,0.5269455281138233,37.17402048896116,KE,,pseudoAbsence,0,177.0,13.729207992553711,85.37799072265625,67.57024383544922,30.81100082397461,14.730500221252441,16.080501556396484,23.19474983215332,21.836000442504883,23.19474983215332,21.746376037597656,752.0,177.0,12.0,87.1031723022461,352.0,39.0,352.0,40.0,1115.0
Apis mellifera,-2.519820762167243,39.69849938416871,KE,,pseudoAbsence,0,113.0,8.25489616394043,67.90101623535156,125.767333984375,32.23324966430664,20.076000213623047,12.157249450683594,26.23724937438965,27.104415893554688,27.264999389648438,24.20537567138672,747.0,113.0,14.0,51.91028594970703,274.0,100.0,177.0,130.0,169.0
Apis mellifera,1.9755654683147723,38.99597879512509,KE,,pseudoAbsence,0,109.0,11.602561950683594,76.02130126953125,100.44235229492188,35.35300064086914,20.090749740600586,15.262250900268555,27.93924903869629,25.874874114990234,28.379417419433594,25.874874114990234,317.0,109.0,0.0,125.75013732910156,161.0,0.0,52.0,0.0,329.0
Apis mellifera,0.3117492603550182,39.6234474685993,KE,,pseudoAbsence,0,92.0,10.702437400817871,75.18000030517578,109.43810272216797,35.51499938964844,21.27924919128418,14.235750198364258,28.06100082397461,26.553707122802734,29.349166870117188,26.553707122802734,311.0,92.0,1.0,121.26239013671875,160.0,5.0,124.0,5.0,208.0
Apis mellifera,-0.3638060420062983,35.28249153721067,KE,,pseudoAbsence,0,254.0,12.269583702087402,81.60001373291016,77.2096939086914,25.797000885009766,10.760749816894531,15.036251068115234,18.140625,18.520166397094727,18.789833068847656,16.822416305541992,1735.0,254.0,78.0,35.81127166748047,637.0,267.0,325.0,442.0,1944.0
Apis mellifera,-1.128543521992735,35.88835178861407,KE,,pseudoAbsence,0,147.0,13.483041763305664,80.17268371582031,101.81067657470703,25.933500289916992,9.116000175476074,16.817501068115234,17.844499588012695,15.779582977294922,18.077959060668945,15.555583953857422,777.0,147.0,28.0,53.2304573059082,336.0,91.0,298.0,104.0,1936.0
Apis mellifera,-0.4565028132604922,35.113843915670195,KE,,pseudoAbsence,0,239.0,12.416500091552734,80.7603530883789,75.22515106201172,27.432750701904297,12.058250427246094,15.374500274658203,19.621583938598633,19.918832778930664,20.213708877563477,18.302749633789062,1610.0,239.0,79.0,32.074790954589844,578.0,276.0,329.0,389.0,1700.0
Apis mellifera,2.840212411119664,40.57845562832689,KE,,pseudoAbsence,0,98.0,11.189167022705078,71.96299743652344,130.044189453125,35.204750061035156,19.65625,15.548500061035156,27.536209106445312,24.957374572753906,28.24483299255371,24.957374572753906,322.0,98.0,1.0,118.0106201171875,160.0,5.0,40.0,5.0,474.0
Apis mellifera,3.254746654192264,38.084764885563125,KE,,pseudoAbsence,0,96.0,11.273374557495117,72.07809448242188,128.6888885498047,33.822750091552734,18.182249069213867,15.640501022338867,26.256500244140625,23.920541763305664,27.25920867919922,23.920541763305664,332.0,96.0,2.0,98.6697998046875,169.0,9.0,67.0,9.0,656.0
Apis mellifera,1.005595157257975,36.61608690142675,KE,,pseudoAbsence,0,101.0,13.025854110717773,80.65169525146484,82.01533508300781,24.347000122070312,8.196249961853027,16.15074920654297,16.56833267211914,16.065624237060547,17.113832473754883,15.034042358398438,704.0,101.0,21.0,45.396942138671875,240.0,80.0,228.0,210.0,2049.0
Apis mellifera,-0.2163755037943016,40.190784946047366,KE,,pseudoAbsence,0,83.0,9.6917085647583,71.12397003173828,125.90564727783203,35.54800033569336,21.921499252319336,13.626501083374023,28.352542877197266,26.635040283203125,29.7346248626709,26.525625228881836,343.0,83.0,4.0,93.66001892089844,156.0,23.0,118.0,25.0,140.0
Apis mellifera,-0.8658088646994253,39.230849501751,KE,,pseudoAbsence,0,140.0,10.207979202270508,71.66008758544922,128.59719848632812,34.61249923706055,20.36750030517578,14.244998931884766,27.554542541503906,25.385000228881836,28.645540237426758,25.385000228881836,475.0,140.0,2.0,110.17361450195312,265.0,12.0,155.0,12.0,251.0
Apis mellifera,4.947737868234786,35.66028067178668,KE,,pseudoAbsence,0,,,,,,,,,,,,,,,,,,,,
Apis mellifera,-1.5048532808544683,36.534924935545625,KE,,pseudoAbsence,0,147.0,12.303812980651855,74.40621948242188,128.9704132080078,30.159000396728516,13.623000144958496,16.535999298095703,22.1542911529541,19.84404182434082,22.707874298095703,19.492624282836914,630.0,147.0,8.0,80.53569030761719,325.0,30.0,251.0,39.0,1415.0
Apis mellifera,-4.496864656603126,39.22234029577467,KE,,pseudoAbsence,0,242.0,8.814020156860352,65.48306274414062,158.1140899658203,32.72100067138672,19.26099967956543,13.460000991821289,25.5072078704834,27.266834259033203,27.533916473388672,23.745540618896484,1142.0,242.0,21.0,67.25614166259766,534.0,112.0,123.0,218.0,94.0
Apis mellifera,0.6770327457785017,37.079652965807625,KE,,pseudoAbsence,0,216.0,13.886750221252441,85.14385986328125,67.36991882324219,30.062999725341797,13.753250122070312,16.309749603271484,22.451457977294922,20.95199966430664,22.451457977294922,20.947166442871094,849.0,216.0,16.0,88.55908966064453,431.0,49.0,431.0,55.0,1179.0
Apis mellifera,3.6071954436766616,34.68641053262609,KE,,pseudoAbsence,0,78.0,14.257375717163086,86.30634307861328,71.61641693115234,35.818748474121094,19.29924964904785,16.519498825073242,27.546667098999023,27.60012435913086,28.08479118347168,26.270374298095703,422.0,78.0,7.0,53.28765869140625,175.0,46.0,71.0,111.0,672.0
Apis mellifera,-2.064627024422218,39.16813864396606,KE,,pseudoAbsence,0,136.0,9.641854286193848,69.27240753173828,138.06936645507812,33.813751220703125,19.895000457763672,13.918750762939453,26.99737548828125,24.661333084106445,28.07208251953125,24.661333084106445,653.0,136.0,13.0,76.70362854003906,303.0,55.0,194.0,55.0,206.0
Apis mellifera,-0.2571661675900376,35.079122974228106,KE,,pseudoAbsence,0,200.0,12.986854553222656,82.92877960205078,66.71420288085938,30.055500030517578,14.39525032043457,15.660249710083008,22.0086669921875,22.41116714477539,22.618833541870117,20.907291412353516,1314.0,200.0,66.0,33.83145523071289,490.0,236.0,283.0,296.0,1352.0
Apis mellifera,-3.353865129312576,39.70244675063491,KE,,pseudoAbsence,0,202.0,8.088208198547363,67.52411651611328,125.88102722167969,31.37725067138672,19.39900016784668,11.978250503540039,25.027666091918945,26.2653751373291,26.476459503173828,23.40829086303711,919.0,202.0,16.0,62.90140151977539,393.0,94.0,186.0,171.0,127.0
Apis mellifera,-2.787045066390522,37.84410647772426,KE,,pseudoAbsence,0,193.0,10.717666625976562,68.14385986328125,161.23043823242188,28.86025047302246,13.13224983215332,15.72800064086914,21.45770835876465,18.46187400817871,22.181625366210938,18.212791442871094,860.0,193.0,6.0,93.26346588134766,395.0,22.0,215.0,23.0,1315.0
Apis mellifera,-1.481420494009286,36.97406308158221,KE,,pseudoAbsence,0,144.0,12.275479316711426,73.48716735839844,122.2987289428711,28.831249237060547,12.126999855041504,16.70425033569336,20.777374267578125,18.376874923706055,21.258499145507812,18.143667221069336,649.0,144.0,9.0,77.1600341796875,306.0,33.0,252.0,40.0,1590.0
Apis mellifera,-0.4718190795392614,39.28831466268373,KE,,pseudoAbsence,0,123.0,10.45887565612793,73.40333557128906,120.41295623779297,34.61800003051758,20.36949920654297,14.24850082397461,27.37416648864746,25.48670768737793,28.548208236694336,25.48670768737793,381.0,123.0,1.0,120.36271667480469,225.0,5.0,124.0,5.0,322.0
Apis mellifera,-0.5016057316380209,38.29127155493836,KE,,pseudoAbsence,0,206.0,10.854958534240723,73.59168243408203,122.40243530273438,30.054750442504883,15.304499626159668,14.750250816345215,22.9913330078125,20.691625595092773,23.71208381652832,20.691625595092773,616.0,206.0,0.0,126.79537963867188,356.0,1.0,219.0,1.0,833.0
Apis mellifera,1.9261321633806217,38.94064381495481,KE,,pseudoAbsence,0,109.0,11.602561950683594,76.02130126953125,100.44235229492188,35.35300064086914,20.090749740600586,15.262250900268555,27.93924903869629,25.874874114990234,28.379417419433594,25.874874114990234,317.0,109.0,0.0,125.75013732910156,161.0,0.0,52.0,0.0,329.0
Apis mellifera,2.5804842751344728,40.6782887773257,KE,,pseudoAbsence,0,98.0,11.167957305908203,72.02810668945312,133.4849090576172,35.65950012207031,20.15450096130371,15.504999160766602,28.043209075927734,25.35091781616211,28.722915649414062,25.35091781616211,342.0,98.0,1.0,114.19343566894531,163.0,8.0,43.0,8.0,396.0
Apis mellifera,0.4740150837298298,35.9071887231684,KE,,pseudoAbsence,0,107.0,14.230124473571777,85.69525146484375,62.254886627197266,31.40074920654297,14.795249938964844,16.605499267578125,22.049165725708008,22.903249740600586,23.589000701904297,22.049165725708008,794.0,107.0,26.0,44.91620635986328,278.0,94.0,184.0,278.0,1280.0
Apis mellifera,2.9124150122332493,39.2122846376043,KE,,pseudoAbsence,0,109.0,10.770666122436523,67.89376068115234,143.31484985351562,34.66875076293945,18.804750442504883,15.86400032043457,26.694623947143555,24.164459228515625,27.84724998474121,24.164459228515625,349.0,109.0,1.0,113.34296417236328,179.0,6.0,50.0,6.0,525.0
Apis mellifera,3.904006942173692,35.80191827197618,KE,,pseudoAbsence,0,65.0,13.390250205993652,85.4637680053711,67.3437271118164,37.170501708984375,21.502750396728516,15.66775131225586,29.2239990234375,28.728458404541016,29.936500549316406,28.26620864868164,276.0,65.0,5.0,76.91166687011719,139.0,23.0,64.0,33.0,505.0
Apis mellifera,2.169868407948468,39.12096580225771,KE,,pseudoAbsence,0,104.0,11.142583847045898,72.98595428466797,112.5093002319336,35.19599914550781,19.929248809814453,15.26675033569336,27.660375595092773,25.514917373657227,28.37958335876465,25.514917373657227,315.0,104.0,0.0,121.01622009277344,158.0,2.0,49.0,2.0,369.0
Apis mellifera,-2.3127516372293013,36.8375793047393,KE,,pseudoAbsence,0,123.0,11.135062217712402,70.71676635742188,136.70431518554688,28.725000381469727,12.979000091552734,15.746000289916992,21.262001037597656,18.759416580200195,21.808584213256836,18.412750244140625,562.0,123.0,2.0,81.40304565429688,261.0,10.0,249.0,13.0,1419.0
Apis mellifera,-1.2276814204189836,39.08226466204114,KE,,pseudoAbsence,0,169.0,9.780146598815918,70.38860321044922,132.7445068359375,33.69475173950195,19.800249099731445,13.894502639770508,26.91724967956543,24.575416564941406,27.91437530517578,24.575416564941406,565.0,169.0,3.0,109.26493835449219,324.0,17.0,174.0,17.0,314.0
Apis mellifera,0.8966675016976149,39.62642312602646,KE,,pseudoAbsence,0,116.0,11.100354194641113,76.4552993774414,97.88793182373047,35.77775192260742,21.259000778198242,14.51875114440918,28.964374542236328,26.76849937438965,29.200708389282227,26.76849937438965,309.0,116.0,1.0,133.03298950195312,151.0,4.0,147.0,4.0,221.0
Apis mellifera,2.8850064653300542,40.87706709185274,KE,,pseudoAbsence,0,97.0,11.607852935791016,73.05821228027344,128.65850830078125,35.9744987487793,20.086000442504883,15.888498306274414,28.19270896911621,25.531707763671875,28.76854133605957,25.531707763671875,322.0,97.0,1.0,118.1497573852539,158.0,6.0,133.0,6.0,392.0
Apis mellifera,4.659742961165153,34.85810038736999,KE,,pseudoAbsence,0,98.0,14.676812171936035,84.75011444091797,83.76695251464844,36.586997985839844,19.269248962402344,17.3177490234375,27.790332794189453,28.0454158782959,28.57495880126953,26.448123931884766,556.0,98.0,13.0,49.47562026977539,226.0,74.0,102.0,126.0,468.0
Apis mellifera,-1.2995253622677465,41.07784980966719,KE,,pseudoAbsence,0,131.0,7.707562446594238,68.07147216796875,116.38385772705078,33.26625061035156,21.943500518798828,11.322750091552734,27.23349952697754,28.359041213989258,28.590126037597656,25.66583251953125,565.0,131.0,2.0,79.89767456054688,305.0,27.0,124.0,147.0,61.0
Apis mellifera,0.0851153091241698,39.626362608446485,KE,,pseudoAbsence,0,91.0,10.494895935058594,74.38704681396484,113.57320404052734,35.340999603271484,21.232500076293945,14.108499526977539,27.937583923339844,26.364707946777344,29.26504135131836,26.364707946777344,316.0,91.0,1.0,117.91548156738281,168.0,6.0,119.0,6.0,238.0
Apis mellifera,-1.0074790129300402,34.024979332752466,KE,,pseudoAbsence,0,,,,,,,,,,,,,,,,,,,,
Apis mellifera,-1.3201288651311214,38.15514866613494,KE,,pseudoAbsence,0,256.0,10.01158332824707,71.9972915649414,124.56987762451172,28.710250854492188,14.804750442504883,13.905500411987305,21.953041076660156,19.603374481201172,22.713417053222656,19.603374481201172,848.0,256.0,3.0,113.55264282226562,455.0,13.0,300.0,13.0,1057.0
Apis mellifera,-3.145041785801571,39.71244282864852,KE,,pseudoAbsence,0,122.0,8.083041191101074,67.12931823730469,123.85012817382812,31.731250762939453,19.690250396728516,12.041000366210938,26.34958267211914,26.603958129882812,26.803709030151367,23.78179168701172,786.0,122.0,16.0,50.16790008544922,280.0,103.0,174.0,128.0,107.0
Apis mellifera,-2.5291938813472608,38.85247111997282,KE,,pseudoAbsence,0,153.0,9.86777114868164,68.76734924316406,141.85247802734375,33.26250076293945,18.913000106811523,14.34950065612793,26.2899169921875,23.900501251220703,27.388166427612305,23.900501251220703,802.0,153.0,20.0,74.85859680175781,350.0,64.0,256.0,64.0,273.0
Apis mellifera,0.8442775752938436,37.59313016867804,KE,,pseudoAbsence,0,135.0,12.425395965576172,82.94380187988281,71.84943389892578,30.671499252319336,15.690999984741211,14.980499267578125,23.698917388916016,22.118375778198242,23.761249542236328,22.118375778198242,539.0,135.0,4.0,102.4223403930664,246.0,13.0,219.0,13.0,943.0
Apis mellifera,0.4331743268772543,39.24065933575284,KE,,pseudoAbsence,0,101.0,11.096396446228027,77.41987609863281,99.83331298828125,34.8494987487793,20.51675033569336,14.332748413085938,27.36345863342285,25.94220733642578,28.493125915527344,25.94220733642578,321.0,101.0,0.0,129.61251831054688,167.0,2.0,134.0,2.0,272.0
Apis mellifera,3.593585386522819,41.438268598460205,KE,,pseudoAbsence,0,88.0,11.705166816711426,74.50418853759766,114.76168060302734,36.59600067138672,20.885250091552734,15.710750579833984,28.616125106811523,26.30591583251953,29.134916305541992,26.30591583251953,273.0,88.0,0.0,120.51931762695312,147.0,2.0,115.0,2.0,416.0
Apis mellifera,4.1897577087616975,36.98189563878628,KE,,pseudoAbsence,0,68.0,12.53139591217041,77.20297241210938,101.6787109375,34.27775192260742,18.04599952697754,16.231752395629883,26.242124557495117,24.604833602905273,27.071250915527344,24.41341781616211,357.0,68.0,4.0,70.7491226196289,160.0,25.0,98.0,26.0,754.0
Apis mellifera,-1.5480970008964827,37.58618852939798,KE,,pseudoAbsence,0,202.0,10.904687881469727,71.25383758544922,131.1180877685547,29.194250106811523,13.890250205993652,15.303999900817871,21.771249771118164,19.66550064086914,22.652833938598633,19.359209060668945,727.0,202.0,1.0,103.00318908691406,361.0,8.0,270.0,10.0,1205.0
Apis mellifera,2.4319818562038176,40.55028191483123,KE,,pseudoAbsence,0,97.0,10.964791297912598,71.68053436279297,128.82199096679688,35.74174880981445,20.44499969482422,15.296749114990234,28.10995864868164,25.566165924072266,28.822500228881836,25.566165924072266,338.0,97.0,2.0,112.51142120361328,161.0,9.0,43.0,9.0,365.0
Apis mellifera,-4.205008305326128,39.22342500157986,KE,,pseudoAbsence,0,183.0,8.986124992370605,66.08660125732422,157.2619171142578,31.867250442504883,18.269750595092773,13.59749984741211,24.55699920654297,26.551624298095703,26.551624298095703,22.80262565612793,970.0,183.0,23.0,57.08133316040039,404.0,113.0,113.0,191.0,193.0
Apis mellifera,-0.5607437594050957,38.87473056369157,KE,,pseudoAbsence,0,165.0,10.019708633422852,72.37581634521484,120.50965118408203,33.06475067138672,19.22075080871582,13.843999862670898,26.13658332824707,24.114749908447266,27.16550064086914,24.114749908447266,464.0,165.0,0.0,129.35023498535156,289.0,2.0,146.0,2.0,426.0
Apis mellifera,-0.0485301882350661,35.53423615455149,KE,,pseudoAbsence,0,175.0,12.081791877746582,81.91738891601562,75.19932556152344,22.665000915527344,7.916250228881836,14.748750686645508,13.576624870300293,15.002249717712402,15.470292091369629,13.576624870300293,1198.0,175.0,40.0,47.863365173339844,429.0,143.0,293.0,429.0,2432.0
Apis mellifera,-1.9382747748676068,38.63052262670299,KE,,pseudoAbsence,0,179.0,9.424249649047852,68.16323852539062,137.5557098388672,32.09049987792969,18.26449966430664,13.826000213623047,25.414541244506836,22.95491600036621,26.426082611083984,22.95491600036621,638.0,179.0,3.0,110.4297866821289,359.0,11.0,215.0,11.0,499.0
Apis mellifera,2.758457257649612,40.67469575313565,KE,,pseudoAbsence,0,100.0,11.334980010986328,72.46617889404297,131.13650512695312,35.56275177001953,19.92099952697754,15.641752243041992,27.938833236694336,25.23908233642578,28.530040740966797,25.23908233642578,334.0,100.0,1.0,117.47156524658203,163.0,7.0,138.0,7.0,429.0
Apis mellifera,-2.5901554531714743,38.68627485655144,KE,,pseudoAbsence,0,164.0,9.754375457763672,68.5925521850586,141.81820678710938,32.70899963378906,18.488250732421875,14.220748901367188,25.859832763671875,23.441499710083008,26.94649887084961,23.441499710083008,817.0,164.0,16.0,80.57234191894531,367.0,54.0,271.0,54.0,351.0
Apis mellifera,3.521583166024386,40.23738197823977,KE,,pseudoAbsence,0,103.0,10.692229270935059,70.30198669433594,129.78738403320312,33.78874969482422,18.579750061035156,15.208999633789062,26.051666259765625,23.626209259033203,26.95404052734375,23.626209259033203,312.0,103.0,0.0,121.76734161376953,172.0,3.0,37.0,3.0,664.0
Apis mellifera,0.1276793138911802,34.79282014131363,KE,,pseudoAbsence,0,278.0,11.963375091552734,82.32010650634766,69.05148315429688,27.959749221801758,13.427000045776367,14.53274917602539,20.507625579833984,20.901124954223633,21.097124099731445,19.33716583251953,1877.0,278.0,77.0,36.16600036621094,690.0,294.0,351.0,442.0,1570.0
Apis mellifera,-1.224625674832268,34.819917106889896,KE,,pseudoAbsence,0,212.0,11.766250610351562,81.4301528930664,70.42191314697266,27.074750900268555,12.625249862670898,14.449501037597656,20.198667526245117,18.767000198364258,20.536916732788086,18.767000198364258,1393.0,212.0,49.0,37.96012496948242,520.0,214.0,331.0,214.0,1608.0
Apis mellifera,1.6339541051414752,37.26425567482469,KE,,pseudoAbsence,0,116.0,11.027104377746582,80.70187377929688,74.46278381347656,29.39900016784668,15.734999656677246,13.664000511169434,23.261709213256836,21.577457427978516,23.38187599182129,21.53533363342285,454.0,116.0,3.0,93.42826080322266,221.0,15.0,191.0,18.0,957.0
Apis mellifera,-1.721724637587553,41.5045599764513,KE,,pseudoAbsence,0,,,,,,,,,,,,,,,,,,,,
Apis mellifera,-2.370117694938056,37.84441981644385,KE,,pseudoAbsence,0,170.0,10.929500579833984,69.6767807006836,147.41537475585938,30.415250778198242,14.729249954223633,15.68600082397461,22.922250747680664,20.44012451171875,23.901458740234375,20.210832595825195,619.0,170.0,1.0,107.3936538696289,334.0,5.0,216.0,6.0,988.0
Apis mellifera,4.847577444230528,34.97417194724106,KE,,pseudoAbsence,0,,,,,,,,,,,,,,,,,,,,
Apis mellifera,1.9145021270412563,37.42546328315524,KE,,pseudoAbsence,0,100.0,12.454000473022461,82.30511474609375,79.62149047851562,32.95500183105469,17.82349967956543,15.131502151489258,26.27020835876465,24.456207275390625,26.408292770385742,24.406749725341797,348.0,100.0,2.0,101.77217864990234,180.0,10.0,154.0,11.0,592.0
Apis mellifera,1.199308199696297,37.37216545573365,KE,,pseudoAbsence,0,136.0,11.36647891998291,81.29220581054688,71.76496887207031,29.3799991607666,15.397749900817871,13.98224925994873,23.031917572021484,21.471874237060547,23.119625091552734,21.3735408782959,535.0,136.0,4.0,96.85889434814453,258.0,14.0,224.0,16.0,964.0
Apis mellifera,-0.315113784340939,36.03451874885999,KE,,pseudoAbsence,0,135.0,14.393729209899902,81.41019439697266,70.72306060791016,26.326749801635742,8.646249771118164,17.680500030517578,17.126083374023438,17.176584243774414,17.800792694091797,16.041749954223633,888.0,135.0,25.0,44.780948638916016,322.0,106.0,228.0,268.0,1931.0
Apis mellifera,0.5945772829395803,34.53227820155025,KE,,pseudoAbsence,0,248.0,12.372270584106445,83.15396881103516,68.36511993408203,28.812999725341797,13.934249877929688,14.87874984741211,20.789207458496094,21.45574951171875,21.739208221435547,20.023582458496094,1659.0,248.0,54.0,42.275264739990234,635.0,204.0,267.0,417.0,1455.0
Apis mellifera,2.65009906243675,38.778080163810586,KE,,pseudoAbsence,0,101.0,9.34666633605957,68.81784057617188,124.11520385742188,33.53799819946289,19.956249237060547,13.581748962402344,26.942167282104492,24.652873992919922,27.852291107177734,24.652873992919922,314.0,101.0,0.0,117.08692169189453,158.0,2.0,52.0,2.0,454.0
Apis mellifera,1.5273201120534026,38.30853614552997,KE,,pseudoAbsence,0,105.0,11.889688491821289,79.78185272216797,83.56615447998047,34.08924865722656,19.186500549316406,14.902748107910156,27.260875701904297,25.361000061035156,27.472749710083008,25.361000061035156,324.0,105.0,0.0,124.51203155517578,158.0,0.0,153.0,0.0,390.0
Apis mellifera,2.397277394855688,37.01739027244159,KE,,pseudoAbsence,0,70.0,12.217916488647461,82.14000701904297,78.4468994140625,33.19300079345703,18.318500518798828,14.874500274658203,26.507917404174805,24.827709197998047,26.73662567138672,24.75116729736328,264.0,70.0,1.0,92.39885711669922,130.0,12.0,114.0,14.0,629.0
Apis mellifera,-3.1368345827480306,39.36457863695066,KE,,pseudoAbsence,0,117.0,9.229937553405762,69.21717071533203,131.13418579101562,32.66975021362305,19.334999084472656,13.33475112915039,26.14099884033203,24.100082397460938,27.244293212890625,24.072040557861328,742.0,117.0,21.0,54.699005126953125,293.0,87.0,186.0,109.0,151.0
Apis mellifera,-2.1646968573752217,38.498415563039686,KE,,pseudoAbsence,0,177.0,9.629812240600586,67.77262878417969,140.64892578125,31.774999618530273,17.56599998474121,14.208999633789062,24.92129135131836,22.410541534423828,25.955123901367188,22.410541534423828,633.0,177.0,3.0,110.9808578491211,348.0,11.0,222.0,11.0,567.0
Apis mellifera,-1.9610788172349896,35.911722358298434,KE,,pseudoAbsence,0,183.0,10.456624984741211,73.67192840576172,116.24658203125,26.568500518798828,12.375,14.193500518798828,19.64554214477539,17.887500762939453,20.31833267211914,17.527666091918945,823.0,183.0,16.0,71.9697494506836,405.0,52.0,249.0,64.0,1826.0
Apis mellifera,0.1464909387069388,36.80597956438612,KE,,pseudoAbsence,0,113.0,15.160500526428223,79.09688568115234,56.44844055175781,26.358999252319336,7.191999912261963,19.16699981689453,17.571624755859375,16.50262451171875,17.571624755859375,16.319416046142578,709.0,113.0,27.0,41.01121520996094,241.0,109.0,241.0,171.0,1894.0
Apis mellifera,-0.5750506970727596,34.04477846731166,KE,,pseudoAbsence,0,195.0,9.507416725158691,83.2268295288086,59.33048629760742,27.701499938964844,16.277999877929688,11.423500061035156,22.186208724975586,21.076875686645508,22.571041107177734,21.076875686645508,1132.0,195.0,41.0,50.978145599365234,472.0,141.0,253.0,141.0,1267.0
Apis mellifera,-3.027610637694392,39.52204771685136,KE,,pseudoAbsence,0,109.0,8.693770408630371,67.93866729736328,127.8303451538086,32.412750244140625,19.61625099182129,12.796499252319336,26.086833953857422,24.1004581451416,27.187625885009766,24.1004581451416,736.0,109.0,18.0,51.21521759033203,280.0,102.0,169.0,102.0,117.0
Apis mellifera,2.0625352754309363,36.66325566043422,KE,,pseudoAbsence,0,64.0,13.659500122070312,86.48674011230469,69.5828628540039,35.040000915527344,19.24625015258789,15.793750762939453,27.81454086303711,26.591875076293945,27.93404197692871,26.182750701904297,270.0,64.0,4.0,74.80168151855469,131.0,28.0,104.0,37.0,481.0
Apis mellifera,3.5787201193572047,36.60358876641063,KE,,pseudoAbsence,0,54.0,12.291376113891602,80.93619537353516,83.8760757446289,34.61275100708008,19.426250457763672,15.186500549316406,27.245166778564453,25.811792373657227,27.846208572387695,25.657041549682617,246.0,54.0,2.0,78.6707992553711,116.0,17.0,66.0,18.0,760.0
Apis mellifera,0.2124971598827238,35.42900608238848,KE,,pseudoAbsence,0,189.0,12.443353652954102,82.15061950683594,77.6084213256836,24.111499786376953,8.964500427246094,15.14699935913086,14.772208213806152,16.2410831451416,16.72458267211914,14.757083892822266,1204.0,189.0,34.0,50.25119400024414,449.0,137.0,289.0,441.0,2345.0
Apis mellifera,-1.954520285816661,36.058655785684856,KE,,pseudoAbsence,0,81.0,11.874124526977539,74.60612487792969,124.13695526123047,32.552249908447266,16.636499404907227,15.915750503540039,25.553375244140625,22.512290954589844,25.565624237060547,22.512290954589844,397.0,81.0,3.0,77.19589233398438,192.0,12.0,155.0,12.0,780.0
Apis mellifera,3.755474468202997,40.69020142472075,KE,,pseudoAbsence,0,95.0,11.24289608001709,73.32721710205078,119.42546844482422,33.864749908447266,18.532249450683594,15.332500457763672,26.131542205810547,23.756458282470703,26.766334533691406,23.756458282470703,299.0,95.0,0.0,121.71125793457031,162.0,1.0,32.0,1.0,705.0
Apis mellifera,3.015254140409926,37.08342672637539,KE,,pseudoAbsence,0,46.0,11.735271453857422,79.05200958251953,98.10418701171875,34.76750183105469,19.922500610351562,14.845001220703125,27.892166137695312,26.077083587646484,28.468250274658203,25.933584213256836,194.0,46.0,0.0,90.987548828125,89.0,8.0,47.0,9.0,508.0
Apis mellifera,0.7886798274145574,40.48100518232384,KE,,pseudoAbsence,0,99.0,10.894916534423828,73.04425811767578,122.07060241699219,36.729000091552734,21.813499450683594,14.91550064086914,28.604875564575195,27.194583892822266,30.17533302307129,27.085582733154297,344.0,99.0,4.0,105.26095581054688,155.0,15.0,133.0,16.0,125.0
Apis mellifera,4.2259602551199125,34.72609913521345,KE,,pseudoAbsence,0,89.0,14.81683349609375,86.0206069946289,79.55142211914062,36.49924850463867,19.274499893188477,17.224748611450195,27.864625930786133,28.04662322998047,28.545124053955078,26.51995849609375,475.0,89.0,9.0,53.54824447631836,199.0,61.0,89.0,102.0,507.0
Apis mellifera,-1.3860498441458846,37.35783407778694,KE,,pseudoAbsence,0,190.0,10.991999626159668,71.90422821044922,129.0430908203125,28.405250549316406,13.118249893188477,15.28700065612793,20.954875946044922,18.889833450317383,21.791833877563477,18.556041717529297,727.0,190.0,2.0,100.50372314453125,338.0,9.0,286.0,12.0,1357.0
Apis mellifera,0.3157301419245453,34.14005550053176,KE,,pseudoAbsence,0,233.0,11.523771286010742,84.37687683105469,58.76076889038086,29.27899932861328,15.621500015258789,13.657499313354492,22.518749237060547,22.633333206176758,22.887540817260742,21.406291961669922,1409.0,233.0,52.0,43.790706634521484,546.0,222.0,275.0,243.0,1210.0
Apis mellifera,-2.557287024118676,37.34400211916,KE,,pseudoAbsence,0,148.0,12.503666877746582,71.87977600097656,147.97189331054688,30.938499450683594,13.54325008392334,17.395248413085938,22.45404052734375,19.725208282470703,23.139625549316406,19.47974967956543,702.0,148.0,5.0,85.05264282226562,301.0,18.0,184.0,24.0,1191.0
Apis mellifera,-1.997084610145765,38.001362469747,KE,,pseudoAbsence,0,174.0,10.850666999816895,70.25358581542969,137.11520385742188,31.533750534057617,16.0887508392334,15.444999694824219,24.02862548828125,21.59579086303711,25.074167251586914,21.59579086303711,563.0,174.0,1.0,115.58683776855469,316.0,5.0,194.0,5.0,810.0
Apis mellifera,1.7882309934886864,39.54341626190666,KE,,pseudoAbsence,0,108.0,11.445291519165039,75.10526275634766,103.53142547607422,36.28450012207031,21.045499801635742,15.23900032043457,28.64987564086914,26.599166870117188,29.17937469482422,26.599166870117188,321.0,108.0,1.0,120.18903350830078,163.0,3.0,48.0,3.0,277.0
Apis mellifera,2.3276172455549853,35.62749415736259,KE,,pseudoAbsence,0,73.0,13.161687850952148,87.62775421142578,55.469970703125,32.9427490234375,17.92275047302246,15.019998550415039,25.870208740234375,25.342958450317383,26.009416580200195,24.621416091918945,411.0,73.0,10.0,55.855491638183594,169.0,43.0,123.0,124.0,853.0
Apis mellifera,-1.0433257843581014,34.36265210380573,KE,,pseudoAbsence,0,221.0,11.655145645141602,80.98210144042969,64.06094360351562,28.52574920654297,14.133500099182129,14.39224910736084,21.566875457763672,20.34920883178711,21.991374969482422,20.34920883178711,1349.0,221.0,49.0,45.810794830322266,538.0,186.0,297.0,186.0,1390.0
Apis mellifera,4.935080374803417,34.96178904652062,KE,,pseudoAbsence,0,,,,,,,,,,,,,,,,,,,,
Apis mellifera,-0.4385478751047715,35.68078088425332,KE,,pseudoAbsence,0,174.0,11.791542053222656,81.31816864013672,71.36012268066406,20.27375030517578,5.773250102996826,14.500499725341797,11.420958518981934,12.707791328430176,13.201874732971191,11.420958518981934,1210.0,174.0,38.0,42.209938049316406,408.0,157.0,290.0,408.0,2782.0
Apis mellifera,-2.611313094615881,40.04916058287745,KE,,pseudoAbsence,0,173.0,7.596312522888184,67.00460052490234,121.41586303710938,32.431251525878906,21.094249725341797,11.33700180053711,26.43954086303711,27.556459426879883,27.794166564941406,24.828750610351562,879.0,173.0,11.0,60.07762145996094,390.0,85.0,192.0,171.0,44.0
Apis mellifera,-0.5385613915127463,35.126610507405175,KE,,pseudoAbsence,0,228.0,12.200791358947754,79.90956115722656,81.77333068847656,26.429750442504883,11.161499977111816,15.268250465393066,18.77662467956543,19.035249710083008,19.37812614440918,17.319332122802734,1562.0,228.0,79.0,30.311038970947266,551.0,283.0,330.0,362.0,1830.0
Apis mellifera,2.9648164427774395,38.9843218132157,KE,,pseudoAbsence,0,111.0,9.824625015258789,67.37615966796875,139.70777893066406,33.93775177001953,19.355998992919922,14.58175277709961,26.655166625976562,24.21587371826172,27.818832397460938,24.21587371826172,347.0,111.0,1.0,112.7918930053711,182.0,6.0,54.0,6.0,523.0
Apis mellifera,-0.8665852232415805,39.25889702196486,KE,,pseudoAbsence,0,140.0,10.207979202270508,71.66008758544922,128.59719848632812,34.61249923706055,20.36750030517578,14.244998931884766,27.554542541503906,25.385000228881836,28.645540237426758,25.385000228881836,475.0,140.0,2.0,110.17361450195312,265.0,12.0,155.0,12.0,251.0
Apis mellifera,-0.0514000049345542,37.82604485270439,KE,,pseudoAbsence,0,307.0,11.251250267028809,77.23528289794922,101.93387603759766,28.769750595092773,14.202249526977539,14.567501068115234,21.412500381469727,19.539833068847656,22.06045913696289,19.539833068847656,1241.0,307.0,8.0,102.27448272705078,615.0,30.0,423.0,30.0,1122.0
Apis mellifera,1.456091864278334,38.64218744900197,KE,,pseudoAbsence,0,107.0,11.82824993133545,79.62335968017578,86.13114166259766,34.75725173950195,19.902000427246094,14.85525131225586,27.849040985107422,25.876333236694336,28.063583374023438,25.876333236694336,314.0,107.0,0.0,129.4860382080078,152.0,0.0,150.0,0.0,299.0
Apis mellifera,3.29543304323218,36.88348302840711,KE,,pseudoAbsence,0,45.0,12.589792251586914,80.6249771118164,92.57470703125,36.06575012207031,20.45050048828125,15.615249633789062,28.71466636657715,27.033000946044922,29.295625686645508,26.893375396728516,194.0,45.0,0.0,88.8259048461914,90.0,9.0,48.0,10.0,432.0
Apis mellifera,0.8486530759163804,38.899110308054425,KE,,pseudoAbsence,0,119.0,11.432562828063965,79.53087615966797,90.03583526611328,34.49150085449219,20.116500854492188,14.375,27.101041793823242,25.813167572021484,28.106792449951172,25.813167572021484,334.0,119.0,0.0,136.30970764160156,158.0,0.0,156.0,0.0,295.0
Apis mellifera,3.847146604774175,41.79673418779967,KE,,pseudoAbsence,0,85.0,11.728458404541016,76.76948547363281,101.86582946777344,37.92900085449219,22.651500701904297,15.27750015258789,30.096874237060547,28.170957565307617,30.531707763671875,28.170957565307617,246.0,85.0,0.0,124.19562530517578,143.0,1.0,107.0,1.0,245.0
Apis mellifera,-1.5294227459607193,36.45464231553001,KE,,pseudoAbsence,0,133.0,12.287875175476074,74.64614868164062,127.58187866210938,31.434749603271484,14.973250389099121,16.461498260498047,23.5314998626709,21.199209213256836,24.043790817260742,20.865625381469727,534.0,133.0,4.0,84.19984436035156,285.0,20.0,235.0,21.0,1036.0
Apis mellifera,-2.4567127147914065,39.26358972809425,KE,,pseudoAbsence,0,138.0,9.686270713806152,69.31514739990234,137.7580108642578,33.557498931884766,19.583250045776367,13.974248886108398,26.680084228515625,24.41925048828125,27.7884578704834,24.41925048828125,728.0,138.0,19.0,69.1058349609375,318.0,67.0,212.0,67.0,219.0
Apis mellifera,-2.210579858287474,39.12012589038311,KE,,pseudoAbsence,0,147.0,9.789041519165039,68.94784545898438,139.4852752685547,33.63399887084961,19.436250686645508,14.197748184204102,26.663000106811523,24.314250946044922,27.772249221801758,24.314250946044922,694.0,147.0,15.0,79.43279266357422,327.0,51.0,212.0,51.0,250.0
Apis mellifera,0.2936769907750491,35.56561731690534,KE,,pseudoAbsence,0,180.0,12.20618724822998,82.55512237548828,66.04988861083984,24.108749389648438,9.323249816894531,14.785499572753906,16.309749603271484,16.514833450317383,16.937042236328125,15.265166282653809,1238.0,180.0,40.0,45.698116302490234,426.0,152.0,313.0,417.0,2276.0
Apis mellifera,2.5250709586039823,38.212837206112695,KE,,pseudoAbsence,0,100.0,10.564270973205566,72.32705688476562,116.40817260742188,32.830501556396484,18.22425079345703,14.606250762939453,26.001249313354492,23.74220848083496,26.73758316040039,23.74220848083496,327.0,100.0,0.0,111.26664733886719,162.0,2.0,64.0,2.0,643.0
Apis mellifera,-1.8432505234142504,37.44326839932089,KE,,pseudoAbsence,0,169.0,10.653562545776367,69.79534912109375,138.1111297607422,28.249500274658203,12.98550033569336,15.263999938964844,20.667749404907227,18.46500015258789,21.634292602539062,18.158708572387695,708.0,169.0,1.0,91.12373352050781,313.0,10.0,274.0,15.0,1375.0
Apis mellifera,3.3531982608006645,36.54741807129718,KE,,pseudoAbsence,0,50.0,12.449250221252441,81.90296173095703,81.8120346069336,34.89175033569336,19.691749572753906,15.200000762939453,27.612375259399414,26.1542911529541,28.118125915527344,25.998167037963867,222.0,50.0,1.0,80.74425506591797,105.0,15.0,58.0,17.0,693.0
Apis mellifera,-2.755921130954152,39.38497057998784,KE,,pseudoAbsence,0,125.0,9.372771263122559,69.28551483154297,133.02146911621094,33.08250045776367,19.554750442504883,13.527750015258789,26.42037582397461,24.296916961669922,27.518083572387695,24.29050064086914,745.0,125.0,20.0,58.5822639465332,304.0,84.0,199.0,106.0,174.0
Apis mellifera,-1.2737608070414552,34.4932908257649,KE,,pseudoAbsence,0,,,,,,,,,,,,,,,,,,,,
Apis mellifera,2.757154153766759,40.162985455598175,KE,,pseudoAbsence,0,100.0,10.699979782104492,70.5652084350586,130.4534454345703,34.86249923706055,19.699249267578125,15.163249969482422,27.346458435058594,24.87529182434082,28.208332061767578,24.87529182434082,324.0,100.0,1.0,117.53694915771484,162.0,5.0,43.0,5.0,489.0
Apis mellifera,1.879432454214859,39.50750508458082,KE,,pseudoAbsence,0,105.0,11.414791107177734,74.32593536376953,107.67068481445312,36.177249908447266,20.819499969482422,15.357749938964844,28.460166931152344,26.373332977294922,29.077251434326172,26.373332977294922,322.0,105.0,1.0,117.56229400634766,163.0,4.0,48.0,4.0,303.0
Apis mellifera,2.5027215651339656,38.10013441508736,KE,,pseudoAbsence,0,86.0,10.737895965576172,73.84437561035156,116.35247039794922,32.34375,17.802499771118164,14.541250228881836,25.74650001525879,23.390666961669922,26.35325050354004,23.390666961669922,299.0,86.0,0.0,107.818603515625,144.0,2.0,63.0,2.0,718.0
Apis mellifera,-2.9224219959824627,38.442293186512565,KE,,pseudoAbsence,0,194.0,10.437250137329102,69.7187728881836,148.2542266845703,31.883750915527344,16.913249969482422,14.970500946044922,25.21554183959961,22.194873809814453,25.826250076293945,22.194873809814453,950.0,194.0,18.0,78.88690185546875,400.0,67.0,339.0,67.0,544.0
Apis mellifera,1.745447368751659,38.835557727982,KE,,pseudoAbsence,0,106.0,11.339624404907227,76.14320373535156,96.58843994140625,35.0989990234375,20.206501007080078,14.892498016357422,27.905792236328125,25.87679100036621,28.27375030517578,25.87679100036621,306.0,106.0,0.0,128.56898498535156,151.0,0.0,149.0,0.0,325.0
Apis mellifera,-0.4736494010021035,34.97287895399023,KE,,pseudoAbsence,0,215.0,12.295145988464355,82.07296752929688,68.38578033447266,28.46324920654297,13.482500076293945,14.980749130249023,20.865249633789062,21.135082244873047,21.39550018310547,19.641250610351562,1463.0,215.0,65.0,34.10331726074219,540.0,245.0,291.0,341.0,1502.0
Apis mellifera,-2.727277196365105,37.29228685813765,KE,,pseudoAbsence,0,172.0,12.689020156860352,72.17154693603516,151.20614624023438,30.563749313354492,12.982000350952148,17.581748962402344,21.917667388916016,19.259666442871094,22.751375198364258,18.99970817565918,759.0,172.0,9.0,80.6670913696289,359.0,28.0,194.0,38.0,1234.0
Apis mellifera,-1.5477064231671591,39.91854856461898,KE,,pseudoAbsence,0,90.0,9.102041244506836,66.29792022705078,139.12841796875,34.73125076293945,21.00225067138672,13.729000091552734,27.64145851135254,25.589500427246094,28.978374481201172,25.589500427246094,495.0,90.0,10.0,58.814414978027344,195.0,69.0,78.0,69.0,76.0
Apis mellifera,0.3381147026960578,39.30833778219759,KE,,pseudoAbsence,0,101.0,11.096396446228027,77.41987609863281,99.83331298828125,34.8494987487793,20.51675033569336,14.332748413085938,27.36345863342285,25.94220733642578,28.493125915527344,25.94220733642578,321.0,101.0,0.0,129.61251831054688,167.0,2.0,134.0,2.0,272.0
Apis mellifera,-1.9312895531621672,38.14930163884995,KE,,pseudoAbsence,0,174.0,10.850666999816895,70.25358581542969,137.11520385742188,31.533750534057617,16.0887508392334,15.444999694824219,24.02862548828125,21.59579086303711,25.074167251586914,21.59579086303711,563.0,174.0,1.0,115.58683776855469,316.0,5.0,194.0,5.0,810.0
Apis mellifera,-1.928673197108551,40.869908337346,KE,,pseudoAbsence,0,247.0,6.8578386306762695,68.05924224853516,107.90184020996094,32.75498580932617,22.678707122802734,10.076278686523438,27.329021453857422,28.164060592651367,28.451751708984375,25.788049697875977,847.0,247.0,4.0,96.7328109741211,513.0,40.0,158.0,161.0,20.0
Apis mellifera,-1.5082790380445354,36.45813845848294,KE,,pseudoAbsence,0,133.0,12.287875175476074,74.64614868164062,127.58187866210938,31.434749603271484,14.973250389099121,16.461498260498047,23.5314998626709,21.199209213256836,24.043790817260742,20.865625381469727,534.0,133.0,4.0,84.19984436035156,285.0,20.0,235.0,21.0,1036.0
Apis mellifera,1.6707908147117028,34.964526930859975,KE,,pseudoAbsence,0,,,,,,,,,,,,,,,,,,,,
Apis mellifera,3.0219594119891644,36.7973604655594,KE,,pseudoAbsence,0,43.0,12.239312171936035,81.93132781982422,85.4288101196289,35.104251861572266,20.16575050354004,14.938501358032227,28.113290786743164,26.485374450683594,28.540624618530273,26.35729217529297,190.0,43.0,0.0,84.95571899414062,88.0,11.0,48.0,13.0,549.0
Apis mellifera,3.098542059279036,38.63547358777891,KE,,pseudoAbsence,0,110.0,10.29054069519043,68.95990753173828,139.31521606445312,33.82749938964844,18.905000686645508,14.92249870300293,26.51387596130371,24.05204200744629,27.64299964904785,24.05204200744629,352.0,110.0,2.0,107.35436248779297,185.0,7.0,61.0,7.0,584.0
Apis mellifera,1.2282662437370997,37.35775811862484,KE,,pseudoAbsence,0,136.0,11.36647891998291,81.29220581054688,71.76496887207031,29.3799991607666,15.397749900817871,13.98224925994873,23.031917572021484,21.471874237060547,23.119625091552734,21.3735408782959,535.0,136.0,4.0,96.85889434814453,258.0,14.0,224.0,16.0,964.0
Apis mellifera,-1.7360395369135526,37.88961586978336,KE,,pseudoAbsence,0,190.0,10.930083274841309,70.75173950195312,132.586669921875,30.87350082397461,15.425000190734863,15.448500633239746,23.373083114624023,20.990249633789062,24.3457088470459,20.990249633789062,635.0,190.0,1.0,110.74891662597656,343.0,7.0,223.0,7.0,926.0
Apis mellifera,4.0505502807031535,34.57143711270997,KE,,pseudoAbsence,0,88.0,14.504437446594238,84.57398223876953,82.98126220703125,36.08074951171875,18.930749893188477,17.149999618530273,27.532833099365234,27.72541618347168,28.220874786376953,26.098125457763672,481.0,88.0,7.0,52.12726974487305,197.0,59.0,88.0,111.0,593.0
Apis mellifera,4.285191503708227,36.14708681074043,KE,,pseudoAbsence,0,60.0,9.734188079833984,78.94717407226562,83.35657501220703,35.489501953125,23.159500122070312,12.330001831054688,29.047542572021484,28.329500198364258,29.984750747680664,27.86170768737793,288.0,60.0,4.0,74.2281494140625,141.0,21.0,74.0,31.0,361.0
Apis mellifera,-1.0085798151397496,38.6181464681596,KE,,pseudoAbsence,0,251.0,9.934749603271484,72.01312255859375,121.63805389404297,32.327999114990234,18.532249450683594,13.79574966430664,25.599916458129883,23.434457778930664,26.477375030517578,23.434457778930664,714.0,251.0,2.0,124.98057556152344,433.0,6.0,224.0,6.0,490.0
Apis mellifera,-0.2065062787940537,38.23159923237368,KE,,pseudoAbsence,0,171.0,11.348166465759277,74.09233093261719,120.34590911865234,32.03725051879883,16.72100067138672,15.31624984741211,24.706249237060547,22.497249603271484,25.49358367919922,22.497249603271484,530.0,171.0,0.0,127.02403259277344,299.0,0.0,189.0,0.0,565.0
Apis mellifera,2.9246732926961947,37.72684624524859,KE,,pseudoAbsence,0,67.0,10.985979080200195,75.4350357055664,109.7593765258789,34.368247985839844,19.804750442504883,14.563497543334961,27.733583450317383,25.555334091186523,28.362998962402344,25.555334091186523,234.0,67.0,0.0,104.03154754638672,116.0,3.0,51.0,3.0,433.0
Apis mellifera,0.8175518705544356,36.27686788610699,KE,,pseudoAbsence,0,115.0,13.841729164123535,84.1659927368164,66.93144989013672,29.891000747680664,13.445249557495117,16.445751190185547,21.77054214477539,21.46295928955078,22.2586669921875,20.597375869750977,736.0,115.0,20.0,52.429725646972656,280.0,75.0,181.0,225.0,1230.0
Apis mellifera,-3.223018657807448,39.92076330975174,KE,,pseudoAbsence,0,210.0,7.518253803253174,66.62779235839844,119.82063293457031,30.93107795715332,19.647117614746094,11.283960342407227,24.909774780273438,25.998245239257812,26.252296447753906,23.281286239624023,897.0,210.0,12.0,67.86259460449219,416.0,81.0,176.0,206.0,66.0
Apis mellifera,3.659955364676631,34.54958400670964,KE,,pseudoAbsence,0,77.0,13.458708763122559,83.7075424194336,82.74488830566406,34.83100128173828,18.752750396728516,16.078250885009766,26.630916595458984,26.84604263305664,27.32200050354004,25.192459106445312,448.0,77.0,6.0,50.52737808227539,176.0,47.0,73.0,131.0,758.0
Apis mellifera,-1.6102307448518305,37.73068870081657,KE,,pseudoAbsence,0,214.0,10.939270973205566,71.23080444335938,129.48193359375,29.931249618530273,14.573749542236328,15.357500076293945,22.458999633789062,20.38745880126953,23.360416412353516,20.098167419433594,726.0,214.0,1.0,107.21736145019531,380.0,10.0,259.0,11.0,1088.0
Apis mellifera,1.4833175444416593,37.11774791490452,KE,,pseudoAbsence,0,123.0,12.84054183959961,83.48992156982422,73.01221466064453,30.221500396728516,14.841750144958496,15.37975025177002,23.40537452697754,21.629417419433594,23.40537452697754,21.629417419433594,495.0,123.0,6.0,87.61248016357422,248.0,24.0,248.0,24.0,1011.0
Apis mellifera,-2.821747035905154,38.75796442127904,KE,,pseudoAbsence,0,167.0,9.963521003723145,69.15628814697266,142.99143981933594,32.530250549316406,18.12299919128418,14.407251358032227,25.58129119873047,23.16987419128418,26.679040908813477,23.16987419128418,897.0,167.0,20.0,75.95297241210938,382.0,68.0,298.0,68.0,387.0
Apis mellifera,-0.9264479202928304,35.4997532044722,KE,,pseudoAbsence,0,184.0,12.998104095458984,81.27116394042969,79.51702880859375,25.981000900268555,9.987500190734863,15.993500709533691,18.148666381835938,16.583833694458008,18.502208709716797,16.51012420654297,1064.0,184.0,40.0,44.64344787597656,426.0,155.0,282.0,161.0,1907.0
Apis mellifera,-3.741028695008153,37.93975777366722,KE,,pseudoAbsence,0,,,,,,,,,,,,,,,,,,,,
Apis mellifera,2.4632846816830307,38.21900080566705,KE,,pseudoAbsence,0,108.0,10.389728546142578,71.89376831054688,107.65369415283203,32.68450164794922,18.232999801635742,14.451501846313477,25.820791244506836,23.751625061035156,26.524999618530273,23.751625061035156,349.0,108.0,1.0,112.79215240478516,173.0,3.0,65.0,3.0,617.0
Apis mellifera,1.4553548083589083,39.11530609551903,KE,,pseudoAbsence,0,110.0,11.280020713806152,77.2895278930664,90.71256256103516,35.39500045776367,20.800498962402344,14.594501495361328,28.388792037963867,26.39670753479004,28.66808319091797,26.39670753479004,302.0,110.0,0.0,133.4730987548828,150.0,0.0,148.0,0.0,245.0
Apis mellifera,0.1483180336406446,38.530964678645965,KE,,pseudoAbsence,0,135.0,10.666853904724121,75.83834838867188,104.2734375,32.9640007019043,18.89875030517578,14.065250396728516,25.86870765686035,24.18541717529297,26.801042556762695,24.18541717529297,397.0,135.0,0.0,130.79640197753906,229.0,0.0,141.0,0.0,405.0
Apis mellifera,1.2939324689397305,39.80355625293237,KE,,pseudoAbsence,0,111.0,11.06279182434082,75.55647277832031,101.24922180175781,36.0837516784668,21.441999435424805,14.641752243041992,29.049209594726562,26.899250030517578,29.400333404541016,26.899250030517578,317.0,111.0,1.0,123.76280975341797,156.0,5.0,146.0,5.0,237.0
Apis mellifera,-1.6312754359281616,40.37558060268572,KE,,pseudoAbsence,0,102.0,8.316478729248047,67.59854125976562,126.38726043701172,33.94350051879883,21.640750885009766,12.302749633789062,27.308958053588867,28.76383399963379,28.823123931884766,25.716833114624023,579.0,102.0,7.0,58.86812973022461,252.0,56.0,132.0,124.0,69.0
Apis mellifera,1.801366388223939,36.56719236601145,KE,,pseudoAbsence,0,82.0,13.139707565307617,85.34217834472656,69.00164031982422,31.3439998626709,15.947500228881836,15.396499633789062,24.577333450317383,23.180999755859375,24.577333450317383,22.871166229248047,381.0,82.0,8.0,66.53056335449219,177.0,48.0,177.0,51.0,915.0
Apis mellifera,-2.441752993124303,39.28340780493683,KE,,pseudoAbsence,0,138.0,9.686270713806152,69.31514739990234,137.7580108642578,33.557498931884766,19.583250045776367,13.974248886108398,26.680084228515625,24.41925048828125,27.7884578704834,24.41925048828125,728.0,138.0,19.0,69.1058349609375,318.0,67.0,212.0,67.0,219.0
Apis mellifera,0.6195529379004467,38.20203189333374,KE,,pseudoAbsence,0,154.0,11.847270965576172,80.41725158691406,86.30166625976562,32.09149932861328,17.359249114990234,14.732250213623047,24.40012550354004,23.248125076293945,25.33887481689453,23.248125076293945,475.0,154.0,0.0,124.86079406738281,254.0,0.0,184.0,0.0,673.0
Apis mellifera,-0.1330623909543931,34.14362263022828,KE,,pseudoAbsence,0,163.0,10.246021270751953,84.23579406738281,62.08264923095703,28.723499298095703,16.559999465942383,12.16349983215332,22.796417236328125,21.66233253479004,23.22854232788086,21.66233253479004,930.0,163.0,33.0,52.821922302246094,403.0,118.0,218.0,118.0,1153.0
Apis mellifera,2.0496726300437933,35.37043339158709,KE,,pseudoAbsence,0,76.0,13.64177131652832,87.08301544189453,56.25369644165039,33.498748779296875,17.833499908447266,15.66524887084961,26.031959533691406,25.53179168701172,26.20541763305664,24.794416427612305,460.0,76.0,11.0,54.08781433105469,180.0,46.0,129.0,148.0,761.0
Apis mellifera,-0.3149192205108067,39.55157456815893,KE,,pseudoAbsence,0,93.0,10.339896202087402,73.35469818115234,120.47136688232422,35.74250030517578,21.64674949645996,14.09575080871582,28.3958740234375,26.663000106811523,29.73154067993164,26.663000106811523,333.0,93.0,3.0,108.94863891601562,176.0,11.0,116.0,11.0,199.0
Apis mellifera,2.564111816577597,36.99793943077281,KE,,pseudoAbsence,0,76.0,11.066041946411133,79.73657989501953,82.998779296875,30.570749282836914,16.6924991607666,13.878250122070312,24.245708465576172,22.548250198364258,24.53962516784668,22.431499481201172,317.0,76.0,3.0,80.61095428466797,149.0,22.0,131.0,25.0,1023.0
Apis mellifera,2.9090881085092084,34.699910184297806,KE,,pseudoAbsence,0,83.0,12.456769943237305,83.06037902832031,79.60211944580078,32.01374816894531,17.01650047302246,14.997247695922852,23.170166015625,24.58329200744629,24.989124298095703,22.940082550048828,550.0,83.0,8.0,54.86138153076172,211.0,48.0,78.0,195.0,1105.0
Apis mellifera,2.5274995268075964,39.50231040263537,KE,,pseudoAbsence,0,100.0,10.755999565124512,70.19169616699219,133.2802734375,35.11349868774414,19.789749145507812,15.323749542236328,27.49537467956543,25.041332244873047,28.446456909179688,25.041332244873047,320.0,100.0,1.0,117.43912506103516,160.0,4.0,44.0,4.0,445.0
Apis mellifera,2.968820117904272,35.399437315437154,KE,,pseudoAbsence,0,60.0,14.130395889282227,88.8634262084961,55.8599739074707,36.2135009765625,20.3122501373291,15.901250839233398,28.860416412353516,28.193750381469727,28.930667877197266,27.735624313354492,295.0,60.0,8.0,61.04500198364258,134.0,30.0,100.0,74.0,578.0
Apis mellifera,3.723197565477317,35.2866911972328,KE,,pseudoAbsence,0,71.0,14.317062377929688,86.89384460449219,64.30998992919922,36.56174850463867,20.085250854492188,16.476497650146484,28.345125198364258,27.80120849609375,28.85308265686035,27.280000686645508,321.0,71.0,8.0,66.41384887695312,152.0,40.0,65.0,59.0,605.0
Apis mellifera,-1.556594944271385,39.30699915771001,KE,,pseudoAbsence,0,137.0,9.876124382019043,69.8354263305664,138.22731018066406,34.061248779296875,19.91925048828125,14.141998291015625,27.189748764038086,24.7723331451416,28.22333335876465,24.7723331451416,575.0,137.0,6.0,88.9142837524414,290.0,41.0,174.0,41.0,237.0
Apis mellifera,4.655216864185243,34.696690559376066,KE,,pseudoAbsence,0,97.0,14.75958251953125,84.75091552734375,85.36654663085938,36.58774948120117,19.172500610351562,17.41524887084961,27.77345848083496,27.945209503173828,28.4927921295166,26.336999893188477,565.0,97.0,12.0,47.709815979003906,224.0,73.0,101.0,134.0,471.0
Apis mellifera,-2.027470438875052,35.84510830777535,KE,,pseudoAbsence,0,,,,,,,,,,,,,,,,,,,,
Apis mellifera,1.0413814606131888,37.11675359547375,KE,,pseudoAbsence,0,178.0,13.550000190734863,83.93341827392578,71.48802947998047,29.667999267578125,13.524250030517578,16.143749237060547,22.46695899963379,20.729084014892578,22.46695899963379,20.729084014892578,686.0,178.0,10.0,89.9610595703125,351.0,33.0,351.0,33.0,1167.0
Apis mellifera,-2.319029877420572,36.99571647913759,KE,,pseudoAbsence,0,123.0,11.135062217712402,70.71676635742188,136.70431518554688,28.725000381469727,12.979000091552734,15.746000289916992,21.262001037597656,18.759416580200195,21.808584213256836,18.412750244140625,562.0,123.0,2.0,81.40304565429688,261.0,10.0,249.0,13.0,1419.0
Apis mellifera,-0.0585976700282575,40.64934337223384,KE,,pseudoAbsence,0,82.0,10.07450008392334,70.73052215576172,129.4802703857422,35.89474868774414,21.6512508392334,14.243497848510742,28.273208618164062,26.593957901000977,29.7658748626709,26.460792541503906,345.0,82.0,4.0,88.43623352050781,151.0,27.0,115.0,31.0,136.0
Apis mellifera,2.702411714033399,40.90200774570855,KE,,pseudoAbsence,0,102.0,11.82320785522461,73.07975006103516,130.070068359375,36.11425018310547,19.935749053955078,16.17850112915039,28.2098331451416,25.476707458496094,28.758874893188477,25.476707458496094,341.0,102.0,1.0,116.67049407958984,165.0,8.0,140.0,8.0,394.0
Apis mellifera,1.9621990079876284,37.88980146109183,KE,,pseudoAbsence,0,103.0,12.314874649047852,79.72470092773438,83.57354736328125,34.02299880981445,18.576250076293945,15.446748733520508,26.986665725708008,25.13483428955078,27.230915069580078,25.13483428955078,332.0,103.0,1.0,113.37168884277344,167.0,4.0,154.0,4.0,456.0
Apis mellifera,0.9412211304433002,36.845008339630034,KE,,pseudoAbsence,0,172.0,12.654396057128906,82.70846557617188,71.20748901367188,26.2189998626709,10.918999671936035,15.300000190734863,19.37816619873047,17.63829231262207,19.37816619873047,17.63829231262207,768.0,172.0,21.0,72.22581481933594,355.0,93.0,355.0,93.0,1599.0
Apis mellifera,-2.247679352490201,36.58845058613827,KE,,pseudoAbsence,0,164.0,11.252604484558105,72.1945571899414,130.9153289794922,28.084999084472656,12.498499870300293,15.586499214172363,20.68512535095215,18.40879249572754,21.258625030517578,18.041791915893555,684.0,164.0,5.0,82.34943389892578,346.0,20.0,309.0,25.0,1642.0
Apis mellifera,-1.299697515705939,34.83534906849605,KE,,pseudoAbsence,0,213.0,11.58133316040039,81.34529876708984,74.84357452392578,25.8174991607666,11.580249786376953,14.237249374389648,19.043750762939453,17.509666442871094,19.370708465576172,17.509666442871094,1347.0,213.0,47.0,38.319602966308594,495.0,209.0,333.0,209.0,1800.0
Apis mellifera,2.1531737095565866,35.43504509267428,KE,,pseudoAbsence,0,76.0,13.64177131652832,87.08301544189453,56.25369644165039,33.498748779296875,17.833499908447266,15.66524887084961,26.031959533691406,25.53179168701172,26.20541763305664,24.794416427612305,460.0,76.0,11.0,54.08781433105469,180.0,46.0,129.0,148.0,761.0
Apis mellifera,-1.138235931747856,39.83684195913097,KE,,pseudoAbsence,0,100.0,9.450479507446289,69.3918685913086,135.63226318359375,34.781002044677734,21.16200065612793,13.619001388549805,28.1024169921875,25.769832611083984,29.162250518798828,25.769832611083984,425.0,100.0,5.0,95.0841293334961,194.0,24.0,152.0,24.0,93.0
Apis mellifera,2.7189436524497923,35.748965221998944,KE,,pseudoAbsence,0,61.0,14.467937469482422,90.1429214477539,55.22844696044922,36.17399978637695,20.124000549316406,16.049999237060547,28.8055419921875,28.036291122436523,28.812374114990234,27.666000366210938,290.0,61.0,9.0,63.57239532470703,135.0,32.0,100.0,67.0,577.0
Apis mellifera,-0.2223857164254941,34.52288136878159,KE,,pseudoAbsence,0,192.0,10.287854194641113,84.70507049560547,66.30391693115234,28.856250762939453,16.710750579833984,12.145500183105469,22.955583572387695,23.185375213623047,23.381874084472656,21.72162437438965,1162.0,192.0,44.0,43.38972473144531,479.0,204.0,242.0,224.0,1135.0
Apis mellifera,2.8469577014846843,39.28870941224952,KE,,pseudoAbsence,0,109.0,10.770666122436523,67.89376068115234,143.31484985351562,34.66875076293945,18.804750442504883,15.86400032043457,26.694623947143555,24.164459228515625,27.84724998474121,24.164459228515625,349.0,109.0,1.0,113.34296417236328,179.0,6.0,50.0,6.0,525.0
Apis mellifera,0.9226324378867384,37.77182852340473,KE,,pseudoAbsence,0,136.0,12.394791603088379,82.70086669921875,73.18740844726562,31.154499053955078,16.16699981689453,14.987499237060547,23.282291412353516,22.61691665649414,24.311874389648438,22.61691665649414,502.0,136.0,2.0,109.26756286621094,232.0,8.0,204.0,8.0,881.0
Apis mellifera,-3.7521350166126086,38.40553472153846,KE,,pseudoAbsence,0,114.0,10.774958610534668,67.489013671875,168.8347625732422,31.347999572753906,15.382499694824219,15.965499877929688,23.872791290283203,20.870874404907227,24.962875366210938,20.870874404907227,690.0,114.0,10.0,71.13508605957031,278.0,43.0,179.0,43.0,724.0
Apis mellifera,4.389464496073983,34.20445382780965,KE,,pseudoAbsence,0,87.0,13.249417304992676,81.56623840332031,103.56788635253906,34.890750885009766,18.64699935913086,16.243751525878906,26.753875732421875,26.9600830078125,27.501333236694336,24.89204216003418,572.0,87.0,8.0,43.846317291259766,208.0,65.0,95.0,156.0,632.0
Apis mellifera,2.840111193640749,37.07672665988119,KE,,pseudoAbsence,0,57.0,11.502041816711426,78.88645935058594,92.7837142944336,33.105751037597656,18.525249481201172,14.580501556396484,26.356124877929688,24.604124069213867,26.8521671295166,24.466249465942383,235.0,57.0,1.0,88.70303344726562,109.0,11.0,57.0,12.0,741.0
Apis mellifera,5.0409746419794965,35.266615749049095,KE,,pseudoAbsence,0,,,,,,,,,,,,,,,,,,,,
Apis mellifera,2.703586711571159,40.16288418204441,KE,,pseudoAbsence,0,100.0,10.699979782104492,70.5652084350586,130.4534454345703,34.86249923706055,19.699249267578125,15.163249969482422,27.346458435058594,24.87529182434082,28.208332061767578,24.87529182434082,324.0,100.0,1.0,117.53694915771484,162.0,5.0,43.0,5.0,489.0
