species,lat,lon,country,eventDate,basisOfRecord,presence,10m_bio_1,10m_bio_2,10m_bio_3,10m_bio_4,10m_bio_5,10m_bio_6,10m_bio_7,10m_bio_8,10m_bio_9,10m_bio_10,10m_bio_11,10m_bio_12,10m_bio_13,10m_bio_14,10m_bio_15,10m_bio_16,10m_bio_17,10m_bio_18,10m_bio_19,10m_elev,10m_lulc
Apis mellifera,-1.223488,36.897896,Kenya,2026-01-12T15:49,HUMAN_OBSERVATION,1,164.0,12.004520416259766,74.29115295410156,116.23384094238281,28.674999237060547,12.516249656677246,16.158748626708984,20.844541549682617,18.455917358398438,21.224332809448242,18.258459091186523,776.0,164.0,14.0,75.35821533203125,364.0,46.0,286.0,57.0,1584.0,
Apis mellifera,-1.223413,36.897344,Kenya,2026-01-19T17:43,HUMAN_OBSERVATION,1,164.0,12.004520416259766,74.29115295410156,116.23384094238281,28.674999237060547,12.516249656677246,16.158748626708984,20.844541549682617,18.455917358398438,21.224332809448242,18.258459091186523,776.0,164.0,14.0,75.35821533203125,364.0,46.0,286.0,57.0,1584.0,
Apis mellifera,-1.222881,36.897628,Kenya,2026-01-14T14:40,HUMAN_OBSERVATION,1,164.0,12.004520416259766,74.29115295410156,116.23384094238281,28.674999237060547,12.516249656677246,16.158748626708984,20.844541549682617,18.455917358398438,21.224332809448242,18.258459091186523,776.0,164.0,14.0,75.35821533203125,364.0,46.0,286.0,57.0,1584.0,
Apis mellifera,-0.524644,36.664209,Kenya,2026-01-06T14:24,HUMAN_OBSERVATION,1,182.0,12.380291938781738,77.58898162841797,91.04951477050781,21.006750106811523,5.05049991607666,15.956250190734863,13.365875244140625,12.696083068847656,13.448583602905273,11.187749862670898,1141.0,182.0,46.0,42.724239349365234,436.0,176.0,336.0,221.0,2580.0,
Apis mellifera,-1.115084,36.67763,Kenya,2026-01-26T11:43:47,HUMAN_OBSERVATION,1,318.0,11.765978813171387,72.74063873291016,130.51806640625,25.587749481201172,9.412500381469727,16.175249099731445,17.60416603088379,14.966041564941406,18.025833129882812,14.76420783996582,1304.0,318.0,35.0,80.90485382080078,658.0,115.0,481.0,132.0,1997.0,
Apis mellifera,-1.267186,36.821036,Kenya,2025-01-06T07:15,HUMAN_OBSERVATION,1,236.0,11.607208251953125,72.53372192382812,128.51402282714844,27.333999633789062,11.331500053405762,16.002498626708984,19.492958068847656,16.945125579833984,19.960832595825195,16.728166580200195,1008.0,236.0,23.0,78.98697662353516,504.0,75.0,376.0,86.0,1824.0,
Apis mellifera,-4.373255,39.556372,Kenya,2025-01-18T12:08:59,HUMAN_OBSERVATION,1,,,,,,,,,,,,,,,,,,,,,
Apis mellifera,-1.18162,36.951995,Kenya,2025-01-21T13:25:13,HUMAN_OBSERVATION,1,164.0,12.004520416259766,74.29115295410156,116.23384094238281,28.674999237060547,12.516249656677246,16.158748626708984,20.844541549682617,18.455917358398438,21.224332809448242,18.258459091186523,776.0,164.0,14.0,75.35821533203125,364.0,46.0,286.0,57.0,1584.0,
Apis mellifera,-1.529887,35.318703,Kenya,2025-01-27T13:55:43,HUMAN_OBSERVATION,1,163.0,12.563416481018066,81.27189636230469,83.44486236572266,27.17424964904785,11.715749740600586,15.458499908447266,20.248750686645508,18.355249404907227,20.248750686645508,18.158916473388672,943.0,163.0,24.0,51.00016784667969,375.0,102.0,375.0,106.0,1667.0,
Apis mellifera,-1.352293,36.712182,Kenya,2025-01-30T10:27,HUMAN_OBSERVATION,1,191.0,11.984271049499512,72.64295196533203,127.05976867675781,28.277999877929688,11.780500411987305,16.497499465942383,20.282583236694336,17.86954116821289,20.80608367919922,17.616374969482422,858.0,191.0,18.0,76.34839630126953,418.0,58.0,313.0,69.0,1775.0,
Apis mellifera,-4.035005,39.71773,Kenya,2025-01-09T16:30,HUMAN_OBSERVATION,1,,,,,,,,,,,,,,,,,,,,,
Apis mellifera,-0.4854,37.1543,Kenya,2025-01-31,PRESERVED_SPECIMEN,1,243.0,12.013250350952148,75.24859619140625,89.1675796508789,25.7814998626709,9.816749572753906,15.964750289916992,18.15387535095215,16.095041275024414,18.221708297729492,16.095041275024414,1216.0,243.0,40.0,72.26627349853516,546.0,130.0,374.0,130.0,1812.0,
Apis mellifera,-1.181622,36.952019,Kenya,2025-02-25T07:48:16,HUMAN_OBSERVATION,1,164.0,12.004520416259766,74.29115295410156,116.23384094238281,28.674999237060547,12.516249656677246,16.158748626708984,20.844541549682617,18.455917358398438,21.224332809448242,18.258459091186523,776.0,164.0,14.0,75.35821533203125,364.0,46.0,286.0,57.0,1584.0,
Apis mellifera,-1.2455,36.795244,Kenya,2025-02-23T15:58:15,HUMAN_OBSERVATION,1,236.0,11.607208251953125,72.53372192382812,128.51402282714844,27.333999633789062,11.331500053405762,16.002498626708984,19.492958068847656,16.945125579833984,19.960832595825195,16.728166580200195,1008.0,236.0,23.0,78.98697662353516,504.0,75.0,376.0,86.0,1824.0,
Apis mellifera,-1.358354,36.953314,Kenya,2025-02-24T08:58,HUMAN_OBSERVATION,1,144.0,12.275479316711426,73.48716735839844,122.2987289428711,28.831249237060547,12.126999855041504,16.70425033569336,20.777374267578125,18.376874923706055,21.258499145507812,18.143667221069336,649.0,144.0,9.0,77.1600341796875,306.0,33.0,252.0,40.0,1590.0,
Apis mellifera,-1.267011,36.821087,Kenya,2025-03-17T08:27,HUMAN_OBSERVATION,1,236.0,11.607208251953125,72.53372192382812,128.51402282714844,27.333999633789062,11.331500053405762,16.002498626708984,19.492958068847656,16.945125579833984,19.960832595825195,16.728166580200195,1008.0,236.0,23.0,78.98697662353516,504.0,75.0,376.0,86.0,1824.0,
Apis mellifera,-1.224,36.896705,Kenya,2025-04-14T14:16,HUMAN_OBSERVATION,1,164.0,12.004520416259766,74.29115295410156,116.23384094238281,28.674999237060547,12.516249656677246,16.158748626708984,20.844541549682617,18.455917358398438,21.224332809448242,18.258459091186523,776.0,164.0,14.0,75.35821533203125,364.0,46.0,286.0,57.0,1584.0,
Apis mellifera,-0.855073,37.182287,Kenya,2025-04-15T13:31,HUMAN_OBSERVATION,1,235.0,11.310812950134277,75.79449462890625,111.7760009765625,28.280750274658203,13.357749938964844,14.92300033569336,21.155540466308594,18.93112564086914,21.366666793823242,18.659542083740234,952.0,235.0,8.0,93.56572723388672,468.0,32.0,375.0,38.0,1339.0,
Apis mellifera,-1.247041,36.804972,Kenya,2025-04-20T10:05,HUMAN_OBSERVATION,1,236.0,11.607208251953125,72.53372192382812,128.51402282714844,27.333999633789062,11.331500053405762,16.002498626708984,19.492958068847656,16.945125579833984,19.960832595825195,16.728166580200195,1008.0,236.0,23.0,78.98697662353516,504.0,75.0,376.0,86.0,1824.0,
Apis mellifera,-1.245061,36.799764,Kenya,2025-04-20T10:18,HUMAN_OBSERVATION,1,236.0,11.607208251953125,72.53372192382812,128.51402282714844,27.333999633789062,11.331500053405762,16.002498626708984,19.492958068847656,16.945125579833984,19.960832595825195,16.728166580200195,1008.0,236.0,23.0,78.98697662353516,504.0,75.0,376.0,86.0,1824.0,
Apis mellifera,-1.375643,36.746138,Kenya,2025-04-25T11:15:01,HUMAN_OBSERVATION,1,191.0,11.984271049499512,72.64295196533203,127.05976867675781,28.277999877929688,11.780500411987305,16.497499465942383,20.282583236694336,17.86954116821289,20.80608367919922,17.616374969482422,858.0,191.0,18.0,76.34839630126953,418.0,58.0,313.0,69.0,1775.0,
Apis mellifera,-0.697555,37.336982,Kenya,2025-04-02T12:06,HUMAN_OBSERVATION,1,223.0,11.82308292388916,77.4395523071289,102.35331726074219,29.920499801635742,14.652999877929688,15.267499923706055,22.62933349609375,20.361291885375977,22.73200035095215,20.361291885375977,877.0,223.0,4.0,99.61428833007812,421.0,23.0,346.0,23.0,1117.0,
Apis mellifera,-1.105151,36.630567,Kenya,2025-04-13T15:48,HUMAN_OBSERVATION,1,239.0,13.101646423339844,74.64368438720703,133.33811950683594,26.885499954223633,9.333250045776367,17.552249908447266,18.009082794189453,15.528083801269531,18.562084197998047,15.270000457763672,1044.0,239.0,28.0,73.8453598022461,509.0,93.0,202.0,106.0,1981.0,
Apis mellifera,-1.376423,36.748309,Kenya,2025-04-26T10:41,HUMAN_OBSERVATION,1,191.0,11.984271049499512,72.64295196533203,127.05976867675781,28.277999877929688,11.780500411987305,16.497499465942383,20.282583236694336,17.86954116821289,20.80608367919922,17.616374969482422,858.0,191.0,18.0,76.34839630126953,418.0,58.0,313.0,69.0,1775.0,
Apis mellifera,-1.402934,35.125592,Kenya,2025-04-17T09:11,HUMAN_OBSERVATION,1,162.0,12.807104110717773,81.66104125976562,79.97371673583984,27.858999252319336,12.175749778747559,15.683249473571777,20.468666076660156,18.927791595458984,20.7882080078125,18.79395866394043,1027.0,162.0,30.0,42.63384246826172,390.0,136.0,376.0,140.0,1549.0,
Apis mellifera,-1.267442,36.82097,Kenya,2025-05-11T11:51,HUMAN_OBSERVATION,1,236.0,11.607208251953125,72.53372192382812,128.51402282714844,27.333999633789062,11.331500053405762,16.002498626708984,19.492958068847656,16.945125579833984,19.960832595825195,16.728166580200195,1008.0,236.0,23.0,78.98697662353516,504.0,75.0,376.0,86.0,1824.0,
Apis mellifera,-1.241381,36.796337,Kenya,2025-05-18T10:14,HUMAN_OBSERVATION,1,236.0,11.607208251953125,72.53372192382812,128.51402282714844,27.333999633789062,11.331500053405762,16.002498626708984,19.492958068847656,16.945125579833984,19.960832595825195,16.728166580200195,1008.0,236.0,23.0,78.98697662353516,504.0,75.0,376.0,86.0,1824.0,
Apis mellifera,0.293447,36.899103,Kenya,2025-05-17T09:31:47,HUMAN_OBSERVATION,1,146.0,14.717937469482422,79.92906188964844,59.94913101196289,26.892000198364258,8.478249549865723,18.41374969482422,18.32295799255371,17.37120819091797,18.32295799255371,16.932209014892578,769.0,146.0,18.0,57.24130630493164,301.0,85.0,301.0,160.0,1741.0,
Apis mellifera,0.293455,36.898786,Kenya,2025-05-17T09:43:03,HUMAN_OBSERVATION,1,146.0,14.717937469482422,79.92906188964844,59.94913101196289,26.892000198364258,8.478249549865723,18.41374969482422,18.32295799255371,17.37120819091797,18.32295799255371,16.932209014892578,769.0,146.0,18.0,57.24130630493164,301.0,85.0,301.0,160.0,1741.0,
Apis mellifera,0.305933,34.185022,Kenya,2025-05-18T14:22:58,HUMAN_OBSERVATION,1,262.0,11.798624992370605,83.8551254272461,62.04670715332031,29.41349983215332,15.343250274658203,14.070249557495117,22.367332458496094,22.514415740966797,22.769832611083984,21.193208694458008,1701.0,262.0,53.0,41.55879592895508,648.0,247.0,293.0,357.0,1250.0,
Apis mellifera,-1.242845,36.797314,Kenya,2025-05-18T10:10,HUMAN_OBSERVATION,1,236.0,11.607208251953125,72.53372192382812,128.51402282714844,27.333999633789062,11.331500053405762,16.002498626708984,19.492958068847656,16.945125579833984,19.960832595825195,16.728166580200195,1008.0,236.0,23.0,78.98697662353516,504.0,75.0,376.0,86.0,1824.0,
Apis mellifera,-1.289363,36.890777,Kenya,2025-05-25T15:18,HUMAN_OBSERVATION,1,164.0,12.004520416259766,74.29115295410156,116.23384094238281,28.674999237060547,12.516249656677246,16.158748626708984,20.844541549682617,18.455917358398438,21.224332809448242,18.258459091186523,776.0,164.0,14.0,75.35821533203125,364.0,46.0,286.0,57.0,1584.0,
Apis mellifera,-1.289336,36.890781,Kenya,2025-05-25T15:20,HUMAN_OBSERVATION,1,164.0,12.004520416259766,74.29115295410156,116.23384094238281,28.674999237060547,12.516249656677246,16.158748626708984,20.844541549682617,18.455917358398438,21.224332809448242,18.258459091186523,776.0,164.0,14.0,75.35821533203125,364.0,46.0,286.0,57.0,1584.0,
Apis mellifera,-1.27045,36.808553,Kenya,2025-05-30T07:22:59,HUMAN_OBSERVATION,1,236.0,11.607208251953125,72.53372192382812,128.51402282714844,27.333999633789062,11.331500053405762,16.002498626708984,19.492958068847656,16.945125579833984,19.960832595825195,16.728166580200195,1008.0,236.0,23.0,78.98697662353516,504.0,75.0,376.0,86.0,1824.0,
Apis mellifera,-1.289311,36.890092,Kenya,2025-05-24T13:01,HUMAN_OBSERVATION,1,164.0,12.004520416259766,74.29115295410156,116.23384094238281,28.674999237060547,12.516249656677246,16.158748626708984,20.844541549682617,18.455917358398438,21.224332809448242,18.258459091186523,776.0,164.0,14.0,75.35821533203125,364.0,46.0,286.0,57.0,1584.0,
Apis mellifera,-1.121003,36.676544,Kenya,2025-05-27T08:00,HUMAN_OBSERVATION,1,318.0,11.765978813171387,72.74063873291016,130.51806640625,25.587749481201172,9.412500381469727,16.175249099731445,17.60416603088379,14.966041564941406,18.025833129882812,14.76420783996582,1304.0,318.0,35.0,80.90485382080078,658.0,115.0,481.0,132.0,1997.0,
Apis mellifera,-1.289276,36.890027,Kenya,2025-05-24T13:02,HUMAN_OBSERVATION,1,164.0,12.004520416259766,74.29115295410156,116.23384094238281,28.674999237060547,12.516249656677246,16.158748626708984,20.844541549682617,18.455917358398438,21.224332809448242,18.258459091186523,776.0,164.0,14.0,75.35821533203125,364.0,46.0,286.0,57.0,1584.0,
Apis mellifera,-1.303468,36.968309,Kenya,2025-05-26T15:00,HUMAN_OBSERVATION,1,164.0,12.004520416259766,74.29115295410156,116.23384094238281,28.674999237060547,12.516249656677246,16.158748626708984,20.844541549682617,18.455917358398438,21.224332809448242,18.258459091186523,776.0,164.0,14.0,75.35821533203125,364.0,46.0,286.0,57.0,1584.0,
Apis mellifera,-1.286213,36.817975,Kenya,2025-05-23T09:23,HUMAN_OBSERVATION,1,236.0,11.607208251953125,72.53372192382812,128.51402282714844,27.333999633789062,11.331500053405762,16.002498626708984,19.492958068847656,16.945125579833984,19.960832595825195,16.728166580200195,1008.0,236.0,23.0,78.98697662353516,504.0,75.0,376.0,86.0,1824.0,
Apis mellifera,-1.23291,36.807558,Kenya,2025-06-11T11:53:39,HUMAN_OBSERVATION,1,236.0,11.607208251953125,72.53372192382812,128.51402282714844,27.333999633789062,11.331500053405762,16.002498626708984,19.492958068847656,16.945125579833984,19.960832595825195,16.728166580200195,1008.0,236.0,23.0,78.98697662353516,504.0,75.0,376.0,86.0,1824.0,
Apis mellifera,-1.223493,36.89667,Kenya,2025-06-16T13:58,HUMAN_OBSERVATION,1,164.0,12.004520416259766,74.29115295410156,116.23384094238281,28.674999237060547,12.516249656677246,16.158748626708984,20.844541549682617,18.455917358398438,21.224332809448242,18.258459091186523,776.0,164.0,14.0,75.35821533203125,364.0,46.0,286.0,57.0,1584.0,
Apis mellifera,-1.224258,36.897395,Kenya,2025-06-16T18:10,HUMAN_OBSERVATION,1,164.0,12.004520416259766,74.29115295410156,116.23384094238281,28.674999237060547,12.516249656677246,16.158748626708984,20.844541549682617,18.455917358398438,21.224332809448242,18.258459091186523,776.0,164.0,14.0,75.35821533203125,364.0,46.0,286.0,57.0,1584.0,
Apis mellifera,-1.241249,36.799534,Kenya,2025-06-14T10:23,HUMAN_OBSERVATION,1,236.0,11.607208251953125,72.53372192382812,128.51402282714844,27.333999633789062,11.331500053405762,16.002498626708984,19.492958068847656,16.945125579833984,19.960832595825195,16.728166580200195,1008.0,236.0,23.0,78.98697662353516,504.0,75.0,376.0,86.0,1824.0,
Apis mellifera,-0.00288,37.078623,Kenya,2025-06-17T10:01:58,HUMAN_OBSERVATION,1,158.0,13.435895919799805,78.87345886230469,58.39256286621094,24.226499557495117,7.1917500495910645,17.03474998474121,16.169750213623047,14.860249519348145,16.169750213623047,14.860249519348145,916.0,158.0,36.0,55.88114929199219,355.0,133.0,355.0,133.0,2090.0,
Apis mellifera,-0.411734,36.671582,Kenya,2025-06-11T12:18,HUMAN_OBSERVATION,1,218.0,11.228208541870117,79.2966537475586,80.41166687011719,19.067750930786133,4.9079999923706055,14.159750938415527,12.478958129882812,11.677291870117188,12.491708755493164,10.533791542053223,1402.0,218.0,45.0,45.34027862548828,530.0,204.0,407.0,264.0,2778.0,
Apis mellifera,-1.33732,36.773248,Kenya,2025-06-13T15:45:36,HUMAN_OBSERVATION,1,191.0,11.984271049499512,72.64295196533203,127.05976867675781,28.277999877929688,11.780500411987305,16.497499465942383,20.282583236694336,17.86954116821289,20.80608367919922,17.616374969482422,858.0,191.0,18.0,76.34839630126953,418.0,58.0,313.0,69.0,1775.0,
Apis mellifera,-0.816503,36.387903,Kenya,2025-06-20T11:15,HUMAN_OBSERVATION,1,131.0,13.560521125793457,78.31547546386719,98.50428771972656,26.110000610351562,8.794750213623047,17.315250396728516,17.428916931152344,15.273333549499512,17.684541702270508,15.22137451171875,697.0,131.0,33.0,50.747310638427734,288.0,114.0,229.0,115.0,1967.0,
Apis mellifera,-1.275083,34.964692,Kenya,2025-06-27T13:55:11,HUMAN_OBSERVATION,1,213.0,11.58133316040039,81.34529876708984,74.84357452392578,25.8174991607666,11.580249786376953,14.237249374389648,19.043750762939453,17.509666442871094,19.370708465576172,17.509666442871094,1347.0,213.0,47.0,38.319602966308594,495.0,209.0,333.0,209.0,1800.0,
Apis mellifera,-1.337442,36.774039,Kenya,2025-06-13T15:10:28,HUMAN_OBSERVATION,1,191.0,11.984271049499512,72.64295196533203,127.05976867675781,28.277999877929688,11.780500411987305,16.497499465942383,20.282583236694336,17.86954116821289,20.80608367919922,17.616374969482422,858.0,191.0,18.0,76.34839630126953,418.0,58.0,313.0,69.0,1775.0,
Apis mellifera,-1.18154,36.953068,Kenya,2025-06-19T12:17:39,HUMAN_OBSERVATION,1,164.0,12.004520416259766,74.29115295410156,116.23384094238281,28.674999237060547,12.516249656677246,16.158748626708984,20.844541549682617,18.455917358398438,21.224332809448242,18.258459091186523,776.0,164.0,14.0,75.35821533203125,364.0,46.0,286.0,57.0,1584.0,
Apis mellifera,0.359197,37.071317,Kenya,2025-06-03T10:47:08,HUMAN_OBSERVATION,1,156.0,14.029749870300293,83.066650390625,64.5446548461914,26.95949935913086,10.06974983215332,16.88974952697754,19.00458335876465,18.082958221435547,19.00458335876465,17.532958984375,775.0,156.0,18.0,68.3989028930664,317.0,90.0,317.0,118.0,1753.0,
Apis mellifera,-1.323994,36.667803,Kenya,2025-07-18T06:22,HUMAN_OBSERVATION,1,236.0,11.607208251953125,72.53372192382812,128.51402282714844,27.333999633789062,11.331500053405762,16.002498626708984,19.492958068847656,16.945125579833984,19.960832595825195,16.728166580200195,1008.0,236.0,23.0,78.98697662353516,504.0,75.0,376.0,86.0,1824.0,
Apis mellifera,-1.336859,36.779785,Kenya,2025-07-17T07:12,HUMAN_OBSERVATION,1,191.0,11.984271049499512,72.64295196533203,127.05976867675781,28.277999877929688,11.780500411987305,16.497499465942383,20.282583236694336,17.86954116821289,20.80608367919922,17.616374969482422,858.0,191.0,18.0,76.34839630126953,418.0,58.0,313.0,69.0,1775.0,
Apis mellifera,-1.337413,36.77757,Kenya,2025-07-17T14:45:56,HUMAN_OBSERVATION,1,191.0,11.984271049499512,72.64295196533203,127.05976867675781,28.277999877929688,11.780500411987305,16.497499465942383,20.282583236694336,17.86954116821289,20.80608367919922,17.616374969482422,858.0,191.0,18.0,76.34839630126953,418.0,58.0,313.0,69.0,1775.0,
Apis mellifera,-1.267214,36.821038,Kenya,2025-07-26T09:28:22,HUMAN_OBSERVATION,1,236.0,11.607208251953125,72.53372192382812,128.51402282714844,27.333999633789062,11.331500053405762,16.002498626708984,19.492958068847656,16.945125579833984,19.960832595825195,16.728166580200195,1008.0,236.0,23.0,78.98697662353516,504.0,75.0,376.0,86.0,1824.0,
Apis mellifera,-4.037655,39.66747,Kenya,2025-07-25T08:53:47,HUMAN_OBSERVATION,1,,,,,,,,,,,,,,,,,,,,,
Apis mellifera,-0.475619,36.261813,Kenya,2025-07-17T06:00,HUMAN_OBSERVATION,1,116.0,14.54183292388916,80.52960205078125,74.88159942626953,26.143749237060547,8.086000442504883,18.057748794555664,16.69212532043457,16.791000366210938,17.416749954223633,15.545708656311035,735.0,116.0,25.0,40.059017181396484,264.0,100.0,201.0,192.0,2005.0,
Apis mellifera,-1.413666,35.124783,Kenya,2025-07-26T17:00,HUMAN_OBSERVATION,1,162.0,12.807104110717773,81.66104125976562,79.97371673583984,27.858999252319336,12.175749778747559,15.683249473571777,20.468666076660156,18.927791595458984,20.7882080078125,18.79395866394043,1027.0,162.0,30.0,42.63384246826172,390.0,136.0,376.0,140.0,1549.0,
Apis mellifera,-1.414647,36.809155,Kenya,2025-07-27T18:14:33,HUMAN_OBSERVATION,1,191.0,11.984271049499512,72.64295196533203,127.05976867675781,28.277999877929688,11.780500411987305,16.497499465942383,20.282583236694336,17.86954116821289,20.80608367919922,17.616374969482422,858.0,191.0,18.0,76.34839630126953,418.0,58.0,313.0,69.0,1775.0,
Apis mellifera,-1.364213,36.722124,Kenya,2025-07-27T02:43,HUMAN_OBSERVATION,1,191.0,11.984271049499512,72.64295196533203,127.05976867675781,28.277999877929688,11.780500411987305,16.497499465942383,20.282583236694336,17.86954116821289,20.80608367919922,17.616374969482422,858.0,191.0,18.0,76.34839630126953,418.0,58.0,313.0,69.0,1775.0,
Apis mellifera,-1.350451,36.798579,Kenya,2025-08-04T14:51:34,HUMAN_OBSERVATION,1,191.0,11.984271049499512,72.64295196533203,127.05976867675781,28.277999877929688,11.780500411987305,16.497499465942383,20.282583236694336,17.86954116821289,20.80608367919922,17.616374969482422,858.0,191.0,18.0,76.34839630126953,418.0,58.0,313.0,69.0,1775.0,
Apis mellifera,-1.494557,37.046592,Kenya,2025-08-17T13:32:32,HUMAN_OBSERVATION,1,139.0,12.062104225158691,72.91254425048828,127.39513397216797,28.49449920654297,11.951250076293945,16.543249130249023,20.595041275024414,18.097291946411133,21.04866600036621,17.815292358398438,636.0,139.0,5.0,85.65963745117188,289.0,19.0,247.0,23.0,1581.0,
Apis mellifera,-1.23612,36.828628,Kenya,2025-08-05T13:11:51,HUMAN_OBSERVATION,1,236.0,11.607208251953125,72.53372192382812,128.51402282714844,27.333999633789062,11.331500053405762,16.002498626708984,19.492958068847656,16.945125579833984,19.960832595825195,16.728166580200195,1008.0,236.0,23.0,78.98697662353516,504.0,75.0,376.0,86.0,1824.0,
Apis mellifera,-1.267151,36.82111,Kenya,2025-09-14T10:19,HUMAN_OBSERVATION,1,236.0,11.607208251953125,72.53372192382812,128.51402282714844,27.333999633789062,11.331500053405762,16.002498626708984,19.492958068847656,16.945125579833984,19.960832595825195,16.728166580200195,1008.0,236.0,23.0,78.98697662353516,504.0,75.0,376.0,86.0,1824.0,
Apis mellifera,-1.237405,36.810288,Kenya,2025-09-11T07:09:35,HUMAN_OBSERVATION,1,236.0,11.607208251953125,72.53372192382812,128.51402282714844,27.333999633789062,11.331500053405762,16.002498626708984,19.492958068847656,16.945125579833984,19.960832595825195,16.728166580200195,1008.0,236.0,23.0,78.98697662353516,504.0,75.0,376.0,86.0,1824.0,
Apis mellifera,-1.181151,36.933998,Kenya,2025-09-09T12:36:39,HUMAN_OBSERVATION,1,164.0,12.004520416259766,74.29115295410156,116.23384094238281,28.674999237060547,12.516249656677246,16.158748626708984,20.844541549682617,18.455917358398438,21.224332809448242,18.258459091186523,776.0,164.0,14.0,75.35821533203125,364.0,46.0,286.0,57.0,1584.0,
Apis mellifera,-1.23765,36.81057,Kenya,2025-09-11T07:09:50,HUMAN_OBSERVATION,1,236.0,11.607208251953125,72.53372192382812,128.51402282714844,27.333999633789062,11.331500053405762,16.002498626708984,19.492958068847656,16.945125579833984,19.960832595825195,16.728166580200195,1008.0,236.0,23.0,78.98697662353516,504.0,75.0,376.0,86.0,1824.0,
Apis mellifera,0.226669,34.884434,Kenya,2025-09-18T12:10,HUMAN_OBSERVATION,1,253.0,11.785562515258789,82.00506591796875,77.54391479492188,26.774749755859375,12.402999877929688,14.371749877929688,19.07900047302246,19.914709091186523,20.183834075927734,18.288291931152344,1839.0,253.0,68.0,38.12214660644531,652.0,243.0,306.0,531.0,1680.0,
Apis mellifera,-1.393838,36.84789,Kenya,2025-09-20T10:14:32,HUMAN_OBSERVATION,1,144.0,12.275479316711426,73.48716735839844,122.2987289428711,28.831249237060547,12.126999855041504,16.70425033569336,20.777374267578125,18.376874923706055,21.258499145507812,18.143667221069336,649.0,144.0,9.0,77.1600341796875,306.0,33.0,252.0,40.0,1590.0,
Apis mellifera,-1.256532,36.816621,Kenya,2025-09-27T10:45,HUMAN_OBSERVATION,1,236.0,11.607208251953125,72.53372192382812,128.51402282714844,27.333999633789062,11.331500053405762,16.002498626708984,19.492958068847656,16.945125579833984,19.960832595825195,16.728166580200195,1008.0,236.0,23.0,78.98697662353516,504.0,75.0,376.0,86.0,1824.0,
Apis mellifera,-1.394133,36.84796,Kenya,2025-09-20T10:07:25,HUMAN_OBSERVATION,1,144.0,12.275479316711426,73.48716735839844,122.2987289428711,28.831249237060547,12.126999855041504,16.70425033569336,20.777374267578125,18.376874923706055,21.258499145507812,18.143667221069336,649.0,144.0,9.0,77.1600341796875,306.0,33.0,252.0,40.0,1590.0,
Apis mellifera,-1.394055,36.847916,Kenya,2025-09-20T10:13:53,HUMAN_OBSERVATION,1,144.0,12.275479316711426,73.48716735839844,122.2987289428711,28.831249237060547,12.126999855041504,16.70425033569336,20.777374267578125,18.376874923706055,21.258499145507812,18.143667221069336,649.0,144.0,9.0,77.1600341796875,306.0,33.0,252.0,40.0,1590.0,
Apis mellifera,-0.604762,37.34023,Kenya,2025-09-16T12:39,HUMAN_OBSERVATION,1,268.0,11.61818790435791,76.65608215332031,99.48599243164062,28.62150001525879,13.465250015258789,15.15625,21.398082733154297,19.207292556762695,21.508790969848633,19.207292556762695,1085.0,268.0,14.0,94.24626159667969,510.0,52.0,396.0,52.0,1271.0,
Apis mellifera,-0.295995,37.099255,Kenya,2025-09-04T10:57:09,HUMAN_OBSERVATION,1,186.0,12.890000343322754,78.14962768554688,69.1472396850586,24.13425064086914,7.640250205993652,16.493999481201172,16.394582748413086,14.806124687194824,16.394582748413086,14.806124687194824,1020.0,186.0,29.0,63.665504455566406,408.0,96.0,408.0,96.0,2089.0,
Apis mellifera,-1.267144,36.82109,Kenya,2025-10-05T14:07,HUMAN_OBSERVATION,1,236.0,11.607208251953125,72.53372192382812,128.51402282714844,27.333999633789062,11.331500053405762,16.002498626708984,19.492958068847656,16.945125579833984,19.960832595825195,16.728166580200195,1008.0,236.0,23.0,78.98697662353516,504.0,75.0,376.0,86.0,1824.0,
Apis mellifera,-1.37547,36.747042,Kenya,2025-10-26T11:01:24,HUMAN_OBSERVATION,1,191.0,11.984271049499512,72.64295196533203,127.05976867675781,28.277999877929688,11.780500411987305,16.497499465942383,20.282583236694336,17.86954116821289,20.80608367919922,17.616374969482422,858.0,191.0,18.0,76.34839630126953,418.0,58.0,313.0,69.0,1775.0,
Apis mellifera,-1.37554,36.746125,Kenya,2025-10-25T09:33:05,HUMAN_OBSERVATION,1,191.0,11.984271049499512,72.64295196533203,127.05976867675781,28.277999877929688,11.780500411987305,16.497499465942383,20.282583236694336,17.86954116821289,20.80608367919922,17.616374969482422,858.0,191.0,18.0,76.34839630126953,418.0,58.0,313.0,69.0,1775.0,
Apis mellifera,-1.375555,36.746114,Kenya,2025-10-25T09:34:35,HUMAN_OBSERVATION,1,191.0,11.984271049499512,72.64295196533203,127.05976867675781,28.277999877929688,11.780500411987305,16.497499465942383,20.282583236694336,17.86954116821289,20.80608367919922,17.616374969482422,858.0,191.0,18.0,76.34839630126953,418.0,58.0,313.0,69.0,1775.0,
Apis mellifera,-1.375566,36.746176,Kenya,2025-10-25T10:29:59,HUMAN_OBSERVATION,1,191.0,11.984271049499512,72.64295196533203,127.05976867675781,28.277999877929688,11.780500411987305,16.497499465942383,20.282583236694336,17.86954116821289,20.80608367919922,17.616374969482422,858.0,191.0,18.0,76.34839630126953,418.0,58.0,313.0,69.0,1775.0,
Apis mellifera,-1.37553,36.746085,Kenya,2025-10-25T10:26:39,HUMAN_OBSERVATION,1,191.0,11.984271049499512,72.64295196533203,127.05976867675781,28.277999877929688,11.780500411987305,16.497499465942383,20.282583236694336,17.86954116821289,20.80608367919922,17.616374969482422,858.0,191.0,18.0,76.34839630126953,418.0,58.0,313.0,69.0,1775.0,
Apis mellifera,-1.401025,36.852417,Kenya,2025-10-25T08:47:40,HUMAN_OBSERVATION,1,144.0,12.275479316711426,73.48716735839844,122.2987289428711,28.831249237060547,12.126999855041504,16.70425033569336,20.777374267578125,18.376874923706055,21.258499145507812,18.143667221069336,649.0,144.0,9.0,77.1600341796875,306.0,33.0,252.0,40.0,1590.0,
Apis mellifera,-1.375733,36.745835,Kenya,2025-10-25T10:12:45,HUMAN_OBSERVATION,1,191.0,11.984271049499512,72.64295196533203,127.05976867675781,28.277999877929688,11.780500411987305,16.497499465942383,20.282583236694336,17.86954116821289,20.80608367919922,17.616374969482422,858.0,191.0,18.0,76.34839630126953,418.0,58.0,313.0,69.0,1775.0,
Apis mellifera,-1.375695,36.746119,Kenya,2025-10-25T10:46:19,HUMAN_OBSERVATION,1,191.0,11.984271049499512,72.64295196533203,127.05976867675781,28.277999877929688,11.780500411987305,16.497499465942383,20.282583236694336,17.86954116821289,20.80608367919922,17.616374969482422,858.0,191.0,18.0,76.34839630126953,418.0,58.0,313.0,69.0,1775.0,
Apis mellifera,-1.400488,36.851738,Kenya,2025-10-24T10:34:06,HUMAN_OBSERVATION,1,144.0,12.275479316711426,73.48716735839844,122.2987289428711,28.831249237060547,12.126999855041504,16.70425033569336,20.777374267578125,18.376874923706055,21.258499145507812,18.143667221069336,649.0,144.0,9.0,77.1600341796875,306.0,33.0,252.0,40.0,1590.0,
Apis mellifera,-1.375592,36.746142,Kenya,2025-10-25T10:17:05,HUMAN_OBSERVATION,1,191.0,11.984271049499512,72.64295196533203,127.05976867675781,28.277999877929688,11.780500411987305,16.497499465942383,20.282583236694336,17.86954116821289,20.80608367919922,17.616374969482422,858.0,191.0,18.0,76.34839630126953,418.0,58.0,313.0,69.0,1775.0,
Apis mellifera,-1.375573,36.746111,Kenya,2025-10-25T10:14:03,HUMAN_OBSERVATION,1,191.0,11.984271049499512,72.64295196533203,127.05976867675781,28.277999877929688,11.780500411987305,16.497499465942383,20.282583236694336,17.86954116821289,20.80608367919922,17.616374969482422,858.0,191.0,18.0,76.34839630126953,418.0,58.0,313.0,69.0,1775.0,
Apis mellifera,-1.375678,36.746106,Kenya,2025-10-25T09:30:51,HUMAN_OBSERVATION,1,191.0,11.984271049499512,72.64295196533203,127.05976867675781,28.277999877929688,11.780500411987305,16.497499465942383,20.282583236694336,17.86954116821289,20.80608367919922,17.616374969482422,858.0,191.0,18.0,76.34839630126953,418.0,58.0,313.0,69.0,1775.0,
Apis mellifera,-1.375545,36.746043,Kenya,2025-10-25T10:09:59,HUMAN_OBSERVATION,1,191.0,11.984271049499512,72.64295196533203,127.05976867675781,28.277999877929688,11.780500411987305,16.497499465942383,20.282583236694336,17.86954116821289,20.80608367919922,17.616374969482422,858.0,191.0,18.0,76.34839630126953,418.0,58.0,313.0,69.0,1775.0,
Apis mellifera,-1.375564,36.746108,Kenya,2025-10-25T10:58:05,HUMAN_OBSERVATION,1,191.0,11.984271049499512,72.64295196533203,127.05976867675781,28.277999877929688,11.780500411987305,16.497499465942383,20.282583236694336,17.86954116821289,20.80608367919922,17.616374969482422,858.0,191.0,18.0,76.34839630126953,418.0,58.0,313.0,69.0,1775.0,
Apis mellifera,-0.331078,36.813957,Kenya,2025-11-05T00:57,HUMAN_OBSERVATION,1,161.0,12.722749710083008,80.15592956542969,67.17710876464844,21.747499465942383,5.875,15.872499465942383,14.48912525177002,13.447041511535645,14.48912525177002,12.890874862670898,1066.0,161.0,42.0,42.35334014892578,384.0,177.0,384.0,195.0,2481.0,
Apis mellifera,-1.303844,36.694008,Kenya,2025-11-01T13:38:25,HUMAN_OBSERVATION,1,236.0,11.607208251953125,72.53372192382812,128.51402282714844,27.333999633789062,11.331500053405762,16.002498626708984,19.492958068847656,16.945125579833984,19.960832595825195,16.728166580200195,1008.0,236.0,23.0,78.98697662353516,504.0,75.0,376.0,86.0,1824.0,
Apis mellifera,0.292195,36.898506,Kenya,2025-11-14T07:42:02,HUMAN_OBSERVATION,1,146.0,14.717937469482422,79.92906188964844,59.94913101196289,26.892000198364258,8.478249549865723,18.41374969482422,18.32295799255371,17.37120819091797,18.32295799255371,16.932209014892578,769.0,146.0,18.0,57.24130630493164,301.0,85.0,301.0,160.0,1741.0,
Apis mellifera,0.032431,36.911973,Kenya,2025-11-08T13:11:22,HUMAN_OBSERVATION,1,130.0,14.877958297729492,78.62679290771484,56.85102844238281,26.565500259399414,7.643249988555908,18.922250747680664,17.73583221435547,16.7098331451416,17.73583221435547,16.498416900634766,760.0,130.0,23.0,49.28548049926758,282.0,100.0,282.0,155.0,1788.0,
Apis mellifera,-1.236831,36.83038,Kenya,2025-12-06T08:22:45,HUMAN_OBSERVATION,1,236.0,11.607208251953125,72.53372192382812,128.51402282714844,27.333999633789062,11.331500053405762,16.002498626708984,19.492958068847656,16.945125579833984,19.960832595825195,16.728166580200195,1008.0,236.0,23.0,78.98697662353516,504.0,75.0,376.0,86.0,1824.0,
Apis mellifera,-1.236831,36.83038,Kenya,2025-12-06T08:46:16,HUMAN_OBSERVATION,1,236.0,11.607208251953125,72.53372192382812,128.51402282714844,27.333999633789062,11.331500053405762,16.002498626708984,19.492958068847656,16.945125579833984,19.960832595825195,16.728166580200195,1008.0,236.0,23.0,78.98697662353516,504.0,75.0,376.0,86.0,1824.0,
Apis mellifera,-1.209255,36.786786,Kenya,2025-12-12T19:54:18,HUMAN_OBSERVATION,1,236.0,11.607208251953125,72.53372192382812,128.51402282714844,27.333999633789062,11.331500053405762,16.002498626708984,19.492958068847656,16.945125579833984,19.960832595825195,16.728166580200195,1008.0,236.0,23.0,78.98697662353516,504.0,75.0,376.0,86.0,1824.0,
Apis mellifera,-1.232769,36.815017,Kenya,2025-12-04T09:43:11,HUMAN_OBSERVATION,1,236.0,11.607208251953125,72.53372192382812,128.51402282714844,27.333999633789062,11.331500053405762,16.002498626708984,19.492958068847656,16.945125579833984,19.960832595825195,16.728166580200195,1008.0,236.0,23.0,78.98697662353516,504.0,75.0,376.0,86.0,1824.0,
Apis mellifera,-1.288742,37.176165,Kenya,2025-12-19T15:50,HUMAN_OBSERVATION,1,180.0,11.658061981201172,73.58494567871094,121.90047454833984,28.337499618530273,12.494500160217285,15.842999458312988,20.905040740966797,18.4635009765625,21.23587417602539,18.159833908081055,753.0,180.0,4.0,95.06151580810547,331.0,16.0,301.0,18.0,1490.0,
Apis mellifera,-4.659003,39.37042,Kenya,2025-12-31T11:44:04,HUMAN_OBSERVATION,1,308.0,7.9549241065979,64.72201538085938,150.27134704589844,32.65999984741211,20.369091033935547,12.290908813476562,26.13916778564453,27.759469985961914,28.04621124267578,24.426895141601562,1267.0,308.0,20.0,77.82806396484375,656.0,112.0,123.0,227.0,14.0,
Apis mellifera,-2.138313,38.264874,Kenya,2025-12-27T20:39,HUMAN_OBSERVATION,1,179.0,10.560791969299316,69.54066467285156,140.8978729248047,31.761249542236328,16.574750900268555,15.186498641967773,24.466083526611328,21.958499908447266,25.52083396911621,21.958499908447266,604.0,179.0,2.0,115.04257202148438,336.0,8.0,214.0,8.0,678.0,
Apis mellifera,-4.312908,39.577136,Kenya,2025-12-27T08:19,HUMAN_OBSERVATION,1,270.0,8.134081840515137,65.01746368408203,150.12319946289062,32.437957763671875,19.92734718322754,12.510610580444336,25.82421875,27.606937408447266,27.606937408447266,24.040611267089844,1160.0,270.0,18.0,73.68436431884766,576.0,105.0,105.0,222.0,53.0,
Apis mellifera,-4.313003,39.577636,Kenya,2025-12-24T10:53,HUMAN_OBSERVATION,1,270.0,8.134081840515137,65.01746368408203,150.12319946289062,32.437957763671875,19.92734718322754,12.510610580444336,25.82421875,27.606937408447266,27.606937408447266,24.040611267089844,1160.0,270.0,18.0,73.68436431884766,576.0,105.0,105.0,222.0,53.0,
Apis mellifera,-2.138344,38.264622,Kenya,2025-12-30T17:07,HUMAN_OBSERVATION,1,179.0,10.560791969299316,69.54066467285156,140.8978729248047,31.761249542236328,16.574750900268555,15.186498641967773,24.466083526611328,21.958499908447266,25.52083396911621,21.958499908447266,604.0,179.0,2.0,115.04257202148438,336.0,8.0,214.0,8.0,678.0,
Apis mellifera,-0.392371,36.961194,Kenya,2024-01-01T11:51:13,HUMAN_OBSERVATION,1,206.0,12.373416900634766,76.8439712524414,84.2883071899414,24.88775062561035,8.785750389099121,16.102001190185547,17.270458221435547,15.393583297729492,17.298707962036133,15.260457992553711,1105.0,206.0,40.0,62.74178695678711,467.0,138.0,334.0,141.0,1931.0,
Apis mellifera,-0.742137,36.450641,Kenya,2024-01-20T14:10:59,HUMAN_OBSERVATION,1,131.0,13.560521125793457,78.31547546386719,98.50428771972656,26.110000610351562,8.794750213623047,17.315250396728516,17.428916931152344,15.273333549499512,17.684541702270508,15.22137451171875,697.0,131.0,33.0,50.747310638427734,288.0,114.0,229.0,115.0,1967.0,
Apis mellifera,-1.26139,36.952022,Kenya,2024-01-14T10:11,HUMAN_OBSERVATION,1,164.0,12.004520416259766,74.29115295410156,116.23384094238281,28.674999237060547,12.516249656677246,16.158748626708984,20.844541549682617,18.455917358398438,21.224332809448242,18.258459091186523,776.0,164.0,14.0,75.35821533203125,364.0,46.0,286.0,57.0,1584.0,
Apis mellifera,-1.590413,35.235382,Kenya,2024-01-21T17:15,HUMAN_OBSERVATION,1,163.0,12.563416481018066,81.27189636230469,83.44486236572266,27.17424964904785,11.715749740600586,15.458499908447266,20.248750686645508,18.355249404907227,20.248750686645508,18.158916473388672,943.0,163.0,24.0,51.00016784667969,375.0,102.0,375.0,106.0,1667.0,
Apis mellifera,0.442617,36.811877,Kenya,2024-01-28T09:31,HUMAN_OBSERVATION,1,139.0,14.984749794006348,81.4189453125,60.8829460144043,27.26650047302246,8.862000465393066,18.404499053955078,18.787874221801758,17.886083602905273,18.787874221801758,17.328125,739.0,139.0,19.0,55.13948059082031,290.0,83.0,290.0,166.0,1754.0,
Apis mellifera,-0.025841,37.282575,Kenya,2024-02-26T15:22:50,HUMAN_OBSERVATION,1,255.0,10.909062385559082,75.35054016113281,80.20535278320312,17.30500030517578,2.8272500038146973,14.477750778198242,10.374208450317383,9.543167114257812,10.444292068481445,8.439833641052246,1510.0,255.0,47.0,52.02140808105469,564.0,220.0,446.0,244.0,3244.0,
Apis mellifera,-1.333611,36.751667,Kenya,2024-02-20T10:19,HUMAN_OBSERVATION,1,191.0,11.984271049499512,72.64295196533203,127.05976867675781,28.277999877929688,11.780500411987305,16.497499465942383,20.282583236694336,17.86954116821289,20.80608367919922,17.616374969482422,858.0,191.0,18.0,76.34839630126953,418.0,58.0,313.0,69.0,1775.0,
Apis mellifera,-1.209533,36.851368,Kenya,2024-03-08T15:33:10,HUMAN_OBSERVATION,1,164.0,12.004520416259766,74.29115295410156,116.23384094238281,28.674999237060547,12.516249656677246,16.158748626708984,20.844541549682617,18.455917358398438,21.224332809448242,18.258459091186523,776.0,164.0,14.0,75.35821533203125,364.0,46.0,286.0,57.0,1584.0,
Apis mellifera,-1.236553,35.02472,Kenya,2024-03-04T12:09,HUMAN_OBSERVATION,1,181.0,12.770936965942383,82.11369323730469,76.74002838134766,27.322999954223633,11.77025032043457,15.552749633789062,19.93400001525879,18.417667388916016,20.263999938964844,18.352458953857422,1147.0,181.0,38.0,39.73972702026367,426.0,169.0,304.0,174.0,1642.0,
Apis mellifera,-1.26711,36.820957,Kenya,2024-04-17T06:39,HUMAN_OBSERVATION,1,236.0,11.607208251953125,72.53372192382812,128.51402282714844,27.333999633789062,11.331500053405762,16.002498626708984,19.492958068847656,16.945125579833984,19.960832595825195,16.728166580200195,1008.0,236.0,23.0,78.98697662353516,504.0,75.0,376.0,86.0,1824.0,
Apis mellifera,0.030616,37.105018,Kenya,2024-04-24T08:43,HUMAN_OBSERVATION,1,135.0,14.503562927246094,79.62646484375,61.01224899291992,25.8752498626709,7.660749912261963,18.214500427246094,17.117874145507812,16.297584533691406,17.157875061035156,15.710416793823242,794.0,135.0,21.0,54.64365768432617,296.0,95.0,216.0,155.0,1905.0,
Apis mellifera,-1.333261,36.75065,Kenya,2024-05-29T14:37:11,HUMAN_OBSERVATION,1,236.0,11.607208251953125,72.53372192382812,128.51402282714844,27.333999633789062,11.331500053405762,16.002498626708984,19.492958068847656,16.945125579833984,19.960832595825195,16.728166580200195,1008.0,236.0,23.0,78.98697662353516,504.0,75.0,376.0,86.0,1824.0,
Apis mellifera,-0.540516,37.078438,Kenya,2024-05-15T22:07:49,HUMAN_OBSERVATION,1,328.0,11.518333435058594,74.27589416503906,107.2162094116211,26.859249114990234,11.351750373840332,15.507498741149902,19.199291229248047,17.178333282470703,19.429750442504883,17.018165588378906,1353.0,328.0,36.0,86.77638244628906,675.0,120.0,464.0,125.0,1578.0,
Apis mellifera,-2.386347,37.336642,Kenya,2024-05-13T08:27,HUMAN_OBSERVATION,1,138.0,11.7854585647583,70.66893768310547,145.13772583007812,30.6560001373291,13.979000091552734,16.677000045776367,22.432249069213867,19.92795753479004,23.286792755126953,19.678791046142578,641.0,138.0,2.0,88.02172088623047,281.0,11.0,254.0,16.0,1126.0,
Apis mellifera,-1.283081,36.821653,Kenya,2024-06-11T16:08:15,HUMAN_OBSERVATION,1,236.0,11.607208251953125,72.53372192382812,128.51402282714844,27.333999633789062,11.331500053405762,16.002498626708984,19.492958068847656,16.945125579833984,19.960832595825195,16.728166580200195,1008.0,236.0,23.0,78.98697662353516,504.0,75.0,376.0,86.0,1824.0,
Apis mellifera,-2.951763,39.79117,Kenya,2024-06-20T12:16:39,HUMAN_OBSERVATION,1,115.0,7.7876458168029785,66.54116821289062,125.10247039794922,31.31100082397461,19.607500076293945,11.703500747680664,25.491209030151367,26.32841682434082,26.538375854492188,23.4913330078125,784.0,115.0,15.0,50.190460205078125,282.0,101.0,171.0,137.0,178.0,
Apis mellifera,-1.275272,36.813797,Kenya,2024-06-15T10:27:34,HUMAN_OBSERVATION,1,236.0,11.607208251953125,72.53372192382812,128.51402282714844,27.333999633789062,11.331500053405762,16.002498626708984,19.492958068847656,16.945125579833984,19.960832595825195,16.728166580200195,1008.0,236.0,23.0,78.98697662353516,504.0,75.0,376.0,86.0,1824.0,
Apis mellifera,0.293858,36.90038,Kenya,2024-06-21T14:58:53,HUMAN_OBSERVATION,1,146.0,14.717937469482422,79.92906188964844,59.94913101196289,26.892000198364258,8.478249549865723,18.41374969482422,18.32295799255371,17.37120819091797,18.32295799255371,16.932209014892578,769.0,146.0,18.0,57.24130630493164,301.0,85.0,301.0,160.0,1741.0,
Apis mellifera,0.256606,34.883988,Kenya,2024-07-30T16:40:11,HUMAN_OBSERVATION,1,253.0,11.785562515258789,82.00506591796875,77.54391479492188,26.774749755859375,12.402999877929688,14.371749877929688,19.07900047302246,19.914709091186523,20.183834075927734,18.288291931152344,1839.0,253.0,68.0,38.12214660644531,652.0,243.0,306.0,531.0,1680.0,
Apis mellifera,-1.266978,36.821042,Kenya,2024-08-17T12:18:41,HUMAN_OBSERVATION,1,236.0,11.607208251953125,72.53372192382812,128.51402282714844,27.333999633789062,11.331500053405762,16.002498626708984,19.492958068847656,16.945125579833984,19.960832595825195,16.728166580200195,1008.0,236.0,23.0,78.98697662353516,504.0,75.0,376.0,86.0,1824.0,
Apis mellifera,-1.223579,36.896538,Kenya,2024-08-08T13:53,HUMAN_OBSERVATION,1,164.0,12.004520416259766,74.29115295410156,116.23384094238281,28.674999237060547,12.516249656677246,16.158748626708984,20.844541549682617,18.455917358398438,21.224332809448242,18.258459091186523,776.0,164.0,14.0,75.35821533203125,364.0,46.0,286.0,57.0,1584.0,
Apis mellifera,-0.788315,36.422054,Kenya,2024-08-11T15:25,HUMAN_OBSERVATION,1,131.0,13.560521125793457,78.31547546386719,98.50428771972656,26.110000610351562,8.794750213623047,17.315250396728516,17.428916931152344,15.273333549499512,17.684541702270508,15.22137451171875,697.0,131.0,33.0,50.747310638427734,288.0,114.0,229.0,115.0,1967.0,
Apis mellifera,-1.619337,35.299959,Kenya,2024-08-23T18:30:24,HUMAN_OBSERVATION,1,163.0,12.563416481018066,81.27189636230469,83.44486236572266,27.17424964904785,11.715749740600586,15.458499908447266,20.248750686645508,18.355249404907227,20.248750686645508,18.158916473388672,943.0,163.0,24.0,51.00016784667969,375.0,102.0,375.0,106.0,1667.0,
Apis mellifera,-1.300888,36.791313,Kenya,2024-09-17T11:43:41,HUMAN_OBSERVATION,1,236.0,11.607208251953125,72.53372192382812,128.51402282714844,27.333999633789062,11.331500053405762,16.002498626708984,19.492958068847656,16.945125579833984,19.960832595825195,16.728166580200195,1008.0,236.0,23.0,78.98697662353516,504.0,75.0,376.0,86.0,1824.0,
Apis mellifera,-1.34126,36.766792,Kenya,2024-09-23T16:18:18,HUMAN_OBSERVATION,1,191.0,11.984271049499512,72.64295196533203,127.05976867675781,28.277999877929688,11.780500411987305,16.497499465942383,20.282583236694336,17.86954116821289,20.80608367919922,17.616374969482422,858.0,191.0,18.0,76.34839630126953,418.0,58.0,313.0,69.0,1775.0,
Apis mellifera,-1.250717,36.663151,Kenya,2024-09-21T09:59:01,HUMAN_OBSERVATION,1,198.0,12.546333312988281,73.52192687988281,135.96188354492188,28.080249786376953,11.01550006866455,17.06475067138672,19.422958374023438,16.969999313354492,20.062292098999023,16.683082580566406,881.0,198.0,19.0,74.45468139648438,435.0,68.0,187.0,78.0,1887.0,
Apis mellifera,-1.393714,36.745753,Kenya,2024-09-20T14:20:52,HUMAN_OBSERVATION,1,191.0,11.984271049499512,72.64295196533203,127.05976867675781,28.277999877929688,11.780500411987305,16.497499465942383,20.282583236694336,17.86954116821289,20.80608367919922,17.616374969482422,858.0,191.0,18.0,76.34839630126953,418.0,58.0,313.0,69.0,1775.0,
Apis mellifera,0.257555,37.547653,Kenya,2024-09-24T07:43:36,HUMAN_OBSERVATION,1,279.0,13.237333297729492,82.58622741699219,78.48197937011719,29.640249252319336,13.611749649047852,16.028499603271484,20.765750885009766,20.126998901367188,21.844999313354492,20.126998901367188,1084.0,279.0,6.0,100.69566345214844,570.0,23.0,353.0,23.0,1407.0,
Apis mellifera,-1.392459,36.747774,Kenya,2024-09-20T14:20:23,HUMAN_OBSERVATION,1,191.0,11.984271049499512,72.64295196533203,127.05976867675781,28.277999877929688,11.780500411987305,16.497499465942383,20.282583236694336,17.86954116821289,20.80608367919922,17.616374969482422,858.0,191.0,18.0,76.34839630126953,418.0,58.0,313.0,69.0,1775.0,
Apis mellifera,0.256847,37.54798,Kenya,2024-09-26T15:48:36,HUMAN_OBSERVATION,1,279.0,13.237333297729492,82.58622741699219,78.48197937011719,29.640249252319336,13.611749649047852,16.028499603271484,20.765750885009766,20.126998901367188,21.844999313354492,20.126998901367188,1084.0,279.0,6.0,100.69566345214844,570.0,23.0,353.0,23.0,1407.0,
Apis mellifera,-1.437135,36.932253,Kenya,2024-09-22T11:35:18,HUMAN_OBSERVATION,1,144.0,12.275479316711426,73.48716735839844,122.2987289428711,28.831249237060547,12.126999855041504,16.70425033569336,20.777374267578125,18.376874923706055,21.258499145507812,18.143667221069336,649.0,144.0,9.0,77.1600341796875,306.0,33.0,252.0,40.0,1590.0,
Apis mellifera,-1.411914,36.889186,Kenya,2024-09-22T12:16:28,HUMAN_OBSERVATION,1,144.0,12.275479316711426,73.48716735839844,122.2987289428711,28.831249237060547,12.126999855041504,16.70425033569336,20.777374267578125,18.376874923706055,21.258499145507812,18.143667221069336,649.0,144.0,9.0,77.1600341796875,306.0,33.0,252.0,40.0,1590.0,
Apis mellifera,-1.24409,36.819099,Kenya,2024-10-05T11:10,HUMAN_OBSERVATION,1,236.0,11.607208251953125,72.53372192382812,128.51402282714844,27.333999633789062,11.331500053405762,16.002498626708984,19.492958068847656,16.945125579833984,19.960832595825195,16.728166580200195,1008.0,236.0,23.0,78.98697662353516,504.0,75.0,376.0,86.0,1824.0,
Apis mellifera,-1.223577,36.90006,Kenya,2024-10-18T07:48:26,HUMAN_OBSERVATION,1,164.0,12.004520416259766,74.29115295410156,116.23384094238281,28.674999237060547,12.516249656677246,16.158748626708984,20.844541549682617,18.455917358398438,21.224332809448242,18.258459091186523,776.0,164.0,14.0,75.35821533203125,364.0,46.0,286.0,57.0,1584.0,
Apis mellifera,-2.813935,37.41114,Kenya,2024-10-20T09:07,HUMAN_OBSERVATION,1,180.0,12.787500381469727,72.18968200683594,151.69879150390625,30.642000198364258,12.928250312805176,17.713748931884766,21.96095848083496,19.25987434387207,22.77775001525879,19.014541625976562,821.0,180.0,10.0,80.63123321533203,374.0,33.0,208.0,44.0,1254.0,
Apis mellifera,-1.198172,36.855134,Kenya,2024-11-02T11:10,HUMAN_OBSERVATION,1,164.0,12.004520416259766,74.29115295410156,116.23384094238281,28.674999237060547,12.516249656677246,16.158748626708984,20.844541549682617,18.455917358398438,21.224332809448242,18.258459091186523,776.0,164.0,14.0,75.35821533203125,364.0,46.0,286.0,57.0,1584.0,
Apis mellifera,-1.29714,36.807762,Kenya,2024-11-15T14:59:31,HUMAN_OBSERVATION,1,236.0,11.607208251953125,72.53372192382812,128.51402282714844,27.333999633789062,11.331500053405762,16.002498626708984,19.492958068847656,16.945125579833984,19.960832595825195,16.728166580200195,1008.0,236.0,23.0,78.98697662353516,504.0,75.0,376.0,86.0,1824.0,
Apis mellifera,-1.242696,36.823943,Kenya,2024-12-14T10:07,HUMAN_OBSERVATION,1,236.0,11.607208251953125,72.53372192382812,128.51402282714844,27.333999633789062,11.331500053405762,16.002498626708984,19.492958068847656,16.945125579833984,19.960832595825195,16.728166580200195,1008.0,236.0,23.0,78.98697662353516,504.0,75.0,376.0,86.0,1824.0,
Apis mellifera,-1.267138,36.82109,Kenya,2024-12-15T11:28,HUMAN_OBSERVATION,1,236.0,11.607208251953125,72.53372192382812,128.51402282714844,27.333999633789062,11.331500053405762,16.002498626708984,19.492958068847656,16.945125579833984,19.960832595825195,16.728166580200195,1008.0,236.0,23.0,78.98697662353516,504.0,75.0,376.0,86.0,1824.0,
Apis mellifera,-1.223527,36.896695,Kenya,2024-12-19T13:25,HUMAN_OBSERVATION,1,164.0,12.004520416259766,74.29115295410156,116.23384094238281,28.674999237060547,12.516249656677246,16.158748626708984,20.844541549682617,18.455917358398438,21.224332809448242,18.258459091186523,776.0,164.0,14.0,75.35821533203125,364.0,46.0,286.0,57.0,1584.0,
Apis mellifera,0.079355,34.487107,Kenya,2024-12-14T10:43:34,HUMAN_OBSERVATION,1,274.0,11.865479469299316,83.01311492919922,66.6769790649414,29.198749542236328,14.90524959564209,14.293499946594238,21.943042755126953,22.200332641601562,22.434165954589844,20.746292114257812,1770.0,274.0,59.0,41.53056716918945,680.0,259.0,302.0,389.0,1343.0,
Apis mellifera,-1.18156,36.953033,Kenya,2024-12-02T10:34:53,HUMAN_OBSERVATION,1,164.0,12.004520416259766,74.29115295410156,116.23384094238281,28.674999237060547,12.516249656677246,16.158748626708984,20.844541549682617,18.455917358398438,21.224332809448242,18.258459091186523,776.0,164.0,14.0,75.35821533203125,364.0,46.0,286.0,57.0,1584.0,
Apis mellifera,-0.791694,36.417091,Kenya,2024-12-19T10:04,HUMAN_OBSERVATION,1,131.0,13.560521125793457,78.31547546386719,98.50428771972656,26.110000610351562,8.794750213623047,17.315250396728516,17.428916931152344,15.273333549499512,17.684541702270508,15.22137451171875,697.0,131.0,33.0,50.747310638427734,288.0,114.0,229.0,115.0,1967.0,
Apis mellifera,-0.10372,37.251282,Kenya,2023-01-07T17:05,HUMAN_OBSERVATION,1,255.0,10.909062385559082,75.35054016113281,80.20535278320312,17.30500030517578,2.8272500038146973,14.477750778198242,10.374208450317383,9.543167114257812,10.444292068481445,8.439833641052246,1510.0,255.0,47.0,52.02140808105469,564.0,220.0,446.0,244.0,3244.0,
Apis mellifera,-4.35609,39.557552,Kenya,2023-01-06,HUMAN_OBSERVATION,1,,,,,,,,,,,,,,,,,,,,,
Apis mellifera,-1.26478,36.786823,Kenya,2023-03-08T01:06,HUMAN_OBSERVATION,1,236.0,11.607208251953125,72.53372192382812,128.51402282714844,27.333999633789062,11.331500053405762,16.002498626708984,19.492958068847656,16.945125579833984,19.960832595825195,16.728166580200195,1008.0,236.0,23.0,78.98697662353516,504.0,75.0,376.0,86.0,1824.0,
Apis mellifera,-1.224201,36.896652,Kenya,2023-03-09T17:45,HUMAN_OBSERVATION,1,164.0,12.004520416259766,74.29115295410156,116.23384094238281,28.674999237060547,12.516249656677246,16.158748626708984,20.844541549682617,18.455917358398438,21.224332809448242,18.258459091186523,776.0,164.0,14.0,75.35821533203125,364.0,46.0,286.0,57.0,1584.0,
Apis mellifera,-1.267143,36.821002,Kenya,2023-03-11T08:33,HUMAN_OBSERVATION,1,236.0,11.607208251953125,72.53372192382812,128.51402282714844,27.333999633789062,11.331500053405762,16.002498626708984,19.492958068847656,16.945125579833984,19.960832595825195,16.728166580200195,1008.0,236.0,23.0,78.98697662353516,504.0,75.0,376.0,86.0,1824.0,
Apis mellifera,-2.79875,37.530262,Kenya,2023-03-23T10:17:52,HUMAN_OBSERVATION,1,172.0,12.670062065124512,71.39069366455078,154.1061553955078,30.984498977661133,13.237000465393066,17.74749755859375,22.260583877563477,19.47308349609375,23.076250076293945,19.25583267211914,797.0,172.0,8.0,85.12400817871094,345.0,25.0,204.0,34.0,1213.0,
Apis mellifera,-0.508936,37.454077,Kenya,2023-03-27T18:01,HUMAN_OBSERVATION,1,268.0,11.61818790435791,76.65608215332031,99.48599243164062,28.62150001525879,13.465250015258789,15.15625,21.398082733154297,19.207292556762695,21.508790969848633,19.207292556762695,1085.0,268.0,14.0,94.24626159667969,510.0,52.0,396.0,52.0,1271.0,
Apis mellifera,-0.51301,37.45506,Kenya,2023-03-14T11:26,HUMAN_OBSERVATION,1,268.0,11.61818790435791,76.65608215332031,99.48599243164062,28.62150001525879,13.465250015258789,15.15625,21.398082733154297,19.207292556762695,21.508790969848633,19.207292556762695,1085.0,268.0,14.0,94.24626159667969,510.0,52.0,396.0,52.0,1271.0,
Apis mellifera,-0.51301,37.45506,Kenya,2023-03-14T11:52,HUMAN_OBSERVATION,1,268.0,11.61818790435791,76.65608215332031,99.48599243164062,28.62150001525879,13.465250015258789,15.15625,21.398082733154297,19.207292556762695,21.508790969848633,19.207292556762695,1085.0,268.0,14.0,94.24626159667969,510.0,52.0,396.0,52.0,1271.0,
Apis mellifera,-0.508936,37.454077,Kenya,2023-03-27T18:01,HUMAN_OBSERVATION,1,268.0,11.61818790435791,76.65608215332031,99.48599243164062,28.62150001525879,13.465250015258789,15.15625,21.398082733154297,19.207292556762695,21.508790969848633,19.207292556762695,1085.0,268.0,14.0,94.24626159667969,510.0,52.0,396.0,52.0,1271.0,
Apis mellifera,-1.224507,36.896679,Kenya,2023-04-25T17:47,HUMAN_OBSERVATION,1,164.0,12.004520416259766,74.29115295410156,116.23384094238281,28.674999237060547,12.516249656677246,16.158748626708984,20.844541549682617,18.455917358398438,21.224332809448242,18.258459091186523,776.0,164.0,14.0,75.35821533203125,364.0,46.0,286.0,57.0,1584.0,
Apis mellifera,-1.239567,36.818961,Kenya,2023-04-23T13:30,HUMAN_OBSERVATION,1,236.0,11.607208251953125,72.53372192382812,128.51402282714844,27.333999633789062,11.331500053405762,16.002498626708984,19.492958068847656,16.945125579833984,19.960832595825195,16.728166580200195,1008.0,236.0,23.0,78.98697662353516,504.0,75.0,376.0,86.0,1824.0,
Apis mellifera,-0.47433,37.71759,Kenya,2023-04-12T09:48,HUMAN_OBSERVATION,1,231.0,11.134604454040527,75.7752456665039,110.81858825683594,29.443500518798828,14.749250411987305,14.694250106811523,22.129457473754883,20.089916229248047,22.8055419921875,20.089916229248047,921.0,231.0,4.0,105.70143127441406,438.0,18.0,351.0,18.0,996.0,
Apis mellifera,-0.47433,37.71759,Kenya,2023-04-12T09:38,HUMAN_OBSERVATION,1,231.0,11.134604454040527,75.7752456665039,110.81858825683594,29.443500518798828,14.749250411987305,14.694250106811523,22.129457473754883,20.089916229248047,22.8055419921875,20.089916229248047,921.0,231.0,4.0,105.70143127441406,438.0,18.0,351.0,18.0,996.0,
Apis mellifera,-0.47433,37.71759,Kenya,2023-04-12T09:38,HUMAN_OBSERVATION,1,231.0,11.134604454040527,75.7752456665039,110.81858825683594,29.443500518798828,14.749250411987305,14.694250106811523,22.129457473754883,20.089916229248047,22.8055419921875,20.089916229248047,921.0,231.0,4.0,105.70143127441406,438.0,18.0,351.0,18.0,996.0,
Apis mellifera,-0.347803,37.482394,Kenya,2023-04-27T11:34,HUMAN_OBSERVATION,1,365.0,11.000332832336426,76.73892211914062,96.69783020019531,25.263500213623047,10.928750038146973,14.334750175476074,18.33941650390625,17.570209503173828,18.50545883178711,16.187000274658203,1720.0,365.0,42.0,79.32968139648438,791.0,182.0,525.0,213.0,1758.0,
Apis mellifera,-0.347803,37.482394,Kenya,2023-04-21T11:23,HUMAN_OBSERVATION,1,365.0,11.000332832336426,76.73892211914062,96.69783020019531,25.263500213623047,10.928750038146973,14.334750175476074,18.33941650390625,17.570209503173828,18.50545883178711,16.187000274658203,1720.0,365.0,42.0,79.32968139648438,791.0,182.0,525.0,213.0,1758.0,
Apis mellifera,-0.471909,37.913347,Kenya,2023-04-24T10:04,HUMAN_OBSERVATION,1,172.0,11.010375022888184,73.93855285644531,120.88125610351562,31.02025032043457,16.128999710083008,14.891250610351562,23.84516716003418,21.595874786376953,24.58733367919922,21.595874786376953,610.0,172.0,0.0,118.81896209716797,314.0,2.0,243.0,2.0,675.0,
Apis mellifera,-0.47433,37.71759,Kenya,2023-04-20T10:07,HUMAN_OBSERVATION,1,231.0,11.134604454040527,75.7752456665039,110.81858825683594,29.443500518798828,14.749250411987305,14.694250106811523,22.129457473754883,20.089916229248047,22.8055419921875,20.089916229248047,921.0,231.0,4.0,105.70143127441406,438.0,18.0,351.0,18.0,996.0,
Apis mellifera,-0.347803,37.482394,Kenya,2023-04-21T11:13,HUMAN_OBSERVATION,1,365.0,11.000332832336426,76.73892211914062,96.69783020019531,25.263500213623047,10.928750038146973,14.334750175476074,18.33941650390625,17.570209503173828,18.50545883178711,16.187000274658203,1720.0,365.0,42.0,79.32968139648438,791.0,182.0,525.0,213.0,1758.0,
Apis mellifera,-0.471909,37.913347,Kenya,2023-04-24T09:52,HUMAN_OBSERVATION,1,172.0,11.010375022888184,73.93855285644531,120.88125610351562,31.02025032043457,16.128999710083008,14.891250610351562,23.84516716003418,21.595874786376953,24.58733367919922,21.595874786376953,610.0,172.0,0.0,118.81896209716797,314.0,2.0,243.0,2.0,675.0,
Apis mellifera,-0.47433,37.71759,Kenya,2023-04-12T09:57,HUMAN_OBSERVATION,1,231.0,11.134604454040527,75.7752456665039,110.81858825683594,29.443500518798828,14.749250411987305,14.694250106811523,22.129457473754883,20.089916229248047,22.8055419921875,20.089916229248047,921.0,231.0,4.0,105.70143127441406,438.0,18.0,351.0,18.0,996.0,
Apis mellifera,-0.471909,37.913347,Kenya,2023-04-24T10:04,HUMAN_OBSERVATION,1,172.0,11.010375022888184,73.93855285644531,120.88125610351562,31.02025032043457,16.128999710083008,14.891250610351562,23.84516716003418,21.595874786376953,24.58733367919922,21.595874786376953,610.0,172.0,0.0,118.81896209716797,314.0,2.0,243.0,2.0,675.0,
Apis mellifera,-0.47433,37.71759,Kenya,2023-04-20T10:07,HUMAN_OBSERVATION,1,231.0,11.134604454040527,75.7752456665039,110.81858825683594,29.443500518798828,14.749250411987305,14.694250106811523,22.129457473754883,20.089916229248047,22.8055419921875,20.089916229248047,921.0,231.0,4.0,105.70143127441406,438.0,18.0,351.0,18.0,996.0,
Apis mellifera,-0.471909,37.913347,Kenya,2023-04-24T10:04,HUMAN_OBSERVATION,1,172.0,11.010375022888184,73.93855285644531,120.88125610351562,31.02025032043457,16.128999710083008,14.891250610351562,23.84516716003418,21.595874786376953,24.58733367919922,21.595874786376953,610.0,172.0,0.0,118.81896209716797,314.0,2.0,243.0,2.0,675.0,
Apis mellifera,-0.347803,37.482394,Kenya,2023-04-21T11:44,HUMAN_OBSERVATION,1,365.0,11.000332832336426,76.73892211914062,96.69783020019531,25.263500213623047,10.928750038146973,14.334750175476074,18.33941650390625,17.570209503173828,18.50545883178711,16.187000274658203,1720.0,365.0,42.0,79.32968139648438,791.0,182.0,525.0,213.0,1758.0,
Apis mellifera,-0.47433,37.71759,Kenya,2023-04-20T10:07,HUMAN_OBSERVATION,1,231.0,11.134604454040527,75.7752456665039,110.81858825683594,29.443500518798828,14.749250411987305,14.694250106811523,22.129457473754883,20.089916229248047,22.8055419921875,20.089916229248047,921.0,231.0,4.0,105.70143127441406,438.0,18.0,351.0,18.0,996.0,
Apis mellifera,-0.471909,37.913347,Kenya,2023-04-24T10:04,HUMAN_OBSERVATION,1,172.0,11.010375022888184,73.93855285644531,120.88125610351562,31.02025032043457,16.128999710083008,14.891250610351562,23.84516716003418,21.595874786376953,24.58733367919922,21.595874786376953,610.0,172.0,0.0,118.81896209716797,314.0,2.0,243.0,2.0,675.0,
Apis mellifera,-1.263189,36.829211,Kenya,2023-05-08T04:07,HUMAN_OBSERVATION,1,236.0,11.607208251953125,72.53372192382812,128.51402282714844,27.333999633789062,11.331500053405762,16.002498626708984,19.492958068847656,16.945125579833984,19.960832595825195,16.728166580200195,1008.0,236.0,23.0,78.98697662353516,504.0,75.0,376.0,86.0,1824.0,
Apis mellifera,0.399085,36.024562,Kenya,2023-05-18T11:00,HUMAN_OBSERVATION,1,99.0,14.576541900634766,85.94405364990234,63.26142501831055,32.069000244140625,15.108499526977539,16.960500717163086,24.003833770751953,23.38374900817871,24.113332748413086,22.551916122436523,721.0,99.0,27.0,42.76728820800781,251.0,92.0,182.0,228.0,1124.0,
Apis mellifera,-1.260184,36.807647,Kenya,2023-05-28T12:03,HUMAN_OBSERVATION,1,236.0,11.607208251953125,72.53372192382812,128.51402282714844,27.333999633789062,11.331500053405762,16.002498626708984,19.492958068847656,16.945125579833984,19.960832595825195,16.728166580200195,1008.0,236.0,23.0,78.98697662353516,504.0,75.0,376.0,86.0,1824.0,
Apis mellifera,-0.482883,36.730278,Kenya,2023-05-18T19:04:20,HUMAN_OBSERVATION,1,218.0,11.228208541870117,79.2966537475586,80.41166687011719,19.067750930786133,4.9079999923706055,14.159750938415527,12.478958129882812,11.677291870117188,12.491708755493164,10.533791542053223,1402.0,218.0,45.0,45.34027862548828,530.0,204.0,407.0,264.0,2778.0,
Apis mellifera,-0.820418,36.377323,Kenya,2023-05-25T15:30:24,HUMAN_OBSERVATION,1,131.0,13.560521125793457,78.31547546386719,98.50428771972656,26.110000610351562,8.794750213623047,17.315250396728516,17.428916931152344,15.273333549499512,17.684541702270508,15.22137451171875,697.0,131.0,33.0,50.747310638427734,288.0,114.0,229.0,115.0,1967.0,
Apis mellifera,-0.053297,37.291232,Kenya,2023-05-17T11:21,HUMAN_OBSERVATION,1,255.0,10.909062385559082,75.35054016113281,80.20535278320312,17.30500030517578,2.8272500038146973,14.477750778198242,10.374208450317383,9.543167114257812,10.444292068481445,8.439833641052246,1510.0,255.0,47.0,52.02140808105469,564.0,220.0,446.0,244.0,3244.0,
Apis mellifera,-0.053297,37.291232,Kenya,2023-05-17T12:06,HUMAN_OBSERVATION,1,255.0,10.909062385559082,75.35054016113281,80.20535278320312,17.30500030517578,2.8272500038146973,14.477750778198242,10.374208450317383,9.543167114257812,10.444292068481445,8.439833641052246,1510.0,255.0,47.0,52.02140808105469,564.0,220.0,446.0,244.0,3244.0,
Apis mellifera,-0.049211,37.286747,Kenya,2023-05-15T10:22,HUMAN_OBSERVATION,1,255.0,10.909062385559082,75.35054016113281,80.20535278320312,17.30500030517578,2.8272500038146973,14.477750778198242,10.374208450317383,9.543167114257812,10.444292068481445,8.439833641052246,1510.0,255.0,47.0,52.02140808105469,564.0,220.0,446.0,244.0,3244.0,
Apis mellifera,-0.053297,37.291232,Kenya,2023-05-17T12:06,HUMAN_OBSERVATION,1,255.0,10.909062385559082,75.35054016113281,80.20535278320312,17.30500030517578,2.8272500038146973,14.477750778198242,10.374208450317383,9.543167114257812,10.444292068481445,8.439833641052246,1510.0,255.0,47.0,52.02140808105469,564.0,220.0,446.0,244.0,3244.0,
Apis mellifera,-0.053297,37.291232,Kenya,2023-05-17T12:06,HUMAN_OBSERVATION,1,255.0,10.909062385559082,75.35054016113281,80.20535278320312,17.30500030517578,2.8272500038146973,14.477750778198242,10.374208450317383,9.543167114257812,10.444292068481445,8.439833641052246,1510.0,255.0,47.0,52.02140808105469,564.0,220.0,446.0,244.0,3244.0,
Apis mellifera,-0.053297,37.291232,Kenya,2023-05-17T11:21,HUMAN_OBSERVATION,1,255.0,10.909062385559082,75.35054016113281,80.20535278320312,17.30500030517578,2.8272500038146973,14.477750778198242,10.374208450317383,9.543167114257812,10.444292068481445,8.439833641052246,1510.0,255.0,47.0,52.02140808105469,564.0,220.0,446.0,244.0,3244.0,
Apis mellifera,-0.049211,37.286747,Kenya,2023-05-15T11:54,HUMAN_OBSERVATION,1,255.0,10.909062385559082,75.35054016113281,80.20535278320312,17.30500030517578,2.8272500038146973,14.477750778198242,10.374208450317383,9.543167114257812,10.444292068481445,8.439833641052246,1510.0,255.0,47.0,52.02140808105469,564.0,220.0,446.0,244.0,3244.0,
Apis mellifera,-0.049211,37.286747,Kenya,2023-05-15T10:49,HUMAN_OBSERVATION,1,255.0,10.909062385559082,75.35054016113281,80.20535278320312,17.30500030517578,2.8272500038146973,14.477750778198242,10.374208450317383,9.543167114257812,10.444292068481445,8.439833641052246,1510.0,255.0,47.0,52.02140808105469,564.0,220.0,446.0,244.0,3244.0,
Apis mellifera,-0.049211,37.286747,Kenya,2023-05-15T10:49,HUMAN_OBSERVATION,1,255.0,10.909062385559082,75.35054016113281,80.20535278320312,17.30500030517578,2.8272500038146973,14.477750778198242,10.374208450317383,9.543167114257812,10.444292068481445,8.439833641052246,1510.0,255.0,47.0,52.02140808105469,564.0,220.0,446.0,244.0,3244.0,
Apis mellifera,-0.053297,37.291232,Kenya,2023-05-17T12:06,HUMAN_OBSERVATION,1,255.0,10.909062385559082,75.35054016113281,80.20535278320312,17.30500030517578,2.8272500038146973,14.477750778198242,10.374208450317383,9.543167114257812,10.444292068481445,8.439833641052246,1510.0,255.0,47.0,52.02140808105469,564.0,220.0,446.0,244.0,3244.0,
Apis mellifera,-0.053297,37.291232,Kenya,2023-05-17T12:06,HUMAN_OBSERVATION,1,255.0,10.909062385559082,75.35054016113281,80.20535278320312,17.30500030517578,2.8272500038146973,14.477750778198242,10.374208450317383,9.543167114257812,10.444292068481445,8.439833641052246,1510.0,255.0,47.0,52.02140808105469,564.0,220.0,446.0,244.0,3244.0,
Apis mellifera,-0.053297,37.291232,Kenya,2023-05-17T11:21,HUMAN_OBSERVATION,1,255.0,10.909062385559082,75.35054016113281,80.20535278320312,17.30500030517578,2.8272500038146973,14.477750778198242,10.374208450317383,9.543167114257812,10.444292068481445,8.439833641052246,1510.0,255.0,47.0,52.02140808105469,564.0,220.0,446.0,244.0,3244.0,
Apis mellifera,-0.053297,37.291232,Kenya,2023-05-17T11:21,HUMAN_OBSERVATION,1,255.0,10.909062385559082,75.35054016113281,80.20535278320312,17.30500030517578,2.8272500038146973,14.477750778198242,10.374208450317383,9.543167114257812,10.444292068481445,8.439833641052246,1510.0,255.0,47.0,52.02140808105469,564.0,220.0,446.0,244.0,3244.0,
Apis mellifera,-0.053297,37.291232,Kenya,2023-05-17T12:06,HUMAN_OBSERVATION,1,255.0,10.909062385559082,75.35054016113281,80.20535278320312,17.30500030517578,2.8272500038146973,14.477750778198242,10.374208450317383,9.543167114257812,10.444292068481445,8.439833641052246,1510.0,255.0,47.0,52.02140808105469,564.0,220.0,446.0,244.0,3244.0,
Apis mellifera,-1.256433,36.816623,Kenya,2023-06-04T08:30,HUMAN_OBSERVATION,1,236.0,11.607208251953125,72.53372192382812,128.51402282714844,27.333999633789062,11.331500053405762,16.002498626708984,19.492958068847656,16.945125579833984,19.960832595825195,16.728166580200195,1008.0,236.0,23.0,78.98697662353516,504.0,75.0,376.0,86.0,1824.0,
Apis mellifera,-2.705082,37.266045,Kenya,2023-06-08T13:25:07,HUMAN_OBSERVATION,1,172.0,12.689020156860352,72.17154693603516,151.20614624023438,30.563749313354492,12.982000350952148,17.581748962402344,21.917667388916016,19.259666442871094,22.751375198364258,18.99970817565918,759.0,172.0,9.0,80.6670913696289,359.0,28.0,194.0,38.0,1234.0,
Apis mellifera,-1.26712,36.820926,Kenya,2023-06-18T09:21,HUMAN_OBSERVATION,1,236.0,11.607208251953125,72.53372192382812,128.51402282714844,27.333999633789062,11.331500053405762,16.002498626708984,19.492958068847656,16.945125579833984,19.960832595825195,16.728166580200195,1008.0,236.0,23.0,78.98697662353516,504.0,75.0,376.0,86.0,1824.0,
Apis mellifera,-0.11468,34.74753,Kenya,2023-06-19T12:16:09,HUMAN_OBSERVATION,1,226.0,11.971603393554688,83.73068237304688,70.60234832763672,29.833999633789062,15.536250114440918,14.297749519348145,22.61487579345703,23.058542251586914,23.24650001525879,21.451583862304688,1427.0,226.0,64.0,38.2038459777832,558.0,254.0,307.0,286.0,1230.0,
Apis mellifera,-3.3733,38.341,Kenya,2023-06-09T15:22,HUMAN_OBSERVATION,1,161.0,9.89645767211914,67.58837127685547,157.33180236816406,29.08099937438965,14.438750267028809,14.64224910736084,22.25545883178711,19.30145835876465,23.089374542236328,19.30145835876465,898.0,161.0,14.0,74.88529968261719,364.0,55.0,211.0,55.0,1015.0,
Apis mellifera,-3.3733,38.341,Kenya,2023-06-09T15:22,HUMAN_OBSERVATION,1,161.0,9.89645767211914,67.58837127685547,157.33180236816406,29.08099937438965,14.438750267028809,14.64224910736084,22.25545883178711,19.30145835876465,23.089374542236328,19.30145835876465,898.0,161.0,14.0,74.88529968261719,364.0,55.0,211.0,55.0,1015.0,
Apis mellifera,-1.21594,36.974845,Kenya,2023-06-16T13:02,HUMAN_OBSERVATION,1,164.0,12.004520416259766,74.29115295410156,116.23384094238281,28.674999237060547,12.516249656677246,16.158748626708984,20.844541549682617,18.455917358398438,21.224332809448242,18.258459091186523,776.0,164.0,14.0,75.35821533203125,364.0,46.0,286.0,57.0,1584.0,
Apis mellifera,-0.48686,36.709454,Kenya,2023-06-10T10:41:48,HUMAN_OBSERVATION,1,218.0,11.228208541870117,79.2966537475586,80.41166687011719,19.067750930786133,4.9079999923706055,14.159750938415527,12.478958129882812,11.677291870117188,12.491708755493164,10.533791542053223,1402.0,218.0,45.0,45.34027862548828,530.0,204.0,407.0,264.0,2778.0,
Apis mellifera,-1.229645,36.804878,Kenya,2023-07-06T13:09:55,HUMAN_OBSERVATION,1,236.0,11.607208251953125,72.53372192382812,128.51402282714844,27.333999633789062,11.331500053405762,16.002498626708984,19.492958068847656,16.945125579833984,19.960832595825195,16.728166580200195,1008.0,236.0,23.0,78.98697662353516,504.0,75.0,376.0,86.0,1824.0,
Apis mellifera,-0.594159,36.399248,Kenya,2023-07-12T12:42:59,HUMAN_OBSERVATION,1,121.0,14.478708267211914,78.34587097167969,87.54300689697266,25.702499389648438,7.2220001220703125,18.480499267578125,16.524625778198242,16.125917434692383,16.731332778930664,14.510624885559082,728.0,121.0,31.0,41.50690841674805,274.0,118.0,216.0,154.0,2117.0,
Apis mellifera,-0.645765,36.200681,Kenya,2023-07-27T08:52:31,HUMAN_OBSERVATION,1,121.0,14.38656234741211,79.70394897460938,83.47124481201172,25.74774932861328,7.697750091552734,18.049999237060547,16.753915786743164,16.369916915893555,16.94729232788086,14.850250244140625,718.0,121.0,28.0,40.67127990722656,265.0,109.0,212.0,173.0,2110.0,
Apis mellifera,-1.328843,36.767327,Kenya,2023-07-25T13:13,HUMAN_OBSERVATION,1,236.0,11.607208251953125,72.53372192382812,128.51402282714844,27.333999633789062,11.331500053405762,16.002498626708984,19.492958068847656,16.945125579833984,19.960832595825195,16.728166580200195,1008.0,236.0,23.0,78.98697662353516,504.0,75.0,376.0,86.0,1824.0,
Apis mellifera,1.331154,37.219491,Kenya,2023-07-22T09:06:09,HUMAN_OBSERVATION,1,180.0,11.052145957946777,80.4611587524414,74.71977996826172,25.613250732421875,11.877249717712402,13.736001014709473,19.438249588012695,17.664207458496094,19.472291946411133,17.65887451171875,731.0,180.0,11.0,87.93280792236328,350.0,40.0,288.0,44.0,1579.0,
Apis mellifera,-0.491381,34.032989,Kenya,2023-08-10T15:32:13,HUMAN_OBSERVATION,1,179.0,9.221541404724121,83.84554290771484,60.53780746459961,27.980249404907227,16.98200035095215,10.998249053955078,22.704626083374023,21.56658363342285,23.08529281616211,21.56658363342285,989.0,179.0,37.0,54.36091232299805,428.0,120.0,227.0,120.0,1158.0,
Apis mellifera,-1.390444,36.7755,Kenya,2023-08-29T10:53:09,HUMAN_OBSERVATION,1,191.0,11.984271049499512,72.64295196533203,127.05976867675781,28.277999877929688,11.780500411987305,16.497499465942383,20.282583236694336,17.86954116821289,20.80608367919922,17.616374969482422,858.0,191.0,18.0,76.34839630126953,418.0,58.0,313.0,69.0,1775.0,
Apis mellifera,-0.491434,34.03308,Kenya,2023-08-10T14:01:44,HUMAN_OBSERVATION,1,179.0,9.221541404724121,83.84554290771484,60.53780746459961,27.980249404907227,16.98200035095215,10.998249053955078,22.704626083374023,21.56658363342285,23.08529281616211,21.56658363342285,989.0,179.0,37.0,54.36091232299805,428.0,120.0,227.0,120.0,1158.0,
Apis mellifera,-1.222272,36.896911,Kenya,2023-09-05T14:03,HUMAN_OBSERVATION,1,164.0,12.004520416259766,74.29115295410156,116.23384094238281,28.674999237060547,12.516249656677246,16.158748626708984,20.844541549682617,18.455917358398438,21.224332809448242,18.258459091186523,776.0,164.0,14.0,75.35821533203125,364.0,46.0,286.0,57.0,1584.0,
Apis mellifera,-1.222301,36.896887,Kenya,2023-09-09T11:57,HUMAN_OBSERVATION,1,164.0,12.004520416259766,74.29115295410156,116.23384094238281,28.674999237060547,12.516249656677246,16.158748626708984,20.844541549682617,18.455917358398438,21.224332809448242,18.258459091186523,776.0,164.0,14.0,75.35821533203125,364.0,46.0,286.0,57.0,1584.0,
Apis mellifera,0.216276,34.881363,Kenya,2023-09-03T20:50,HUMAN_OBSERVATION,1,253.0,11.785562515258789,82.00506591796875,77.54391479492188,26.774749755859375,12.402999877929688,14.371749877929688,19.07900047302246,19.914709091186523,20.183834075927734,18.288291931152344,1839.0,253.0,68.0,38.12214660644531,652.0,243.0,306.0,531.0,1680.0,
Apis mellifera,0.199062,34.879551,Kenya,2023-09-04T14:09,HUMAN_OBSERVATION,1,253.0,11.785562515258789,82.00506591796875,77.54391479492188,26.774749755859375,12.402999877929688,14.371749877929688,19.07900047302246,19.914709091186523,20.183834075927734,18.288291931152344,1839.0,253.0,68.0,38.12214660644531,652.0,243.0,306.0,531.0,1680.0,
Apis mellifera,-0.131617,37.385247,Kenya,2023-09-04T09:59:10,HUMAN_OBSERVATION,1,237.0,12.108291625976562,77.54890441894531,78.2630844116211,17.463499069213867,1.84975004196167,15.613748550415039,8.905583381652832,7.966917037963867,9.923791885375977,7.966917037963867,1453.0,237.0,46.0,55.14106369018555,537.0,206.0,442.0,206.0,3419.0,
Apis mellifera,-1.22245,36.897435,Kenya,2023-10-05T14:00,HUMAN_OBSERVATION,1,164.0,12.004520416259766,74.29115295410156,116.23384094238281,28.674999237060547,12.516249656677246,16.158748626708984,20.844541549682617,18.455917358398438,21.224332809448242,18.258459091186523,776.0,164.0,14.0,75.35821533203125,364.0,46.0,286.0,57.0,1584.0,
Apis mellifera,-0.524929,36.663828,Kenya,2023-10-21T13:11,HUMAN_OBSERVATION,1,182.0,12.380291938781738,77.58898162841797,91.04951477050781,21.006750106811523,5.05049991607666,15.956250190734863,13.365875244140625,12.696083068847656,13.448583602905273,11.187749862670898,1141.0,182.0,46.0,42.724239349365234,436.0,176.0,336.0,221.0,2580.0,
Apis mellifera,-0.597176,36.469945,Kenya,2023-10-21T11:08,HUMAN_OBSERVATION,1,121.0,14.478708267211914,78.34587097167969,87.54300689697266,25.702499389648438,7.2220001220703125,18.480499267578125,16.524625778198242,16.125917434692383,16.731332778930664,14.510624885559082,728.0,121.0,31.0,41.50690841674805,274.0,118.0,216.0,154.0,2117.0,
Apis mellifera,-1.256703,36.816738,Kenya,2023-11-12T10:25:04,HUMAN_OBSERVATION,1,236.0,11.607208251953125,72.53372192382812,128.51402282714844,27.333999633789062,11.331500053405762,16.002498626708984,19.492958068847656,16.945125579833984,19.960832595825195,16.728166580200195,1008.0,236.0,23.0,78.98697662353516,504.0,75.0,376.0,86.0,1824.0,
Apis mellifera,-1.291622,36.770825,Kenya,2023-11-26T17:34:06,HUMAN_OBSERVATION,1,236.0,11.607208251953125,72.53372192382812,128.51402282714844,27.333999633789062,11.331500053405762,16.002498626708984,19.492958068847656,16.945125579833984,19.960832595825195,16.728166580200195,1008.0,236.0,23.0,78.98697662353516,504.0,75.0,376.0,86.0,1824.0,
Apis mellifera,-0.758805,36.430155,Kenya,2023-11-25T13:08:09,HUMAN_OBSERVATION,1,131.0,13.560521125793457,78.31547546386719,98.50428771972656,26.110000610351562,8.794750213623047,17.315250396728516,17.428916931152344,15.273333549499512,17.684541702270508,15.22137451171875,697.0,131.0,33.0,50.747310638427734,288.0,114.0,229.0,115.0,1967.0,
Apis mellifera,-1.375761,36.746102,Kenya,2023-11-24T11:29:06,HUMAN_OBSERVATION,1,191.0,11.984271049499512,72.64295196533203,127.05976867675781,28.277999877929688,11.780500411987305,16.497499465942383,20.282583236694336,17.86954116821289,20.80608367919922,17.616374969482422,858.0,191.0,18.0,76.34839630126953,418.0,58.0,313.0,69.0,1775.0,
Apis mellifera,-1.313725,36.750783,Kenya,2023-11-25T15:51:12,HUMAN_OBSERVATION,1,236.0,11.607208251953125,72.53372192382812,128.51402282714844,27.333999633789062,11.331500053405762,16.002498626708984,19.492958068847656,16.945125579833984,19.960832595825195,16.728166580200195,1008.0,236.0,23.0,78.98697662353516,504.0,75.0,376.0,86.0,1824.0,
Apis mellifera,-1.263895,36.827823,Kenya,2023-11-25T10:47:19,HUMAN_OBSERVATION,1,236.0,11.607208251953125,72.53372192382812,128.51402282714844,27.333999633789062,11.331500053405762,16.002498626708984,19.492958068847656,16.945125579833984,19.960832595825195,16.728166580200195,1008.0,236.0,23.0,78.98697662353516,504.0,75.0,376.0,86.0,1824.0,
Apis mellifera,0.413458,35.21877,Kenya,2023-12-08T16:27,HUMAN_OBSERVATION,1,184.0,12.663603782653809,80.9085464477539,90.32051086425781,25.8387508392334,10.187000274658203,15.651750564575195,16.160417556762695,17.847749710083008,18.410375595092773,16.132917404174805,1212.0,184.0,35.0,50.37519454956055,465.0,130.0,280.0,449.0,2098.0,
Apis mellifera,-0.100877,35.934535,Kenya,2023-12-10T12:32:37,HUMAN_OBSERVATION,1,142.0,14.56002140045166,83.03642272949219,60.971622467041016,27.736000061035156,10.201499938964844,17.534500122070312,18.71641731262207,18.748624801635742,19.172374725341797,17.633291244506836,971.0,142.0,29.0,40.31159591674805,327.0,129.0,254.0,287.0,1756.0,
Apis mellifera,-1.243299,36.819671,Kenya,2023-12-12T18:27,HUMAN_OBSERVATION,1,236.0,11.607208251953125,72.53372192382812,128.51402282714844,27.333999633789062,11.331500053405762,16.002498626708984,19.492958068847656,16.945125579833984,19.960832595825195,16.728166580200195,1008.0,236.0,23.0,78.98697662353516,504.0,75.0,376.0,86.0,1824.0,
Apis mellifera,-1.309298,36.923368,Kenya,2023-12-22T08:55,HUMAN_OBSERVATION,1,164.0,12.004520416259766,74.29115295410156,116.23384094238281,28.674999237060547,12.516249656677246,16.158748626708984,20.844541549682617,18.455917358398438,21.224332809448242,18.258459091186523,776.0,164.0,14.0,75.35821533203125,364.0,46.0,286.0,57.0,1584.0,
Apis mellifera,-1.375938,36.879134,Kenya,2023-12-22T08:51,HUMAN_OBSERVATION,1,144.0,12.275479316711426,73.48716735839844,122.2987289428711,28.831249237060547,12.126999855041504,16.70425033569336,20.777374267578125,18.376874923706055,21.258499145507812,18.143667221069336,649.0,144.0,9.0,77.1600341796875,306.0,33.0,252.0,40.0,1590.0,
Apis mellifera,-1.250085,36.821321,Kenya,2023-12-24T12:34,HUMAN_OBSERVATION,1,236.0,11.607208251953125,72.53372192382812,128.51402282714844,27.333999633789062,11.331500053405762,16.002498626708984,19.492958068847656,16.945125579833984,19.960832595825195,16.728166580200195,1008.0,236.0,23.0,78.98697662353516,504.0,75.0,376.0,86.0,1824.0,
Apis mellifera,-0.179813,37.066928,Kenya,2022-01-24T21:07,HUMAN_OBSERVATION,1,186.0,12.890000343322754,78.14962768554688,69.1472396850586,24.13425064086914,7.640250205993652,16.493999481201172,16.394582748413086,14.806124687194824,16.394582748413086,14.806124687194824,1020.0,186.0,29.0,63.665504455566406,408.0,96.0,408.0,96.0,2089.0,
Apis mellifera,-0.72756,36.646678,Kenya,2022-01-27T18:23,HUMAN_OBSERVATION,1,219.0,12.63422966003418,77.21454620361328,104.7840347290039,21.800249099731445,5.437749862670898,16.362499237060547,13.824749946594238,11.491707801818848,14.032917022705078,11.420332908630371,1179.0,219.0,49.0,52.995643615722656,500.0,174.0,392.0,179.0,2523.0,
Apis mellifera,-0.52543,36.664043,Kenya,2022-01-27T13:10,HUMAN_OBSERVATION,1,182.0,12.380291938781738,77.58898162841797,91.04951477050781,21.006750106811523,5.05049991607666,15.956250190734863,13.365875244140625,12.696083068847656,13.448583602905273,11.187749862670898,1141.0,182.0,46.0,42.724239349365234,436.0,176.0,336.0,221.0,2580.0,
Apis mellifera,-4.658919,39.367944,Kenya,2022-02-07T16:06,HUMAN_OBSERVATION,1,308.0,7.9549241065979,64.72201538085938,150.27134704589844,32.65999984741211,20.369091033935547,12.290908813476562,26.13916778564453,27.759469985961914,28.04621124267578,24.426895141601562,1267.0,308.0,20.0,77.82806396484375,656.0,112.0,123.0,227.0,14.0,
Apis mellifera,-4.337309,39.567821,Kenya,2022-02-27T06:22,HUMAN_OBSERVATION,1,,,,,,,,,,,,,,,,,,,,,
Apis mellifera,-3.868469,39.658894,Kenya,2022-02-27T12:14,HUMAN_OBSERVATION,1,249.0,8.367082595825195,66.25162506103516,144.29544067382812,32.03450012207031,19.405250549316406,12.629249572753906,25.369667053222656,26.97254180908203,27.038833618164062,23.582374572753906,1127.0,249.0,20.0,66.15618896484375,508.0,117.0,260.0,211.0,121.0,
Apis mellifera,-3.868469,39.658894,Kenya,2022-02-27,HUMAN_OBSERVATION,1,249.0,8.367082595825195,66.25162506103516,144.29544067382812,32.03450012207031,19.405250549316406,12.629249572753906,25.369667053222656,26.97254180908203,27.038833618164062,23.582374572753906,1127.0,249.0,20.0,66.15618896484375,508.0,117.0,260.0,211.0,121.0,
Apis mellifera,-0.94493,36.598738,Kenya,2022-03-22T09:39:52,HUMAN_OBSERVATION,1,254.0,12.700124740600586,74.71870422363281,128.32203674316406,24.011249542236328,7.013999938964844,16.997249603271484,15.525792121887207,13.0,15.976625442504883,12.822667121887207,1201.0,254.0,44.0,65.40220642089844,556.0,139.0,423.0,152.0,2329.0,
Apis mellifera,-0.943292,36.595996,Kenya,2022-03-22T08:58,HUMAN_OBSERVATION,1,254.0,12.700124740600586,74.71870422363281,128.32203674316406,24.011249542236328,7.013999938964844,16.997249603271484,15.525792121887207,13.0,15.976625442504883,12.822667121887207,1201.0,254.0,44.0,65.40220642089844,556.0,139.0,423.0,152.0,2329.0,
Apis mellifera,-0.943603,36.596325,Kenya,2022-03-22T12:34:46,HUMAN_OBSERVATION,1,254.0,12.700124740600586,74.71870422363281,128.32203674316406,24.011249542236328,7.013999938964844,16.997249603271484,15.525792121887207,13.0,15.976625442504883,12.822667121887207,1201.0,254.0,44.0,65.40220642089844,556.0,139.0,423.0,152.0,2329.0,
Apis mellifera,-0.471765,34.13576,Kenya,2022-03-31T07:49Z,HUMAN_OBSERVATION,1,179.0,9.221541404724121,83.84554290771484,60.53780746459961,27.980249404907227,16.98200035095215,10.998249053955078,22.704626083374023,21.56658363342285,23.08529281616211,21.56658363342285,989.0,179.0,37.0,54.36091232299805,428.0,120.0,227.0,120.0,1158.0,
Apis mellifera,-1.399463,36.851958,Kenya,2022-04-19T09:26,HUMAN_OBSERVATION,1,144.0,12.275479316711426,73.48716735839844,122.2987289428711,28.831249237060547,12.126999855041504,16.70425033569336,20.777374267578125,18.376874923706055,21.258499145507812,18.143667221069336,649.0,144.0,9.0,77.1600341796875,306.0,33.0,252.0,40.0,1590.0,
Apis mellifera,-1.260634,36.809002,Kenya,2022-05-08T16:55,HUMAN_OBSERVATION,1,236.0,11.607208251953125,72.53372192382812,128.51402282714844,27.333999633789062,11.331500053405762,16.002498626708984,19.492958068847656,16.945125579833984,19.960832595825195,16.728166580200195,1008.0,236.0,23.0,78.98697662353516,504.0,75.0,376.0,86.0,1824.0,
Apis mellifera,-1.26683,36.805333,Kenya,2022-05-25T09:38:50,HUMAN_OBSERVATION,1,236.0,11.607208251953125,72.53372192382812,128.51402282714844,27.333999633789062,11.331500053405762,16.002498626708984,19.492958068847656,16.945125579833984,19.960832595825195,16.728166580200195,1008.0,236.0,23.0,78.98697662353516,504.0,75.0,376.0,86.0,1824.0,
Apis mellifera,-0.107082,34.77124,Kenya,2022-05-31T14:40:19,HUMAN_OBSERVATION,1,226.0,11.971603393554688,83.73068237304688,70.60234832763672,29.833999633789062,15.536250114440918,14.297749519348145,22.61487579345703,23.058542251586914,23.24650001525879,21.451583862304688,1427.0,226.0,64.0,38.2038459777832,558.0,254.0,307.0,286.0,1230.0,
Apis mellifera,-1.25797,36.787155,Kenya,2022-06-25T16:26:41,HUMAN_OBSERVATION,1,236.0,11.607208251953125,72.53372192382812,128.51402282714844,27.333999633789062,11.331500053405762,16.002498626708984,19.492958068847656,16.945125579833984,19.960832595825195,16.728166580200195,1008.0,236.0,23.0,78.98697662353516,504.0,75.0,376.0,86.0,1824.0,
Apis mellifera,-1.2671,36.805397,Kenya,2022-06-23T09:05:43,HUMAN_OBSERVATION,1,236.0,11.607208251953125,72.53372192382812,128.51402282714844,27.333999633789062,11.331500053405762,16.002498626708984,19.492958068847656,16.945125579833984,19.960832595825195,16.728166580200195,1008.0,236.0,23.0,78.98697662353516,504.0,75.0,376.0,86.0,1824.0,
Apis mellifera,-1.243567,36.81963,Kenya,2022-06-01T09:16,HUMAN_OBSERVATION,1,236.0,11.607208251953125,72.53372192382812,128.51402282714844,27.333999633789062,11.331500053405762,16.002498626708984,19.492958068847656,16.945125579833984,19.960832595825195,16.728166580200195,1008.0,236.0,23.0,78.98697662353516,504.0,75.0,376.0,86.0,1824.0,
Apis mellifera,-1.258438,36.787656,Kenya,2022-06-25T15:20:10,HUMAN_OBSERVATION,1,236.0,11.607208251953125,72.53372192382812,128.51402282714844,27.333999633789062,11.331500053405762,16.002498626708984,19.492958068847656,16.945125579833984,19.960832595825195,16.728166580200195,1008.0,236.0,23.0,78.98697662353516,504.0,75.0,376.0,86.0,1824.0,
Apis mellifera,-0.280389,36.057205,Kenya,2022-06-28T14:06:12,HUMAN_OBSERVATION,1,135.0,14.393729209899902,81.41019439697266,70.72306060791016,26.326749801635742,8.646249771118164,17.680500030517578,17.126083374023438,17.176584243774414,17.800792694091797,16.041749954223633,888.0,135.0,25.0,44.780948638916016,322.0,106.0,228.0,268.0,1931.0,
Apis mellifera,-1.268523,36.807225,Kenya,2022-06-25T10:27:28,HUMAN_OBSERVATION,1,236.0,11.607208251953125,72.53372192382812,128.51402282714844,27.333999633789062,11.331500053405762,16.002498626708984,19.492958068847656,16.945125579833984,19.960832595825195,16.728166580200195,1008.0,236.0,23.0,78.98697662353516,504.0,75.0,376.0,86.0,1824.0,
Apis mellifera,-1.264439,36.808658,Kenya,2022-06-19T14:34:07,HUMAN_OBSERVATION,1,236.0,11.607208251953125,72.53372192382812,128.51402282714844,27.333999633789062,11.331500053405762,16.002498626708984,19.492958068847656,16.945125579833984,19.960832595825195,16.728166580200195,1008.0,236.0,23.0,78.98697662353516,504.0,75.0,376.0,86.0,1824.0,
Apis mellifera,-1.325453,35.115697,Kenya,2022-06-26T00:33,HUMAN_OBSERVATION,1,181.0,12.770936965942383,82.11369323730469,76.74002838134766,27.322999954223633,11.77025032043457,15.552749633789062,19.93400001525879,18.417667388916016,20.263999938964844,18.352458953857422,1147.0,181.0,38.0,39.73972702026367,426.0,169.0,304.0,174.0,1642.0,
Apis mellifera,0.531637,35.916107,Kenya,2022-07-02T16:01:52,HUMAN_OBSERVATION,1,110.0,13.963083267211914,85.43770599365234,64.45158386230469,30.969749450683594,14.626749992370605,16.342998504638672,21.734792709350586,22.612749099731445,23.34462547302246,21.734792709350586,777.0,110.0,25.0,48.730194091796875,286.0,87.0,174.0,286.0,1268.0,
Apis mellifera,-1.334235,36.715377,Kenya,2022-07-02T13:47,HUMAN_OBSERVATION,1,191.0,11.984271049499512,72.64295196533203,127.05976867675781,28.277999877929688,11.780500411987305,16.497499465942383,20.282583236694336,17.86954116821289,20.80608367919922,17.616374969482422,858.0,191.0,18.0,76.34839630126953,418.0,58.0,313.0,69.0,1775.0,
Apis mellifera,-1.225688,36.823007,Kenya,2022-07-10T15:08,HUMAN_OBSERVATION,1,236.0,11.607208251953125,72.53372192382812,128.51402282714844,27.333999633789062,11.331500053405762,16.002498626708984,19.492958068847656,16.945125579833984,19.960832595825195,16.728166580200195,1008.0,236.0,23.0,78.98697662353516,504.0,75.0,376.0,86.0,1824.0,
Apis mellifera,0.530239,35.93189,Kenya,2022-07-10T15:05:58,HUMAN_OBSERVATION,1,110.0,13.963083267211914,85.43770599365234,64.45158386230469,30.969749450683594,14.626749992370605,16.342998504638672,21.734792709350586,22.612749099731445,23.34462547302246,21.734792709350586,777.0,110.0,25.0,48.730194091796875,286.0,87.0,174.0,286.0,1268.0,
Apis mellifera,0.601363,36.004593,Kenya,2022-07-19T16:10:41,HUMAN_OBSERVATION,1,94.0,13.57104206085205,87.1013412475586,61.38801193237305,31.334749221801758,15.753999710083008,15.58074951171875,23.668291091918945,23.408958435058594,24.1699161529541,22.664207458496094,660.0,94.0,24.0,46.4972038269043,236.0,80.0,165.0,220.0,998.0,
Apis mellifera,0.552979,35.939459,Kenya,2022-07-17T14:04:23,HUMAN_OBSERVATION,1,110.0,13.963083267211914,85.43770599365234,64.45158386230469,30.969749450683594,14.626749992370605,16.342998504638672,21.734792709350586,22.612749099731445,23.34462547302246,21.734792709350586,777.0,110.0,25.0,48.730194091796875,286.0,87.0,174.0,286.0,1268.0,
Apis mellifera,0.565566,35.986487,Kenya,2022-07-10T08:26:21,HUMAN_OBSERVATION,1,110.0,13.963083267211914,85.43770599365234,64.45158386230469,30.969749450683594,14.626749992370605,16.342998504638672,21.734792709350586,22.612749099731445,23.34462547302246,21.734792709350586,777.0,110.0,25.0,48.730194091796875,286.0,87.0,174.0,286.0,1268.0,
Apis mellifera,-1.099905,35.956158,Kenya,2022-07-22T12:25:40,HUMAN_OBSERVATION,1,147.0,13.483041763305664,80.17268371582031,101.81067657470703,25.933500289916992,9.116000175476074,16.817501068115234,17.844499588012695,15.779582977294922,18.077959060668945,15.555583953857422,777.0,147.0,28.0,53.2304573059082,336.0,91.0,298.0,104.0,1936.0,
Apis mellifera,-1.223645,36.897227,Kenya,2022-07-30T17:17,HUMAN_OBSERVATION,1,164.0,12.004520416259766,74.29115295410156,116.23384094238281,28.674999237060547,12.516249656677246,16.158748626708984,20.844541549682617,18.455917358398438,21.224332809448242,18.258459091186523,776.0,164.0,14.0,75.35821533203125,364.0,46.0,286.0,57.0,1584.0,
Apis mellifera,-0.454146,37.234841,Kenya,2022-08-10T13:14,HUMAN_OBSERVATION,1,337.0,11.139582633972168,76.26978302001953,92.9154052734375,24.2502498626709,9.644749641418457,14.605500221252441,17.328166961669922,15.447957992553711,17.433500289916992,15.24162483215332,1633.0,337.0,52.0,75.1908187866211,758.0,191.0,503.0,196.0,1951.0,
Apis mellifera,-0.492122,37.458298,Kenya,2022-08-16T13:12,HUMAN_OBSERVATION,1,365.0,11.000332832336426,76.73892211914062,96.69783020019531,25.263500213623047,10.928750038146973,14.334750175476074,18.33941650390625,17.570209503173828,18.50545883178711,16.187000274658203,1720.0,365.0,42.0,79.32968139648438,791.0,182.0,525.0,213.0,1758.0,
Apis mellifera,-2.599895,37.247527,Kenya,2022-08-09T11:31,HUMAN_OBSERVATION,1,138.0,12.611666679382324,72.95989990234375,143.72764587402344,31.02250099182129,13.736749649047852,17.285751342773438,22.688541412353516,20.017541885375977,23.301708221435547,19.762958526611328,641.0,138.0,3.0,83.27591705322266,283.0,15.0,178.0,19.0,1143.0,
Apis mellifera,-1.221918,36.896648,Kenya,2022-08-01T12:46,HUMAN_OBSERVATION,1,164.0,12.004520416259766,74.29115295410156,116.23384094238281,28.674999237060547,12.516249656677246,16.158748626708984,20.844541549682617,18.455917358398438,21.224332809448242,18.258459091186523,776.0,164.0,14.0,75.35821533203125,364.0,46.0,286.0,57.0,1584.0,
Apis mellifera,-4.334558,39.569447,Kenya,2022-09-21T14:12:30,HUMAN_OBSERVATION,1,,,,,,,,,,,,,,,,,,,,,
Apis mellifera,-1.222706,36.897254,Kenya,2022-09-23T12:53,HUMAN_OBSERVATION,1,164.0,12.004520416259766,74.29115295410156,116.23384094238281,28.674999237060547,12.516249656677246,16.158748626708984,20.844541549682617,18.455917358398438,21.224332809448242,18.258459091186523,776.0,164.0,14.0,75.35821533203125,364.0,46.0,286.0,57.0,1584.0,
Apis mellifera,-1.336986,36.775807,Kenya,2022-09-25T19:09:28,HUMAN_OBSERVATION,1,191.0,11.984271049499512,72.64295196533203,127.05976867675781,28.277999877929688,11.780500411987305,16.497499465942383,20.282583236694336,17.86954116821289,20.80608367919922,17.616374969482422,858.0,191.0,18.0,76.34839630126953,418.0,58.0,313.0,69.0,1775.0,
Apis mellifera,-1.207385,36.851843,Kenya,2022-09-29T12:05,HUMAN_OBSERVATION,1,164.0,12.004520416259766,74.29115295410156,116.23384094238281,28.674999237060547,12.516249656677246,16.158748626708984,20.844541549682617,18.455917358398438,21.224332809448242,18.258459091186523,776.0,164.0,14.0,75.35821533203125,364.0,46.0,286.0,57.0,1584.0,
Apis mellifera,-0.764733,36.399484,Kenya,2022-09-30T16:32:35,HUMAN_OBSERVATION,1,131.0,13.560521125793457,78.31547546386719,98.50428771972656,26.110000610351562,8.794750213623047,17.315250396728516,17.428916931152344,15.273333549499512,17.684541702270508,15.22137451171875,697.0,131.0,33.0,50.747310638427734,288.0,114.0,229.0,115.0,1967.0,
Apis mellifera,-1.242228,36.817882,Kenya,2022-10-02T09:31,HUMAN_OBSERVATION,1,236.0,11.607208251953125,72.53372192382812,128.51402282714844,27.333999633789062,11.331500053405762,16.002498626708984,19.492958068847656,16.945125579833984,19.960832595825195,16.728166580200195,1008.0,236.0,23.0,78.98697662353516,504.0,75.0,376.0,86.0,1824.0,
Apis mellifera,-1.267139,36.821154,Kenya,2022-10-16T10:28,HUMAN_OBSERVATION,1,236.0,11.607208251953125,72.53372192382812,128.51402282714844,27.333999633789062,11.331500053405762,16.002498626708984,19.492958068847656,16.945125579833984,19.960832595825195,16.728166580200195,1008.0,236.0,23.0,78.98697662353516,504.0,75.0,376.0,86.0,1824.0,
Apis mellifera,-1.333453,36.750678,Kenya,2022-10-04T13:55,HUMAN_OBSERVATION,1,191.0,11.984271049499512,72.64295196533203,127.05976867675781,28.277999877929688,11.780500411987305,16.497499465942383,20.282583236694336,17.86954116821289,20.80608367919922,17.616374969482422,858.0,191.0,18.0,76.34839630126953,418.0,58.0,313.0,69.0,1775.0,
Apis mellifera,-1.443195,37.051517,Kenya,2022-10-28T11:54:14,HUMAN_OBSERVATION,1,139.0,12.062104225158691,72.91254425048828,127.39513397216797,28.49449920654297,11.951250076293945,16.543249130249023,20.595041275024414,18.097291946411133,21.04866600036621,17.815292358398438,636.0,139.0,5.0,85.65963745117188,289.0,19.0,247.0,23.0,1581.0,
Apis mellifera,-1.44318,37.051418,Kenya,2022-10-28T11:53:15,HUMAN_OBSERVATION,1,139.0,12.062104225158691,72.91254425048828,127.39513397216797,28.49449920654297,11.951250076293945,16.543249130249023,20.595041275024414,18.097291946411133,21.04866600036621,17.815292358398438,636.0,139.0,5.0,85.65963745117188,289.0,19.0,247.0,23.0,1581.0,
Apis mellifera,-1.394235,36.848461,Kenya,2022-10-30T13:01:18,HUMAN_OBSERVATION,1,144.0,12.275479316711426,73.48716735839844,122.2987289428711,28.831249237060547,12.126999855041504,16.70425033569336,20.777374267578125,18.376874923706055,21.258499145507812,18.143667221069336,649.0,144.0,9.0,77.1600341796875,306.0,33.0,252.0,40.0,1590.0,
Apis mellifera,-1.543385,36.889595,Kenya,2022-10-30T13:01:28,HUMAN_OBSERVATION,1,140.0,12.425854682922363,72.63926696777344,127.90511322021484,28.71525001525879,11.609000205993652,17.106250762939453,20.566791534423828,18.139707565307617,21.070499420166016,17.82266616821289,578.0,140.0,6.0,82.56194305419922,281.0,23.0,235.0,29.0,1615.0,
Apis mellifera,-0.38049,37.455421,Kenya,2022-11-17T14:04:46,HUMAN_OBSERVATION,1,365.0,11.000332832336426,76.73892211914062,96.69783020019531,25.263500213623047,10.928750038146973,14.334750175476074,18.33941650390625,17.570209503173828,18.50545883178711,16.187000274658203,1720.0,365.0,42.0,79.32968139648438,791.0,182.0,525.0,213.0,1758.0,
Apis mellifera,-1.336112,36.713397,Kenya,2022-12-31T11:25:29,HUMAN_OBSERVATION,1,191.0,11.984271049499512,72.64295196533203,127.05976867675781,28.277999877929688,11.780500411987305,16.497499465942383,20.282583236694336,17.86954116821289,20.80608367919922,17.616374969482422,858.0,191.0,18.0,76.34839630126953,418.0,58.0,313.0,69.0,1775.0,
Apis mellifera,-1.062601,35.219211,Kenya,2022-12-22T11:11:52,HUMAN_OBSERVATION,1,176.0,12.600895881652832,82.12262725830078,78.0721664428711,26.471750259399414,11.127750396728516,15.343999862670898,19.109540939331055,17.519916534423828,19.408832550048828,17.47279167175293,1100.0,176.0,39.0,40.883949279785156,410.0,164.0,296.0,169.0,1774.0,
Apis mellifera,-1.259133,36.795846,Kenya,2022-12-19T05:29,HUMAN_OBSERVATION,1,236.0,11.607208251953125,72.53372192382812,128.51402282714844,27.333999633789062,11.331500053405762,16.002498626708984,19.492958068847656,16.945125579833984,19.960832595825195,16.728166580200195,1008.0,236.0,23.0,78.98697662353516,504.0,75.0,376.0,86.0,1824.0,
Apis mellifera,-1.07928,35.233995,Kenya,2022-12-22T12:44:58,HUMAN_OBSERVATION,1,176.0,12.600895881652832,82.12262725830078,78.0721664428711,26.471750259399414,11.127750396728516,15.343999862670898,19.109540939331055,17.519916534423828,19.408832550048828,17.47279167175293,1100.0,176.0,39.0,40.883949279785156,410.0,164.0,296.0,169.0,1774.0,
Apis mellifera,0.494128,35.717762,Kenya,2022-12-17T09:34,HUMAN_OBSERVATION,1,146.0,12.991728782653809,84.2879867553711,62.62544631958008,28.343250274658203,12.929750442504883,15.41349983215332,20.44624900817871,20.525083541870117,21.060874938964844,19.46291732788086,1081.0,146.0,31.0,47.055973052978516,386.0,123.0,257.0,375.0,1643.0,
Apis mellifera,0.365398,35.389782,Kenya,2022-12-29T16:13,HUMAN_OBSERVATION,1,171.0,12.384854316711426,81.77384948730469,79.91063690185547,24.326250076293945,9.180999755859375,15.14525032043457,15.022208213806152,16.52654266357422,17.03733253479004,15.022208213806152,1155.0,171.0,31.0,49.04694366455078,405.0,131.0,294.0,405.0,2300.0,
Apis mellifera,-1.376671,36.838979,Kenya,2022-12-03T10:57,HUMAN_OBSERVATION,1,144.0,12.275479316711426,73.48716735839844,122.2987289428711,28.831249237060547,12.126999855041504,16.70425033569336,20.777374267578125,18.376874923706055,21.258499145507812,18.143667221069336,649.0,144.0,9.0,77.1600341796875,306.0,33.0,252.0,40.0,1590.0,
Apis mellifera,-0.165388,34.96751,Kenya,2022-12-27,HUMAN_OBSERVATION,1,215.0,12.696603775024414,83.42738342285156,70.40476989746094,30.26474952697754,15.046000480651855,15.218749046325684,22.472126007080078,22.913999557495117,23.1146240234375,21.317541122436523,1363.0,215.0,64.0,36.821266174316406,524.0,240.0,291.0,288.0,1263.0,
Apis mellifera,-0.165274,34.967544,Kenya,2022-12-25,HUMAN_OBSERVATION,1,215.0,12.696603775024414,83.42738342285156,70.40476989746094,30.26474952697754,15.046000480651855,15.218749046325684,22.472126007080078,22.913999557495117,23.1146240234375,21.317541122436523,1363.0,215.0,64.0,36.821266174316406,524.0,240.0,291.0,288.0,1263.0,
Apis mellifera,-0.165063,34.967258,Kenya,2022-12-26,HUMAN_OBSERVATION,1,215.0,12.696603775024414,83.42738342285156,70.40476989746094,30.26474952697754,15.046000480651855,15.218749046325684,22.472126007080078,22.913999557495117,23.1146240234375,21.317541122436523,1363.0,215.0,64.0,36.821266174316406,524.0,240.0,291.0,288.0,1263.0,
Apis mellifera,-0.165047,34.967267,Kenya,2022-12-30,HUMAN_OBSERVATION,1,215.0,12.696603775024414,83.42738342285156,70.40476989746094,30.26474952697754,15.046000480651855,15.218749046325684,22.472126007080078,22.913999557495117,23.1146240234375,21.317541122436523,1363.0,215.0,64.0,36.821266174316406,524.0,240.0,291.0,288.0,1263.0,
Apis mellifera,-1.22155,36.897169,Kenya,2021-01-26T20:59Z,HUMAN_OBSERVATION,1,164.0,12.004520416259766,74.29115295410156,116.23384094238281,28.674999237060547,12.516249656677246,16.158748626708984,20.844541549682617,18.455917358398438,21.224332809448242,18.258459091186523,776.0,164.0,14.0,75.35821533203125,364.0,46.0,286.0,57.0,1584.0,
Apis mellifera,-1.273055,36.8481,Kenya,2021-03-20T16:07:19,HUMAN_OBSERVATION,1,164.0,12.004520416259766,74.29115295410156,116.23384094238281,28.674999237060547,12.516249656677246,16.158748626708984,20.844541549682617,18.455917358398438,21.224332809448242,18.258459091186523,776.0,164.0,14.0,75.35821533203125,364.0,46.0,286.0,57.0,1584.0,
Apis mellifera,-0.943736,36.595796,Kenya,2021-03-19T11:43:34,HUMAN_OBSERVATION,1,254.0,12.700124740600586,74.71870422363281,128.32203674316406,24.011249542236328,7.013999938964844,16.997249603271484,15.525792121887207,13.0,15.976625442504883,12.822667121887207,1201.0,254.0,44.0,65.40220642089844,556.0,139.0,423.0,152.0,2329.0,
Apis mellifera,-1.021745,34.525302,Kenya,2021-04-20T15:05:09,HUMAN_OBSERVATION,1,217.0,11.705791473388672,81.28739929199219,67.19258880615234,27.859249114990234,13.458749771118164,14.40049934387207,20.885042190551758,19.578041076660156,21.29224967956543,19.578041076660156,1446.0,217.0,58.0,39.2708740234375,550.0,231.0,312.0,231.0,1490.0,
Apis mellifera,-1.307571,36.811935,Kenya,2021-04-02T08:35:46,HUMAN_OBSERVATION,1,236.0,11.607208251953125,72.53372192382812,128.51402282714844,27.333999633789062,11.331500053405762,16.002498626708984,19.492958068847656,16.945125579833984,19.960832595825195,16.728166580200195,1008.0,236.0,23.0,78.98697662353516,504.0,75.0,376.0,86.0,1824.0,
Apis mellifera,-1.307571,36.811935,Kenya,2021-04-02T08:35:43,HUMAN_OBSERVATION,1,236.0,11.607208251953125,72.53372192382812,128.51402282714844,27.333999633789062,11.331500053405762,16.002498626708984,19.492958068847656,16.945125579833984,19.960832595825195,16.728166580200195,1008.0,236.0,23.0,78.98697662353516,504.0,75.0,376.0,86.0,1824.0,
Apis mellifera,-2.383734,37.356769,Kenya,2021-06-21T00:21,HUMAN_OBSERVATION,1,138.0,11.7854585647583,70.66893768310547,145.13772583007812,30.6560001373291,13.979000091552734,16.677000045776367,22.432249069213867,19.92795753479004,23.286792755126953,19.678791046142578,641.0,138.0,2.0,88.02172088623047,281.0,11.0,254.0,16.0,1126.0,
Apis mellifera,-1.243592,36.819408,Kenya,2021-06-25T12:17:33,HUMAN_OBSERVATION,1,236.0,11.607208251953125,72.53372192382812,128.51402282714844,27.333999633789062,11.331500053405762,16.002498626708984,19.492958068847656,16.945125579833984,19.960832595825195,16.728166580200195,1008.0,236.0,23.0,78.98697662353516,504.0,75.0,376.0,86.0,1824.0,
Apis mellifera,-1.359174,36.711578,Kenya,2021-07-21T06:53,HUMAN_OBSERVATION,1,191.0,11.984271049499512,72.64295196533203,127.05976867675781,28.277999877929688,11.780500411987305,16.497499465942383,20.282583236694336,17.86954116821289,20.80608367919922,17.616374969482422,858.0,191.0,18.0,76.34839630126953,418.0,58.0,313.0,69.0,1775.0,
Apis mellifera,0.226547,34.884117,Kenya,2021-08-14T13:29:40,HUMAN_OBSERVATION,1,253.0,11.785562515258789,82.00506591796875,77.54391479492188,26.774749755859375,12.402999877929688,14.371749877929688,19.07900047302246,19.914709091186523,20.183834075927734,18.288291931152344,1839.0,253.0,68.0,38.12214660644531,652.0,243.0,306.0,531.0,1680.0,
Apis mellifera,-3.238445,40.126525,Kenya,2021-08-10T08:34:55,HUMAN_OBSERVATION,1,274.0,7.444454193115234,65.96852111816406,123.12406158447266,31.00774574279785,19.72288703918457,11.284858703613281,24.82318115234375,26.05046844482422,26.250118255615234,23.15616226196289,1002.0,274.0,8.0,85.78416442871094,548.0,68.0,208.0,261.0,25.0,
Apis mellifera,-0.3408832304011637,35.70525430525959,KE,,pseudoAbsence,0,174.0,11.791542053222656,81.31816864013672,71.36012268066406,20.27375030517578,5.773250102996826,14.500499725341797,11.420958518981934,12.707791328430176,13.201874732971191,11.420958518981934,1210.0,174.0,38.0,42.209938049316406,408.0,157.0,290.0,408.0,2782.0,
Apis mellifera,2.271011789364394,39.13696955021246,KE,,pseudoAbsence,0,104.0,11.142583847045898,72.98595428466797,112.5093002319336,35.19599914550781,19.929248809814453,15.26675033569336,27.660375595092773,25.514917373657227,28.37958335876465,25.514917373657227,315.0,104.0,0.0,121.01622009277344,158.0,2.0,49.0,2.0,369.0,
Apis mellifera,3.864321410405052,40.42399412014995,KE,,pseudoAbsence,0,106.0,10.995332717895508,71.61334991455078,123.18556213378906,32.68724822998047,17.333499908447266,15.353748321533203,24.813207626342773,22.455707550048828,25.6096248626709,22.455707550048828,322.0,106.0,0.0,122.7578125,182.0,1.0,36.0,1.0,880.0,
Apis mellifera,-1.5325788169027437,38.756501455064736,KE,,pseudoAbsence,0,196.0,9.547416687011719,69.57489776611328,132.75357055664062,32.903751373291016,19.181249618530273,13.722501754760742,26.2502498626709,23.891334533691406,27.241374969482422,23.891334533691406,656.0,196.0,3.0,111.79352569580078,378.0,13.0,211.0,13.0,393.0,
Apis mellifera,-1.480128524702038,40.85816085085511,KE,,pseudoAbsence,0,144.0,7.612062454223633,67.95269775390625,117.06310272216797,33.11375045776367,21.9117488861084,11.202001571655273,27.188125610351562,28.315250396728516,28.534000396728516,25.610708236694336,612.0,144.0,3.0,78.78856658935547,329.0,34.0,132.0,158.0,55.0,
Apis mellifera,-2.303507455633416,39.74324350259322,KE,,pseudoAbsence,0,110.0,8.54808235168457,67.6125259399414,130.7676239013672,33.18975067138672,20.547000885009766,12.642749786376953,26.951416015625,27.916833877563477,28.019500732421875,24.850208282470703,675.0,110.0,13.0,53.26860046386719,255.0,97.0,167.0,121.0,121.0,
Apis mellifera,-0.4907849652115867,34.85514618247511,KE,,pseudoAbsence,0,215.0,12.295145988464355,82.07296752929688,68.38578033447266,28.46324920654297,13.482500076293945,14.980749130249023,20.865249633789062,21.135082244873047,21.39550018310547,19.641250610351562,1463.0,215.0,65.0,34.10331726074219,540.0,245.0,291.0,341.0,1502.0,
Apis mellifera,2.473639645700032,36.63547226914004,KE,,pseudoAbsence,0,54.0,11.885832786560059,84.25186920166016,75.60746765136719,33.870750427246094,19.76325035095215,14.107500076293945,27.503334045410156,26.295541763305664,27.66900062561035,25.75225067138672,232.0,54.0,3.0,75.62013244628906,113.0,22.0,91.0,27.0,507.0,
Apis mellifera,1.6738519094849744,37.69041655712631,KE,,pseudoAbsence,0,105.0,12.236041069030762,80.61032104492188,79.3887710571289,33.32324981689453,18.144001007080078,15.179248809814453,26.50783348083496,24.70800018310547,26.697250366210938,24.70800018310547,348.0,105.0,1.0,111.43689727783203,174.0,5.0,159.0,5.0,530.0,
Apis mellifera,2.0346672732426336,38.30831720484221,KE,,pseudoAbsence,0,107.0,11.915937423706055,76.46631622314453,92.0968246459961,34.64925003051758,19.06599998474121,15.583250045776367,27.281124114990234,25.384374618530273,27.694124221801758,25.384374618530273,331.0,107.0,0.0,116.71675872802734,168.0,2.0,61.0,2.0,397.0,
Apis mellifera,3.4645519266527005,36.32034009530075,KE,,pseudoAbsence,0,45.0,10.981249809265137,83.06700134277344,71.95953369140625,35.377498626708984,22.15774917602539,13.219749450683594,28.983875274658203,28.232791900634766,29.379417419433594,27.58099937438965,202.0,45.0,2.0,78.3892822265625,97.0,15.0,50.0,19.0,442.0,
Apis mellifera,0.1192388067792009,40.75121802473844,KE,,pseudoAbsence,0,86.0,10.390790939331055,70.82659912109375,132.5574188232422,36.29724884033203,21.626501083374023,14.670747756958008,28.386001586914062,26.70512580871582,29.944957733154297,26.569875717163086,352.0,86.0,5.0,88.84247589111328,152.0,28.0,119.0,32.0,114.0,
Apis mellifera,2.1365491994163985,38.197648821694365,KE,,pseudoAbsence,0,107.0,11.915937423706055,76.46631622314453,92.0968246459961,34.64925003051758,19.06599998474121,15.583250045776367,27.281124114990234,25.384374618530273,27.694124221801758,25.384374618530273,331.0,107.0,0.0,116.71675872802734,168.0,2.0,61.0,2.0,397.0,
Apis mellifera,0.2758336115911541,36.17881769576625,KE,,pseudoAbsence,0,138.0,14.002374649047852,83.07057189941406,66.96137237548828,25.62649917602539,8.770500183105469,16.855998992919922,17.152957916259766,17.011959075927734,17.663707733154297,15.95020866394043,929.0,138.0,30.0,45.23532485961914,326.0,112.0,227.0,294.0,2012.0,
Apis mellifera,1.7180267784715184,38.62948815342613,KE,,pseudoAbsence,0,110.0,11.664521217346191,78.0888442993164,91.35374450683594,34.82925033569336,19.89175033569336,14.9375,27.83099937438965,25.82929229736328,28.12150001525879,25.82929229736328,320.0,110.0,0.0,127.02911376953125,160.0,0.0,156.0,0.0,320.0,
Apis mellifera,0.657065163707232,39.23597654413179,KE,,pseudoAbsence,0,106.0,11.08635425567627,78.05780029296875,96.94026947021484,34.74074935913086,20.538000106811523,14.202749252319336,27.37895965576172,26.000957489013672,28.475833892822266,26.000957489013672,318.0,106.0,0.0,131.11553955078125,158.0,2.0,139.0,2.0,262.0,
Apis mellifera,-0.1636836786962492,36.87185986023503,KE,,pseudoAbsence,0,126.0,14.36412525177002,78.98017883300781,62.74964904785156,25.787750244140625,7.600749969482422,18.187000274658203,17.475624084472656,16.267791748046875,17.475624084472656,16.117582321166992,772.0,126.0,30.0,48.55304718017578,287.0,119.0,287.0,210.0,1849.0,
Apis mellifera,-4.174022527580165,39.463750246806335,KE,,pseudoAbsence,0,234.0,8.232250213623047,65.29645538330078,150.82582092285156,31.2864990234375,18.679000854492188,12.607498168945312,24.566625595092773,26.403207778930664,26.403207778930664,22.805707931518555,1133.0,234.0,20.0,63.557247161865234,509.0,113.0,113.0,226.0,216.0,
Apis mellifera,1.548972028170736,38.58803297178631,KE,,pseudoAbsence,0,106.0,11.730646133422852,78.8734130859375,87.09259796142578,34.773250579833984,19.90049934387207,14.872751235961914,27.838167190551758,25.876375198364258,28.077499389648438,25.876375198364258,313.0,106.0,0.0,127.96785736083984,152.0,0.0,150.0,0.0,307.0,
Apis mellifera,-0.4651517086522414,35.5499267718431,KE,,pseudoAbsence,0,193.0,12.534937858581543,82.31100463867188,70.00624084472656,22.620750427246094,7.392000198364258,15.228750228881836,14.39383316040039,14.679791450500488,15.096208572387695,13.34558391571045,1397.0,193.0,47.0,43.71343994140625,492.0,171.0,331.0,460.0,2542.0,
Apis mellifera,2.62814942720214,38.434148103218526,KE,,pseudoAbsence,0,98.0,9.86875057220459,70.75767517089844,117.00469970703125,33.29949951171875,19.352249145507812,13.947250366210938,26.66175079345703,24.444000244140625,27.46062469482422,24.444000244140625,311.0,98.0,0.0,114.39366912841797,155.0,2.0,57.0,2.0,512.0,
Apis mellifera,0.3670077645301939,40.8187718657923,KE,,pseudoAbsence,0,93.0,10.806333541870117,71.56393432617188,131.4436798095703,36.85074996948242,21.750499725341797,15.100250244140625,28.65683364868164,27.063125610351562,30.2742919921875,26.943708419799805,365.0,93.0,6.0,93.02293395996094,160.0,25.0,127.0,29.0,92.0,
Apis mellifera,2.7799787131267166,40.263849068133695,KE,,pseudoAbsence,0,102.0,10.4790620803833,70.33282470703125,130.4581756591797,34.56174850463867,19.662500381469727,14.899248123168945,27.204208374023438,24.710874557495117,28.038333892822266,24.710874557495117,328.0,102.0,1.0,118.73189544677734,164.0,5.0,42.0,5.0,511.0,
Apis mellifera,2.1754900787719453,37.96608060115189,KE,,pseudoAbsence,0,128.0,9.560396194458008,71.31829071044922,102.34441375732422,28.66575050354004,15.260499954223633,13.405250549316406,22.577625274658203,20.46066665649414,23.05237579345703,20.46066665649414,455.0,128.0,3.0,101.85952758789062,220.0,11.0,201.0,11.0,1116.0,
Apis mellifera,-1.9318899890753156,37.53937587379601,KE,,pseudoAbsence,0,190.0,10.820938110351562,69.86546325683594,138.6287078857422,29.552499771118164,14.064249992370605,15.488249778747559,21.9737491607666,19.759708404541016,22.954208374023438,19.458250045776367,748.0,190.0,1.0,97.3359603881836,351.0,9.0,286.0,11.0,1139.0,
Apis mellifera,-1.203298359724693,39.5103731114624,KE,,pseudoAbsence,0,110.0,9.76333236694336,69.55179595947266,137.28402709960938,34.61774826049805,20.580249786376953,14.037498474121094,27.726665496826172,25.375499725341797,28.806915283203125,25.375499725341797,475.0,110.0,4.0,89.05697631835938,228.0,34.0,153.0,34.0,159.0,
Apis mellifera,-0.0082297178053956,35.88625151515792,KE,,pseudoAbsence,0,142.0,14.56002140045166,83.03642272949219,60.971622467041016,27.736000061035156,10.201499938964844,17.534500122070312,18.71641731262207,18.748624801635742,19.172374725341797,17.633291244506836,971.0,142.0,29.0,40.31159591674805,327.0,129.0,254.0,287.0,1756.0,
Apis mellifera,-2.44419678319012,36.83226301722463,KE,,pseudoAbsence,0,142.0,10.724583625793457,70.45681762695312,135.28565979003906,28.32699966430664,13.105500221252441,15.2214994430542,21.030000686645508,18.624542236328125,21.649999618530273,18.31737518310547,623.0,142.0,2.0,83.43592834472656,302.0,13.0,202.0,14.0,1499.0,
Apis mellifera,2.139439701858035,40.114625011247874,KE,,pseudoAbsence,0,100.0,10.726499557495117,71.76476287841797,120.46772003173828,35.787750244140625,20.840999603271484,14.94675064086914,28.3975830078125,26.101749420166016,29.137374877929688,26.101749420166016,338.0,100.0,2.0,109.86840057373047,166.0,7.0,50.0,7.0,359.0,
Apis mellifera,-1.8486314905615824,36.72876657892419,KE,,pseudoAbsence,0,132.0,11.626458168029785,72.29035949707031,129.75955200195312,27.784250259399414,11.701250076293945,16.08300018310547,20.16208267211914,17.813249588012695,20.667917251586914,17.418209075927734,585.0,132.0,5.0,76.39212799072266,276.0,24.0,238.0,30.0,1702.0,
Apis mellifera,-0.2781014907231327,40.462157455607965,KE,,pseudoAbsence,0,82.0,9.554312705993652,70.49333190917969,127.58910369873047,35.377498626708984,21.823999404907227,13.553499221801758,28.183334350585938,26.44391632080078,29.57695770263672,26.328290939331055,349.0,82.0,4.0,89.26766204833984,155.0,27.0,116.0,29.0,145.0,
Apis mellifera,0.077938372086546,34.78945283327764,KE,,pseudoAbsence,0,278.0,11.963375091552734,82.32010650634766,69.05148315429688,27.959749221801758,13.427000045776367,14.53274917602539,20.507625579833984,20.901124954223633,21.097124099731445,19.33716583251953,1877.0,278.0,77.0,36.16600036621094,690.0,294.0,351.0,442.0,1570.0,
Apis mellifera,4.48894876151597,34.76082529725199,KE,,pseudoAbsence,0,92.0,14.617334365844727,85.22107696533203,82.51094818115234,36.43775177001953,19.285499572753906,17.152252197265625,27.814041137695312,27.97949981689453,28.50800132751465,26.4151668548584,508.0,92.0,10.0,51.20915603637695,208.0,66.0,94.0,114.0,487.0,
Apis mellifera,-0.1071453896117482,36.94400467382426,KE,,pseudoAbsence,0,126.0,14.36412525177002,78.98017883300781,62.74964904785156,25.787750244140625,7.600749969482422,18.187000274658203,17.475624084472656,16.267791748046875,17.475624084472656,16.117582321166992,772.0,126.0,30.0,48.55304718017578,287.0,119.0,287.0,210.0,1849.0,
Apis mellifera,3.4762030130970656,34.953141929398605,KE,,pseudoAbsence,0,72.0,12.743667602539062,84.46226501464844,72.15165710449219,33.837501525878906,18.749500274658203,15.088001251220703,26.249792098999023,26.376750946044922,26.83358383178711,24.989166259765625,394.0,72.0,7.0,53.66026306152344,164.0,44.0,69.0,110.0,883.0,
Apis mellifera,3.1142245024048005,35.072562507241855,KE,,pseudoAbsence,0,80.0,11.733916282653809,83.43376922607422,70.11430358886719,31.031749725341797,16.968000411987305,14.063749313354492,23.95024871826172,23.996917724609375,24.42704200744629,22.63454246520996,495.0,80.0,9.0,52.713768005371094,191.0,49.0,76.0,164.0,1238.0,
Apis mellifera,-0.93597717905955,36.35885747226152,KE,,pseudoAbsence,0,164.0,14.366146087646484,77.06745910644531,120.74107360839844,26.839250564575195,8.198249816894531,18.641000747680664,17.3839168548584,15.052749633789062,17.848125457763672,14.860458374023438,787.0,164.0,29.0,59.85438537597656,349.0,100.0,280.0,105.0,2018.0,
Apis mellifera,-0.9211213795454172,36.13744892909048,KE,,pseudoAbsence,0,170.0,12.230250358581543,77.49983978271484,103.91634368896484,22.03125,6.250249862670898,15.781000137329102,14.108749389648438,14.122583389282227,14.482583045959473,11.909083366394043,1043.0,170.0,54.0,38.22163391113281,388.0,188.0,316.0,223.0,2608.0,
Apis mellifera,-2.5227208356365143,38.420085462108304,KE,,pseudoAbsence,0,172.0,9.99985408782959,68.25489807128906,146.2000274658203,31.730749130249023,17.079999923706055,14.650749206542969,24.645750045776367,22.14383316040039,25.78154182434082,22.14383316040039,756.0,172.0,6.0,96.92310333251953,364.0,27.0,276.0,27.0,590.0,
Apis mellifera,-2.4653579042635654,40.64571272483128,KE,,pseudoAbsence,0,372.0,6.88487434387207,66.70420837402344,113.76615142822266,32.77674865722656,22.455249786376953,10.32149887084961,27.085458755493164,28.003000259399414,28.269498825073242,25.476999282836914,1208.0,372.0,8.0,96.9968032836914,711.0,79.0,229.0,213.0,18.0,
Apis mellifera,-0.0518998184069436,38.05854890734565,KE,,pseudoAbsence,0,168.0,11.142250061035156,74.94996643066406,113.87992095947266,31.48900032043457,16.62274932861328,14.866250991821289,24.261749267578125,22.20829200744629,25.025833129882812,22.20829200744629,561.0,168.0,1.0,120.1130142211914,298.0,3.0,206.0,3.0,604.0,
Apis mellifera,2.9959502082473186,38.033637970088165,KE,,pseudoAbsence,0,82.0,10.594354629516602,72.94503784179688,122.03498840332031,33.80849838256836,19.28474998474121,14.523748397827148,27.07208251953125,24.71387481689453,27.84291648864746,24.71387481689453,272.0,82.0,0.0,108.70565795898438,136.0,2.0,56.0,2.0,522.0,
Apis mellifera,3.510845734187085,34.65653277260748,KE,,pseudoAbsence,0,77.0,13.458708763122559,83.7075424194336,82.74488830566406,34.83100128173828,18.752750396728516,16.078250885009766,26.630916595458984,26.84604263305664,27.32200050354004,25.192459106445312,448.0,77.0,6.0,50.52737808227539,176.0,47.0,73.0,131.0,758.0,
Apis mellifera,-0.5750788048950479,39.310982045572906,KE,,pseudoAbsence,0,130.0,10.40860366821289,72.93534088134766,122.84000396728516,34.63225173950195,20.361249923706055,14.271001815795898,27.40279197692871,25.451250076293945,28.579042434692383,25.451250076293945,418.0,130.0,1.0,116.69979095458984,239.0,6.0,139.0,6.0,311.0,
Apis mellifera,0.6041912740331847,37.18138555304474,KE,,pseudoAbsence,0,177.0,13.729207992553711,85.37799072265625,67.57024383544922,30.81100082397461,14.730500221252441,16.080501556396484,23.19474983215332,21.836000442504883,23.19474983215332,21.746376037597656,752.0,177.0,12.0,87.1031723022461,352.0,39.0,352.0,40.0,1115.0,
Apis mellifera,4.294034476608911,36.517530118706,KE,,pseudoAbsence,0,68.0,12.795791625976562,79.59809112548828,89.09040832519531,35.845001220703125,19.769500732421875,16.07550048828125,27.694290161132812,26.40741729736328,28.57579231262207,26.25058364868164,351.0,68.0,4.0,70.32611846923828,160.0,29.0,93.0,32.0,642.0,
Apis mellifera,-4.389569777252503,38.98839131289811,KE,,pseudoAbsence,0,116.0,9.300707817077637,66.05030822753906,158.52342224121094,31.901248931884766,17.81999969482422,14.081249237060547,25.51799964904785,26.250083923339844,26.486875534057617,22.651958465576172,790.0,116.0,26.0,46.46003341674805,303.0,128.0,136.0,136.0,268.0,
Apis mellifera,3.1513684058849645,39.19982837320126,KE,,pseudoAbsence,0,118.0,10.475708961486816,66.67754364013672,151.05030822753906,34.251251220703125,18.540250778198242,15.711000442504883,26.2603759765625,23.65537452697754,27.540416717529297,23.65537452697754,375.0,118.0,2.0,112.31582641601562,198.0,8.0,53.0,8.0,601.0,
Apis mellifera,2.393842637637511,37.17475600359707,KE,,pseudoAbsence,0,69.0,12.068333625793457,81.48499298095703,80.98191833496094,33.640499114990234,18.829999923706055,14.81049919128418,26.97512435913086,25.261499404907227,27.225250244140625,25.18137550354004,256.0,69.0,1.0,96.74003601074219,126.0,9.0,111.0,10.0,539.0,
Apis mellifera,5.108172026889116,35.01530794841914,KE,,pseudoAbsence,0,,,,,,,,,,,,,,,,,,,,,
Apis mellifera,-1.1937542635689549,39.20516807304109,KE,,pseudoAbsence,0,144.0,9.790478706359863,70.27710723876953,134.07534790039062,34.02799987792969,20.096750259399414,13.931249618530273,27.240123748779297,24.887624740600586,28.261249542236328,24.887624740600586,525.0,144.0,3.0,102.19591522216797,285.0,23.0,165.0,23.0,259.0,
Apis mellifera,3.387009161327806,36.69131597967981,KE,,pseudoAbsence,0,48.0,12.46568775177002,80.52901458740234,86.81025695800781,35.37849807739258,19.89875030517578,15.479747772216797,27.963125228881836,26.44900131225586,28.560583114624023,26.29450035095215,214.0,48.0,1.0,82.71894073486328,100.0,13.0,56.0,14.0,596.0,
Apis mellifera,0.186990418285962,40.09099719353264,KE,,pseudoAbsence,0,96.0,10.726812362670898,73.85831451416016,119.2937240600586,36.335750579833984,21.8122501373291,14.523500442504883,28.62649917602539,27.011207580566406,30.04512596130371,27.011207580566406,337.0,96.0,5.0,106.2970199584961,155.0,15.0,131.0,15.0,142.0,
Apis mellifera,-0.6067789915105051,34.583332784927194,KE,,pseudoAbsence,0,204.0,12.00100040435791,82.29163360595703,66.48335266113281,29.02400016784668,14.440500259399414,14.583499908447266,21.755374908447266,21.967041015625,22.229957580566406,20.53408432006836,1328.0,204.0,51.0,40.223960876464844,517.0,212.0,253.0,264.0,1345.0,
Apis mellifera,0.0969503064653469,34.9519290632769,KE,,pseudoAbsence,0,277.0,11.667771339416504,81.22784423828125,72.48150634765625,26.5002498626709,12.13599967956543,14.364250183105469,19.368499755859375,19.542875289916992,19.797582626342773,18.048749923706055,1927.0,277.0,77.0,36.56413269042969,686.0,279.0,336.0,505.0,1783.0,
Apis mellifera,1.1630328527697404,37.235203088355576,KE,,pseudoAbsence,0,188.0,12.586479187011719,83.15316772460938,70.06910705566406,27.923250198364258,12.786749839782715,15.136500358581543,21.117374420166016,19.457542419433594,21.117374420166016,19.457542419433594,736.0,188.0,8.0,93.10929870605469,362.0,26.0,362.0,26.0,1348.0,
Apis mellifera,-0.3840875195761422,38.42642527693009,KE,,pseudoAbsence,0,189.0,10.624229431152344,73.58009338378906,119.6993637084961,30.9997501373291,16.56075096130371,14.43899917602539,24.040000915527344,21.846458435058594,24.807540893554688,21.846458435058594,534.0,189.0,0.0,131.71319580078125,321.0,0.0,180.0,0.0,664.0,
Apis mellifera,0.4488638708717962,38.932688135228965,KE,,pseudoAbsence,0,116.0,11.43635368347168,78.54502868652344,97.4753646850586,33.91175079345703,19.351499557495117,14.560251235961914,26.378707885742188,24.918916702270508,27.384292602539062,24.918916702270508,358.0,116.0,0.0,133.00413513183594,196.0,0.0,144.0,0.0,394.0,
Apis mellifera,-3.9588727828522368,38.38331659315319,KE,,pseudoAbsence,0,113.0,11.03935432434082,68.33926391601562,167.741455078125,31.48525047302246,15.331500053405762,16.153751373291016,23.731582641601562,20.985750198364258,25.05120849609375,20.985750198364258,693.0,113.0,10.0,70.16973114013672,276.0,42.0,194.0,42.0,713.0,
Apis mellifera,2.304720694088666,38.36559747500797,KE,,pseudoAbsence,0,103.0,10.99595832824707,74.02566528320312,101.78288269042969,34.192501068115234,19.33824920654297,14.854251861572266,27.12612533569336,25.089916229248047,27.675708770751953,25.089916229248047,316.0,103.0,0.0,119.16779327392578,159.0,2.0,56.0,2.0,418.0,
Apis mellifera,1.8813420705447437,40.24646156835443,KE,,pseudoAbsence,0,98.0,10.716625213623047,71.47990417480469,119.67098236083984,36.22800064086914,21.23550033569336,14.992500305175781,28.765750885009766,26.571290969848633,29.46875,26.483707427978516,346.0,98.0,2.0,105.00901794433594,168.0,9.0,51.0,10.0,307.0,
Apis mellifera,-2.152782224083486,36.20120086508549,KE,,pseudoAbsence,0,82.0,11.892354011535645,74.38533020019531,123.61570739746094,32.8802490234375,16.892749786376953,15.987499237060547,25.874290466308594,22.834957122802734,25.901290893554688,22.834957122802734,380.0,82.0,1.0,84.34501647949219,192.0,4.0,152.0,4.0,732.0,
Apis mellifera,-0.0615022379458478,35.60524253566217,KE,,pseudoAbsence,0,175.0,12.081791877746582,81.91738891601562,75.19932556152344,22.665000915527344,7.916250228881836,14.748750686645508,13.576624870300293,15.002249717712402,15.470292091369629,13.576624870300293,1198.0,175.0,40.0,47.863365173339844,429.0,143.0,293.0,429.0,2432.0,
Apis mellifera,2.229812778399654,36.604141225750986,KE,,pseudoAbsence,0,62.0,13.738250732421875,86.2332534790039,70.47649383544922,35.11425018310547,19.182750701904297,15.931499481201172,27.7687931060791,26.588499069213867,27.92329216003418,26.138166427612305,260.0,62.0,4.0,75.11394500732422,126.0,27.0,102.0,33.0,530.0,
Apis mellifera,3.891909882266288,40.706486414451085,KE,,pseudoAbsence,0,93.0,11.365395545959473,73.74859619140625,115.95726013183594,33.69974899291992,18.28874969482422,15.410999298095703,25.884124755859375,23.603458404541016,26.523832321166992,23.603458404541016,295.0,93.0,0.0,121.0918960571289,159.0,1.0,30.0,1.0,737.0,
Apis mellifera,3.461175585031872,36.31598225689551,KE,,pseudoAbsence,0,45.0,10.981249809265137,83.06700134277344,71.95953369140625,35.377498626708984,22.15774917602539,13.219749450683594,28.983875274658203,28.232791900634766,29.379417419433594,27.58099937438965,202.0,45.0,2.0,78.3892822265625,97.0,15.0,50.0,19.0,442.0,
Apis mellifera,2.157984943215479,35.42580769925996,KE,,pseudoAbsence,0,76.0,13.64177131652832,87.08301544189453,56.25369644165039,33.498748779296875,17.833499908447266,15.66524887084961,26.031959533691406,25.53179168701172,26.20541763305664,24.794416427612305,460.0,76.0,11.0,54.08781433105469,180.0,46.0,129.0,148.0,761.0,
Apis mellifera,1.4674232967392309,38.45557917696908,KE,,pseudoAbsence,0,104.0,11.881978988647461,80.2091293334961,83.10868072509766,34.44124984741211,19.627500534057617,14.813749313354492,27.60849952697754,25.691123962402344,27.798583984375,25.691123962402344,317.0,104.0,0.0,127.29866790771484,152.0,0.0,148.0,0.0,328.0,
Apis mellifera,4.193428000759464,36.23657288991621,KE,,pseudoAbsence,0,66.0,12.082104682922363,81.56694030761719,77.28677368164062,37.31700134277344,22.504499435424805,14.812501907348633,29.616500854492188,28.931957244873047,30.532333374023438,28.58529281616211,324.0,66.0,5.0,71.83326721191406,153.0,28.0,80.0,34.0,396.0,
Apis mellifera,-1.1400844041242275,40.65866607749468,KE,,pseudoAbsence,0,90.0,8.417749404907227,68.43281555175781,126.56295013427734,34.0004997253418,21.699748992919922,12.300750732421875,27.38829231262207,28.8055419921875,28.93541717529297,25.766624450683594,462.0,90.0,4.0,67.2631607055664,202.0,45.0,125.0,82.0,91.0,
Apis mellifera,-2.617709075583796,37.69067877479862,KE,,pseudoAbsence,0,180.0,11.529999732971191,69.47352600097656,155.61395263671875,29.83449935913086,13.238249778747559,16.596248626708984,21.813291549682617,18.989458084106445,22.59950065612793,18.75087547302246,752.0,180.0,3.0,97.16393280029297,358.0,12.0,189.0,13.0,1260.0,
Apis mellifera,3.650081305981078,36.12143508261751,KE,,pseudoAbsence,0,42.0,9.401041030883789,81.1957015991211,73.72624206542969,34.62474822998047,23.046499252319336,11.578248977661133,28.955541610717773,28.267833709716797,29.40654182434082,27.584375381469727,187.0,42.0,2.0,78.60076904296875,90.0,12.0,49.0,18.0,361.0,
Apis mellifera,2.0401347786297155,38.70992244151404,KE,,pseudoAbsence,0,107.0,11.686979293823242,75.44002532958984,103.4942398071289,35.228248596191406,19.736499786376953,15.491748809814453,27.714000701904297,25.637916564941406,28.254125595092773,25.637916564941406,319.0,107.0,0.0,123.2091064453125,161.0,1.0,53.0,1.0,353.0,
Apis mellifera,-1.5446356244529795,40.55648964629725,KE,,pseudoAbsence,0,130.0,8.064582824707031,68.20087432861328,122.81896209716797,33.75699996948242,21.932249069213867,11.824750900268555,27.394790649414062,28.74245834350586,28.85591697692871,25.81662368774414,619.0,130.0,6.0,67.10196685791016,301.0,49.0,133.0,150.0,58.0,
Apis mellifera,0.8448909541379255,39.604239183203376,KE,,pseudoAbsence,0,116.0,11.100354194641113,76.4552993774414,97.88793182373047,35.77775192260742,21.259000778198242,14.51875114440918,28.964374542236328,26.76849937438965,29.200708389282227,26.76849937438965,309.0,116.0,1.0,133.03298950195312,151.0,4.0,147.0,4.0,221.0,
Apis mellifera,-1.0880268693084147,37.44392723946921,KE,,pseudoAbsence,0,195.0,11.152832984924316,74.25321960449219,117.43193054199219,28.973249435424805,13.95324993133545,15.019999504089355,21.94270896911621,19.606040954589844,22.220291137695312,19.2966251373291,781.0,195.0,3.0,101.11360168457031,354.0,14.0,312.0,16.0,1235.0,
Apis mellifera,0.237573430568057,39.05895375841057,KE,,pseudoAbsence,0,107.0,10.99943733215332,77.08220672607422,103.37977600097656,34.248748779296875,19.979000091552734,14.26974868774414,26.872875213623047,25.33245849609375,27.964000701904297,25.33245849609375,332.0,107.0,0.0,128.4927978515625,187.0,2.0,125.0,2.0,335.0,
Apis mellifera,1.424720251716912,34.930958257169365,KE,,pseudoAbsence,0,150.0,12.891103744506836,83.58363342285156,63.801422119140625,29.457250595092773,14.034250259399414,15.42300033569336,20.761167526245117,21.637832641601562,22.01183319091797,20.438249588012695,1049.0,150.0,23.0,51.06636428833008,387.0,93.0,247.0,371.0,1375.0,
Apis mellifera,3.717369409341495,40.82778228191687,KE,,pseudoAbsence,0,95.0,11.24289608001709,73.32721710205078,119.42546844482422,33.864749908447266,18.532249450683594,15.332500457763672,26.131542205810547,23.756458282470703,26.766334533691406,23.756458282470703,299.0,95.0,0.0,121.71125793457031,162.0,1.0,32.0,1.0,705.0,
Apis mellifera,1.6516267044416706,38.52387333526424,KE,,pseudoAbsence,0,106.0,11.730646133422852,78.8734130859375,87.09259796142578,34.773250579833984,19.90049934387207,14.872751235961914,27.838167190551758,25.876375198364258,28.077499389648438,25.876375198364258,313.0,106.0,0.0,127.96785736083984,152.0,0.0,150.0,0.0,307.0,
Apis mellifera,-0.0897818384913238,39.92115194471637,KE,,pseudoAbsence,0,87.0,10.525666236877441,73.5996322631836,120.9202651977539,35.9744987487793,21.673250198364258,14.301248550415039,28.47333335876465,26.786540985107422,29.86750030517578,26.786540985107422,336.0,87.0,4.0,105.12744140625,163.0,14.0,125.0,14.0,184.0,
Apis mellifera,2.0569027959776287,40.61161554183731,KE,,pseudoAbsence,0,96.0,10.643709182739258,70.5418472290039,129.1976776123047,35.97975158691406,20.89124870300293,15.088502883911133,28.374042510986328,25.867000579833984,29.117584228515625,25.867000579833984,347.0,96.0,3.0,107.66852569580078,163.0,10.0,46.0,10.0,324.0,
Apis mellifera,-1.0989864713983484,40.7218997125952,KE,,pseudoAbsence,0,93.0,8.420708656311035,68.67040252685547,124.27986145019531,34.04624938964844,21.783748626708984,12.262500762939453,27.43487548828125,28.782333374023438,28.941333770751953,25.823041915893555,476.0,93.0,3.0,69.09420776367188,224.0,38.0,123.0,96.0,94.0,
Apis mellifera,0.2637979167388637,39.65718012695864,KE,,pseudoAbsence,0,92.0,10.702437400817871,75.18000030517578,109.43810272216797,35.51499938964844,21.27924919128418,14.235750198364258,28.06100082397461,26.553707122802734,29.349166870117188,26.553707122802734,311.0,92.0,1.0,121.26239013671875,160.0,5.0,124.0,5.0,208.0,
Apis mellifera,0.0425869574493091,38.53863731211918,KE,,pseudoAbsence,0,135.0,10.666853904724121,75.83834838867188,104.2734375,32.9640007019043,18.89875030517578,14.065250396728516,25.86870765686035,24.18541717529297,26.801042556762695,24.18541717529297,397.0,135.0,0.0,130.79640197753906,229.0,0.0,141.0,0.0,405.0,
Apis mellifera,-3.764150598417679,39.44152209312707,KE,,pseudoAbsence,0,141.0,8.958645820617676,66.74224853515625,143.52972412109375,31.731000900268555,18.308250427246094,13.422750473022461,25.73258399963379,26.269624710083008,26.34462547302246,22.925125122070312,794.0,141.0,20.0,53.9981803894043,304.0,106.0,183.0,141.0,210.0,
Apis mellifera,-0.344861787653822,35.14841714280407,KE,,pseudoAbsence,0,239.0,12.416500091552734,80.7603530883789,75.22515106201172,27.432750701904297,12.058250427246094,15.374500274658203,19.621583938598633,19.918832778930664,20.213708877563477,18.302749633789062,1610.0,239.0,79.0,32.074790954589844,578.0,276.0,329.0,389.0,1700.0,
Apis mellifera,-1.570325709298714,39.10210582501647,KE,,pseudoAbsence,0,157.0,10.127395629882812,70.48332977294922,137.1678466796875,34.05099868774414,19.6825008392334,14.368497848510742,27.07349967956543,24.65887451171875,28.093915939331055,24.65887451171875,608.0,157.0,5.0,96.9652099609375,322.0,30.0,190.0,30.0,273.0,
Apis mellifera,-3.043244600392315,39.0840342275613,KE,,pseudoAbsence,0,134.0,10.48237419128418,70.56106567382812,143.40234375,33.43024826049805,18.574499130249023,14.855749130249023,26.174957275390625,23.897125244140625,27.319000244140625,23.860000610351562,835.0,134.0,24.0,61.30297088623047,327.0,81.0,253.0,102.0,245.0,
Apis mellifera,0.461351979213104,35.58419795591028,KE,,pseudoAbsence,0,174.0,12.348520278930664,83.37117004394531,65.04077911376953,26.010250091552734,11.198750495910645,14.81149959564209,18.305999755859375,18.476333618164062,19.000457763671875,17.331125259399414,1178.0,174.0,37.0,45.2850227355957,414.0,145.0,301.0,382.0,1972.0,
Apis mellifera,-0.2889761014667256,36.44598877413779,KE,,pseudoAbsence,0,115.0,14.103708267211914,80.29438781738281,76.1581039428711,23.691999435424805,6.126999855041504,17.564998626708984,14.663291931152344,14.52733325958252,15.269042015075684,13.354374885559082,881.0,115.0,28.0,42.12350845336914,303.0,99.0,194.0,278.0,2389.0,
Apis mellifera,0.9033739683803343,39.46693708352598,KE,,pseudoAbsence,0,118.0,11.672374725341797,77.7406997680664,92.37166595458984,36.145748138427734,21.131250381469727,15.014497756958008,28.961374282836914,26.86395835876465,29.15829086303711,26.86395835876465,305.0,118.0,1.0,136.62567138671875,151.0,3.0,149.0,3.0,199.0,
Apis mellifera,3.2402830494594594,38.339771098592415,KE,,pseudoAbsence,0,112.0,11.253313064575195,70.41022491455078,139.56166076660156,34.21049880981445,18.22800064086914,15.982498168945312,26.356040954589844,23.897417068481445,27.498083114624023,23.897417068481445,369.0,112.0,3.0,102.32475280761719,195.0,10.0,67.0,10.0,630.0,
Apis mellifera,-0.8552440973970739,34.97989171823308,KE,,pseudoAbsence,0,251.0,12.016583442687988,81.23567199707031,74.6434555053711,25.910249710083008,11.118000030517578,14.79224967956543,18.569334030151367,17.20708465576172,19.061832427978516,17.167333602905273,1634.0,251.0,81.0,33.851097106933594,594.0,321.0,352.0,324.0,1934.0,
Apis mellifera,-1.3192247645130508,38.43593468258261,KE,,pseudoAbsence,0,262.0,9.930021286010742,71.67620849609375,122.01795959472656,31.650999069213867,17.797000885009766,13.853998184204102,24.94099998474121,22.72220802307129,25.764249801635742,22.72220802307129,777.0,262.0,1.0,121.40850067138672,461.0,7.0,249.0,7.0,581.0,
Apis mellifera,4.083892905837744,37.33802673984904,KE,,pseudoAbsence,0,71.0,12.241436958312988,74.4658203125,119.58351135253906,33.96675109863281,17.52775001525879,16.439001083374023,25.772249221801758,23.703166961669922,26.840749740600586,23.703166961669922,317.0,71.0,3.0,77.91014099121094,151.0,15.0,84.0,15.0,785.0,
Apis mellifera,-1.3256346291074954,36.07417940206896,KE,,pseudoAbsence,0,156.0,12.978104591369629,77.33692932128906,114.06529235839844,28.550750732421875,11.769499778747559,16.78125,20.218000411987305,18.1473331451416,20.70833396911621,17.8769588470459,763.0,156.0,22.0,63.50432586669922,361.0,75.0,197.0,89.0,1739.0,
Apis mellifera,2.603973405134723,36.49982714604662,KE,,pseudoAbsence,0,48.0,12.371874809265137,85.73716735839844,73.01825714111328,33.771751403808594,19.34174919128418,14.430002212524414,27.238208770751953,26.09983253479004,27.380874633789062,25.535749435424805,219.0,48.0,3.0,69.34715270996094,102.0,21.0,86.0,30.0,659.0,
Apis mellifera,0.7648131241964347,36.01522946489009,KE,,pseudoAbsence,0,97.0,13.96135425567627,85.56717681884766,65.85237121582031,31.15049934387207,14.834250450134277,16.31624984741211,22.452999114990234,22.87962532043457,23.641582489013672,22.00349998474121,645.0,97.0,20.0,52.74785614013672,249.0,67.0,153.0,210.0,1036.0,
Apis mellifera,-4.523957988667042,39.38604580718376,KE,,pseudoAbsence,0,308.0,7.9549241065979,64.72201538085938,150.27134704589844,32.65999984741211,20.369091033935547,12.290908813476562,26.13916778564453,27.759469985961914,28.04621124267578,24.426895141601562,1267.0,308.0,20.0,77.82806396484375,656.0,112.0,123.0,227.0,14.0,
Apis mellifera,-2.099134386537865,40.358372867129326,KE,,pseudoAbsence,0,190.0,7.314624786376953,66.64655303955078,120.64082336425781,33.00349807739258,22.028249740600586,10.975248336791992,27.10041618347168,28.240623474121094,28.429582595825195,25.482208251953125,850.0,190.0,8.0,68.56210327148438,416.0,70.0,170.0,165.0,46.0,
Apis mellifera,0.2930255145946203,37.587098627784336,KE,,pseudoAbsence,0,279.0,13.237333297729492,82.58622741699219,78.48197937011719,29.640249252319336,13.611749649047852,16.028499603271484,20.765750885009766,20.126998901367188,21.844999313354492,20.126998901367188,1084.0,279.0,6.0,100.69566345214844,570.0,23.0,353.0,23.0,1407.0,
Apis mellifera,-1.0834641680388564,36.90958968839193,KE,,pseudoAbsence,0,227.0,11.740645408630371,74.05712127685547,118.3184585571289,27.88949966430664,12.03600025177002,15.853499412536621,20.264333724975586,17.78095817565918,20.533416748046875,17.5416259765625,1011.0,227.0,22.0,79.14373016357422,492.0,69.0,370.0,84.0,1617.0,
Apis mellifera,0.9144162504065304,40.31809044181374,KE,,pseudoAbsence,0,98.0,10.701416969299316,73.2572250366211,116.00782775878906,36.35475158691406,21.746749877929688,14.608001708984375,28.332584381103516,26.914291381835938,29.836416244506836,26.914291381835938,331.0,98.0,3.0,109.39420318603516,152.0,12.0,132.0,12.0,177.0,
Apis mellifera,3.201103738745819,39.41283249976711,KE,,pseudoAbsence,0,120.0,10.012999534606934,65.52474212646484,155.08642578125,33.791500091552734,18.510250091552734,15.28125,26.018749237060547,23.38683319091797,27.375083923339844,23.38683319091797,380.0,120.0,3.0,112.04654693603516,205.0,10.0,51.0,10.0,627.0,
Apis mellifera,4.207799410435421,35.07368168311151,KE,,pseudoAbsence,0,87.0,14.798728942871094,85.6123046875,74.06917572021484,36.90950012207031,19.623750686645508,17.285749435424805,28.124374389648438,28.379959106445312,28.871124267578125,27.00149917602539,425.0,87.0,10.0,60.087162017822266,190.0,60.0,85.0,79.0,503.0,
Apis mellifera,0.5878144743644329,34.58233245302277,KE,,pseudoAbsence,0,248.0,12.372270584106445,83.15396881103516,68.36511993408203,28.812999725341797,13.934249877929688,14.87874984741211,20.789207458496094,21.45574951171875,21.739208221435547,20.023582458496094,1659.0,248.0,54.0,42.275264739990234,635.0,204.0,267.0,417.0,1455.0,
Apis mellifera,-3.4423145481911748,38.368393018626406,KE,,pseudoAbsence,0,161.0,9.89645767211914,67.58837127685547,157.33180236816406,29.08099937438965,14.438750267028809,14.64224910736084,22.25545883178711,19.30145835876465,23.089374542236328,19.30145835876465,898.0,161.0,14.0,74.88529968261719,364.0,55.0,211.0,55.0,1015.0,
Apis mellifera,-0.5765203564402492,37.3627443823165,KE,,pseudoAbsence,0,268.0,11.61818790435791,76.65608215332031,99.48599243164062,28.62150001525879,13.465250015258789,15.15625,21.398082733154297,19.207292556762695,21.508790969848633,19.207292556762695,1085.0,268.0,14.0,94.24626159667969,510.0,52.0,396.0,52.0,1271.0,
Apis mellifera,-0.3965000928610305,38.49068984467377,KE,,pseudoAbsence,0,189.0,10.624229431152344,73.58009338378906,119.6993637084961,30.9997501373291,16.56075096130371,14.43899917602539,24.040000915527344,21.846458435058594,24.807540893554688,21.846458435058594,534.0,189.0,0.0,131.71319580078125,321.0,0.0,180.0,0.0,664.0,
Apis mellifera,-0.9961978538088244,40.41820999913392,KE,,pseudoAbsence,0,89.0,8.744729042053223,68.48539733886719,130.1657257080078,34.35124969482422,21.582500457763672,12.768749237060547,28.557458877563477,25.890249252319336,29.054542541503906,25.77666664123535,416.0,89.0,4.0,75.22586059570312,173.0,45.0,127.0,53.0,107.0,
Apis mellifera,2.3849567479596177,37.42846214635943,KE,,pseudoAbsence,0,70.0,11.92258358001709,80.50089263916016,85.66836547851562,33.99924850463867,19.188749313354492,14.81049919128418,27.35062599182129,25.56166648864746,27.630624771118164,25.479915618896484,252.0,70.0,0.0,101.69487762451172,125.0,6.0,111.0,7.0,475.0,
Apis mellifera,4.711838749621914,35.17461956984915,KE,,pseudoAbsence,0,,,,,,,,,,,,,,,,,,,,,
Apis mellifera,-2.271871003503784,37.71158543302384,KE,,pseudoAbsence,0,165.0,11.215666770935059,69.37383270263672,144.93756103515625,30.827999114990234,14.66100025177002,16.16699981689453,22.91866683959961,20.328332901000977,23.987916946411133,20.328332901000977,604.0,165.0,1.0,104.51153564453125,316.0,7.0,217.0,7.0,976.0,
Apis mellifera,-1.4145137706151876,41.26619391939259,KE,,pseudoAbsence,0,162.0,7.185624122619629,68.34015655517578,108.58158111572266,32.68199920654297,22.16750144958496,10.514497756958008,27.178874969482422,28.078250885009766,28.36054229736328,25.648792266845703,618.0,162.0,1.0,89.75194549560547,356.0,22.0,128.0,170.0,36.0,
Apis mellifera,0.0668511024112561,36.173861942859205,KE,,pseudoAbsence,0,143.0,14.256978988647461,82.4961166381836,70.59185028076172,25.340499877929688,8.058500289916992,17.281999588012695,15.439458847045898,16.48987579345703,17.147958755493164,15.339792251586914,1007.0,143.0,29.0,47.084815979003906,348.0,118.0,233.0,340.0,2043.0,
Apis mellifera,-1.91195808727755,37.48493709706207,KE,,pseudoAbsence,0,169.0,10.653562545776367,69.79534912109375,138.1111297607422,28.249500274658203,12.98550033569336,15.263999938964844,20.667749404907227,18.46500015258789,21.634292602539062,18.158708572387695,708.0,169.0,1.0,91.12373352050781,313.0,10.0,274.0,15.0,1375.0,
Apis mellifera,-1.5308242000604504,38.6907900397804,KE,,pseudoAbsence,0,196.0,9.547416687011719,69.57489776611328,132.75357055664062,32.903751373291016,19.181249618530273,13.722501754760742,26.2502498626709,23.891334533691406,27.241374969482422,23.891334533691406,656.0,196.0,3.0,111.79352569580078,378.0,13.0,211.0,13.0,393.0,
Apis mellifera,-0.4725431578546724,36.65721156886934,KE,,pseudoAbsence,0,184.0,11.684895515441895,77.1369400024414,82.24031066894531,18.965999603271484,3.8177499771118164,15.148249626159668,11.13920783996582,11.009458541870117,11.791333198547363,9.751500129699707,1357.0,184.0,42.0,36.85209274291992,465.0,186.0,350.0,321.0,2994.0,
Apis mellifera,2.5548248326066503,39.388375408173815,KE,,pseudoAbsence,0,103.0,11.25895881652832,70.50621032714844,132.16793823242188,35.37099838256836,19.402250289916992,15.968748092651367,27.36020851135254,24.9444580078125,28.321125030517578,24.9444580078125,323.0,103.0,0.0,119.02477264404297,163.0,3.0,45.0,3.0,444.0,
Apis mellifera,-1.6410288215784434,40.60118079384189,KE,,pseudoAbsence,0,130.0,8.064582824707031,68.20087432861328,122.81896209716797,33.75699996948242,21.932249069213867,11.824750900268555,27.394790649414062,28.74245834350586,28.85591697692871,25.81662368774414,619.0,130.0,6.0,67.10196685791016,301.0,49.0,133.0,150.0,58.0,
Apis mellifera,4.095675332237021,37.240578654998174,KE,,pseudoAbsence,0,67.0,12.570270538330078,75.70742797851562,111.92046356201172,34.43949890136719,17.835750579833984,16.603748321533203,26.190250396728516,24.249000549316406,27.181499481201172,24.249000549316406,313.0,67.0,3.0,76.84740447998047,147.0,16.0,84.0,16.0,738.0,
Apis mellifera,0.0876561812487111,39.43940961256384,KE,,pseudoAbsence,0,96.0,10.47033405303955,74.66410827636719,111.4033203125,34.818748474121094,20.795499801635742,14.023248672485352,27.516542434692383,25.942583084106445,28.792749404907227,25.942583084106445,318.0,96.0,1.0,121.14653778076172,175.0,4.0,118.0,4.0,278.0,
Apis mellifera,-1.298984449913778,38.53931473424208,KE,,pseudoAbsence,0,260.0,9.700749397277832,70.85623168945312,125.39812469482422,31.95800018310547,18.267250061035156,13.690750122070312,25.338167190551758,23.055749893188477,26.191749572753906,23.055749893188477,763.0,260.0,2.0,121.40141296386719,458.0,8.0,239.0,8.0,552.0,
Apis mellifera,-0.7463052684606044,40.05164100217853,KE,,pseudoAbsence,0,90.0,9.55395793914795,70.01673889160156,131.27548217773438,35.15224838256836,21.506999969482422,13.645248413085938,28.184417724609375,26.111541748046875,29.41837501525879,26.111541748046875,385.0,90.0,4.0,93.42720794677734,175.0,25.0,135.0,25.0,142.0,
Apis mellifera,2.54496192934963,40.29410797045562,KE,,pseudoAbsence,0,104.0,10.343271255493164,69.96733856201172,131.2088623046875,34.30424880981445,19.521249771118164,14.782999038696289,26.967374801635742,24.465084075927734,27.814332962036133,24.465084075927734,343.0,104.0,1.0,116.66498565673828,168.0,6.0,44.0,6.0,548.0,
Apis mellifera,-0.3161628200759123,38.11673670443079,KE,,pseudoAbsence,0,162.0,11.01229190826416,73.90180206298828,119.37175750732422,31.813249588012695,16.91200065612793,14.901248931884766,24.676040649414062,22.46591567993164,25.426040649414062,22.46591567993164,524.0,162.0,0.0,123.15221405029297,287.0,0.0,191.0,0.0,536.0,
Apis mellifera,2.872659724605888,39.018010433407305,KE,,pseudoAbsence,0,112.0,9.97841739654541,67.01422119140625,142.75576782226562,34.02199935913086,19.131999969482422,14.889999389648438,26.57170867919922,24.064416885375977,27.739707946777344,24.064416885375977,352.0,112.0,1.0,113.35302734375,184.0,6.0,52.0,6.0,530.0,
Apis mellifera,-2.6458497234444924,39.07107971637507,KE,,pseudoAbsence,0,146.0,10.015874862670898,69.4136962890625,140.91421508789062,33.56949996948242,19.14025115966797,14.429248809814453,26.482376098632812,24.15308380126953,27.592708587646484,24.15308380126953,790.0,146.0,23.0,70.01189422607422,340.0,70.0,241.0,70.0,242.0,
Apis mellifera,-2.350430578624107,40.27288952993343,KE,,pseudoAbsence,0,176.0,7.606812953948975,66.72349548339844,121.56021881103516,33.273250579833984,21.87274932861328,11.400501251220703,27.07962417602539,28.179750442504883,28.429624557495117,25.467416763305664,865.0,176.0,10.0,62.03059768676758,398.0,83.0,183.0,167.0,7.0,
Apis mellifera,4.090846501756327,34.61206222824559,KE,,pseudoAbsence,0,88.0,14.504437446594238,84.57398223876953,82.98126220703125,36.08074951171875,18.930749893188477,17.149999618530273,27.532833099365234,27.72541618347168,28.220874786376953,26.098125457763672,481.0,88.0,7.0,52.12726974487305,197.0,59.0,88.0,111.0,593.0,
Apis mellifera,3.028144291001172,36.41758369538295,KE,,pseudoAbsence,0,46.0,11.062125205993652,83.15824890136719,73.03858184814453,34.91374969482422,21.611249923706055,13.302499771118164,28.6542911529541,27.765750885009766,28.939958572387695,27.120834350585938,201.0,46.0,2.0,77.77263641357422,96.0,17.0,82.0,20.0,436.0,
Apis mellifera,2.7422224667620707,39.25213187809318,KE,,pseudoAbsence,0,107.0,11.183958053588867,69.57035827636719,136.00828552246094,35.118751525878906,19.042999267578125,16.07575225830078,27.07233428955078,24.624374389648438,28.1108341217041,24.624374389648438,335.0,107.0,1.0,117.01811218261719,172.0,4.0,48.0,4.0,477.0,
Apis mellifera,4.461048823955617,36.02120181534361,KE,,pseudoAbsence,0,66.0,10.014396667480469,79.34078979492188,83.4876480102539,35.271751403808594,22.649749755859375,12.622001647949219,28.68204116821289,27.921417236328125,29.61949920654297,27.489416122436523,336.0,66.0,6.0,68.7300033569336,160.0,29.0,83.0,42.0,361.0,
Apis mellifera,2.294181891855845,36.99550898952099,KE,,pseudoAbsence,0,81.0,11.678479194641113,81.07662200927734,79.20909881591797,30.285749435424805,15.881500244140625,14.40424919128418,23.826499938964844,22.076208114624023,24.018291473388672,22.014415740966797,347.0,81.0,4.0,78.0336685180664,164.0,27.0,139.0,31.0,1057.0,
Apis mellifera,1.6756850357307993,40.7528557589233,KE,,pseudoAbsence,0,97.0,11.097978591918945,72.01570129394531,130.2257843017578,36.79399871826172,21.383499145507812,15.410499572753906,29.176790237426758,26.708415985107422,29.818124771118164,26.561458587646484,362.0,97.0,3.0,104.048583984375,167.0,13.0,44.0,14.0,208.0,
Apis mellifera,3.19596294183279,37.163423230031306,KE,,pseudoAbsence,0,42.0,12.070374488830566,78.84883117675781,99.76643371582031,35.910499572753906,20.602251052856445,15.308248519897461,28.649625778198242,26.75283432006836,29.348499298095703,26.75283432006836,181.0,42.0,0.0,92.80937957763672,82.0,7.0,44.0,7.0,380.0,
Apis mellifera,0.2272566368466675,35.80275361818273,KE,,pseudoAbsence,0,155.0,12.669854164123535,84.09148406982422,59.69144821166992,26.78350067138672,11.716750144958496,15.066750526428223,19.072708129882812,19.167417526245117,19.555999755859375,18.060333251953125,1110.0,155.0,34.0,43.41651916503906,386.0,138.0,277.0,346.0,1793.0,
Apis mellifera,-0.9610372015262838,38.20584609736089,KE,,pseudoAbsence,0,238.0,10.755958557128906,73.91522216796875,120.04094696044922,30.64324951171875,16.09149932861328,14.551750183105469,23.610624313354492,21.368125915527344,24.351207733154297,21.368125915527344,717.0,238.0,1.0,125.01055145263672,408.0,4.0,254.0,4.0,735.0,
Apis mellifera,1.1652977394107848,38.27883656613884,KE,,pseudoAbsence,0,108.0,11.735458374023438,80.40876770019531,81.56023406982422,33.19725036621094,18.602500915527344,14.594749450683594,25.61079216003418,24.595291137695312,26.634082794189453,24.595291137695312,358.0,108.0,0.0,126.45120239257812,174.0,0.0,158.0,0.0,495.0,
Apis mellifera,1.292654406702752,36.66956773582054,KE,,pseudoAbsence,0,124.0,12.078603744506836,80.05305480957031,77.30081176757812,25.20599937438965,10.11775016784668,15.088249206542969,18.607624053955078,17.501708984375,18.607624053955078,16.687625885009766,668.0,124.0,23.0,53.94940185546875,272.0,100.0,272.0,123.0,1741.0,
Apis mellifera,-2.956133576088903,38.439072952577874,KE,,pseudoAbsence,0,194.0,10.437250137329102,69.7187728881836,148.2542266845703,31.883750915527344,16.913249969482422,14.970500946044922,25.21554183959961,22.194873809814453,25.826250076293945,22.194873809814453,950.0,194.0,18.0,78.88690185546875,400.0,67.0,339.0,67.0,544.0,
Apis mellifera,-2.2962930577475573,37.06276747475025,KE,,pseudoAbsence,0,118.0,11.150938034057617,70.75467681884766,137.6587371826172,29.272750854492188,13.512749671936035,15.760001182556152,21.86512565612793,19.26449966430664,22.3764591217041,18.945999145507812,575.0,118.0,1.0,81.04114532470703,254.0,10.0,244.0,14.0,1297.0,
Apis mellifera,-1.5943418024224465,40.53625224485567,KE,,pseudoAbsence,0,130.0,8.064582824707031,68.20087432861328,122.81896209716797,33.75699996948242,21.932249069213867,11.824750900268555,27.394790649414062,28.74245834350586,28.85591697692871,25.81662368774414,619.0,130.0,6.0,67.10196685791016,301.0,49.0,133.0,150.0,58.0,
Apis mellifera,1.3511477820128652,39.79937311531671,KE,,pseudoAbsence,0,109.0,11.188291549682617,75.28500366210938,101.80460357666016,36.381248474121094,21.520000457763672,14.861248016357422,29.135000228881836,27.047374725341797,29.5488338470459,27.047374725341797,319.0,109.0,1.0,120.43338012695312,159.0,4.0,46.0,4.0,233.0,
Apis mellifera,0.5654266049767322,37.057034722505854,KE,,pseudoAbsence,0,215.0,13.687000274658203,84.31200408935547,65.37751770019531,28.602750778198242,12.369000434875488,16.233749389648438,21.009292602539062,19.597917556762695,21.009292602539062,19.552165985107422,893.0,215.0,22.0,83.01568603515625,426.0,74.0,426.0,80.0,1421.0,
Apis mellifera,2.595929758591722,40.70717400918853,KE,,pseudoAbsence,0,98.0,11.167957305908203,72.02810668945312,133.4849090576172,35.65950012207031,20.15450096130371,15.504999160766602,28.043209075927734,25.35091781616211,28.722915649414062,25.35091781616211,342.0,98.0,1.0,114.19343566894531,163.0,8.0,43.0,8.0,396.0,
Apis mellifera,4.091482675367506,34.433962434993006,KE,,pseudoAbsence,0,89.0,12.710103988647461,80.31533813476562,100.43778228759766,33.43825149536133,17.613000869750977,15.825250625610352,25.484209060668945,25.83829116821289,26.322208404541016,23.74049949645996,520.0,89.0,7.0,48.40992736816406,202.0,64.0,97.0,136.0,888.0,
Apis mellifera,-1.9828603097543769,41.009392481223,KE,,pseudoAbsence,0,261.0,6.587223529815674,67.7331771850586,105.2625503540039,32.466835021972656,22.741580963134766,9.72525405883789,27.25029754638672,28.007143020629883,28.32023811340332,25.714923858642578,867.0,261.0,3.0,101.60440063476562,540.0,32.0,157.0,170.0,16.0,
Apis mellifera,-2.3909641449561523,38.35784594277144,KE,,pseudoAbsence,0,167.0,10.00895881652832,68.37886810302734,144.53579711914062,32.26750183105469,17.6299991607666,14.637502670288086,25.195709228515625,22.68137550354004,26.304500579833984,22.68137550354004,695.0,167.0,5.0,99.94237518310547,347.0,22.0,251.0,22.0,504.0,
Apis mellifera,3.6697984357973104,41.33596579021915,KE,,pseudoAbsence,0,87.0,11.433667182922363,75.03021240234375,110.93836212158203,36.30875015258789,21.06999969482422,15.238750457763672,28.57149887084961,26.355167388916016,29.068750381469727,26.355167388916016,268.0,87.0,0.0,120.73983764648438,146.0,2.0,113.0,2.0,435.0,
Apis mellifera,2.4335900454193986,39.75669906318248,KE,,pseudoAbsence,0,99.0,10.500749588012695,70.83494567871094,125.94158935546875,35.168251037597656,20.3439998626709,14.824251174926758,27.887832641601562,25.5153751373291,28.721458435058594,25.5153751373291,318.0,99.0,1.0,117.14099884033203,158.0,4.0,44.0,4.0,401.0,
Apis mellifera,2.636090667731704,36.71425406237623,KE,,pseudoAbsence,0,54.0,11.211042404174805,82.65900421142578,80.42019653320312,32.847251892089844,19.284250259399414,13.56300163269043,26.763208389282227,25.027292251586914,26.989084243774414,24.94295883178711,230.0,54.0,2.0,79.8676986694336,109.0,18.0,94.0,20.0,634.0,
Apis mellifera,0.667277137626396,34.49618805825328,KE,,pseudoAbsence,0,234.0,12.171270370483398,82.51849365234375,69.55581665039062,29.23724937438965,14.487500190734863,14.749749183654785,21.121374130249023,21.887582778930664,22.168251037597656,20.40887451171875,1520.0,234.0,52.0,42.70230484008789,580.0,190.0,247.0,365.0,1425.0,
Apis mellifera,3.5736119461838607,38.52435041435143,KE,,pseudoAbsence,0,132.0,9.609208106994629,64.79902648925781,158.3393096923828,32.623748779296875,17.79450035095215,14.829248428344727,25.01966667175293,22.650875091552734,26.431249618530273,22.357833862304688,460.0,132.0,5.0,96.648681640625,247.0,20.0,79.0,21.0,798.0,
Apis mellifera,4.570124099539702,34.80362838680479,KE,,pseudoAbsence,0,97.0,14.75958251953125,84.75091552734375,85.36654663085938,36.58774948120117,19.172500610351562,17.41524887084961,27.77345848083496,27.945209503173828,28.4927921295166,26.336999893188477,565.0,97.0,12.0,47.709815979003906,224.0,73.0,101.0,134.0,471.0,
Apis mellifera,0.5470204860120855,35.84973005048155,KE,,pseudoAbsence,0,110.0,13.963083267211914,85.43770599365234,64.45158386230469,30.969749450683594,14.626749992370605,16.342998504638672,21.734792709350586,22.612749099731445,23.34462547302246,21.734792709350586,777.0,110.0,25.0,48.730194091796875,286.0,87.0,174.0,286.0,1268.0,
Apis mellifera,3.725718714257988,37.31558532476261,KE,,pseudoAbsence,0,58.0,12.833125114440918,77.85910034179688,100.83837890625,35.640499114990234,19.158000946044922,16.482498168945312,27.68345832824707,26.12262535095215,28.581249237060547,25.943958282470703,261.0,58.0,1.0,82.04444122314453,121.0,12.0,66.0,13.0,535.0,
Apis mellifera,0.0091618496308969,35.289173402647805,KE,,pseudoAbsence,0,203.0,12.173874855041504,81.8576889038086,72.81794738769531,25.760250091552734,10.888250350952148,14.871999740600586,17.84749984741211,18.418750762939453,18.769041061401367,16.975000381469727,1467.0,203.0,55.0,37.87661361694336,501.0,198.0,380.0,446.0,1961.0,
Apis mellifera,0.809913124652633,34.91615105606338,KE,,pseudoAbsence,0,190.0,12.926041603088379,81.79097747802734,77.38697052001953,27.788000106811523,11.98425006866455,15.803750038146973,18.235666275024414,19.735332489013672,20.17566680908203,18.235666275024414,1336.0,190.0,31.0,50.39255142211914,494.0,126.0,298.0,494.0,1701.0,
Apis mellifera,-1.5586395712548042,39.63649403154288,KE,,pseudoAbsence,0,102.0,9.154874801635742,68.53990173339844,137.7970733642578,33.86800003051758,20.51099967956543,13.357000350952148,27.338375091552734,24.96645736694336,28.387540817260742,24.96645736694336,522.0,102.0,7.0,71.95797729492188,231.0,63.0,146.0,63.0,157.0,
Apis mellifera,-0.8440027998514257,34.50082901752129,KE,,pseudoAbsence,0,228.0,11.622854232788086,81.31281280517578,65.78766632080078,27.859500885009766,13.565500259399414,14.294000625610352,20.848417282104492,21.030000686645508,21.2899169921875,19.60504150390625,1509.0,228.0,65.0,38.65530014038086,568.0,262.0,300.0,275.0,1492.0,
Apis mellifera,-1.5285301364695902,38.551005993272376,KE,,pseudoAbsence,0,206.0,9.48643684387207,69.31363677978516,130.13014221191406,32.32474899291992,18.638500213623047,13.686248779296875,25.68487548828125,23.360416412353516,26.644832611083984,23.360416412353516,673.0,206.0,2.0,115.22029876708984,394.0,8.0,219.0,8.0,484.0,
Apis mellifera,-0.5098461470472619,35.130563376291256,KE,,pseudoAbsence,0,228.0,12.200791358947754,79.90956115722656,81.77333068847656,26.429750442504883,11.161499977111816,15.268250465393066,18.77662467956543,19.035249710083008,19.37812614440918,17.319332122802734,1562.0,228.0,79.0,30.311038970947266,551.0,283.0,330.0,362.0,1830.0,
Apis mellifera,-2.926768937902917,38.93150681157762,KE,,pseudoAbsence,0,154.0,10.183521270751953,69.51326751708984,145.12274169921875,32.984500885009766,18.334749221801758,14.649751663208008,25.84458351135254,23.449748992919922,26.966041564941406,23.449748992919922,897.0,154.0,24.0,66.98849487304688,362.0,82.0,284.0,82.0,326.0,
Apis mellifera,3.593917315959838,39.7096264998944,KE,,pseudoAbsence,0,128.0,10.466146469116211,68.10570526123047,140.9984893798828,32.872501373291016,17.5049991607666,15.367502212524414,24.966957092285156,22.48200035095215,26.115123748779297,22.48200035095215,385.0,128.0,2.0,117.21965789794922,217.0,8.0,52.0,8.0,846.0,
Apis mellifera,3.0684733509710087,34.60734649785108,KE,,pseudoAbsence,0,84.0,12.271312713623047,81.8810806274414,85.58445739746094,32.027000427246094,17.040250778198242,14.986749649047852,22.981916427612305,24.555374145507812,24.982208251953125,22.769001007080078,559.0,84.0,8.0,53.83003234863281,212.0,48.0,77.0,203.0,1103.0,
Apis mellifera,3.4880078898251208,40.7607899751482,KE,,pseudoAbsence,0,97.0,10.710687637329102,71.63621520996094,127.94961547851562,33.83274841308594,18.881250381469727,14.951498031616211,26.289291381835938,23.735124588012695,26.983957290649414,23.735124588012695,312.0,97.0,0.0,120.22135162353516,162.0,2.0,36.0,2.0,669.0,
Apis mellifera,-2.4732670727755006,39.50678370071752,KE,,pseudoAbsence,0,120.0,9.127041816711426,68.92494201660156,131.68983459472656,33.304500579833984,20.0625,13.242000579833984,26.78241729736328,24.659250259399414,27.84466552734375,24.656999588012695,693.0,120.0,15.0,58.52009582519531,282.0,86.0,181.0,109.0,159.0,
Apis mellifera,-1.463014310226172,39.60585417064797,KE,,pseudoAbsence,0,104.0,9.722832679748535,69.24109649658203,138.7332000732422,34.49974822998047,20.45775032043457,14.041997909545898,27.60449981689453,25.222042083740234,28.66962432861328,25.222042083740234,499.0,104.0,5.0,79.20963287353516,228.0,49.0,150.0,49.0,155.0,
Apis mellifera,3.072102048703744,37.92354525928781,KE,,pseudoAbsence,0,80.0,10.80987548828125,73.02120208740234,121.42073059082031,33.919498443603516,19.11574935913086,14.803749084472656,26.968124389648438,24.662416458129883,27.79479217529297,24.662416458129883,276.0,80.0,1.0,102.29376983642578,136.0,5.0,58.0,5.0,550.0,
Apis mellifera,-2.421290709905497,38.56038623842413,KE,,pseudoAbsence,0,166.0,10.090229034423828,69.0354995727539,142.97262573242188,32.77000045776367,18.15399932861328,14.61600112915039,25.727333068847656,23.268165588378906,26.847875595092773,23.268165588378906,736.0,166.0,10.0,92.3447494506836,357.0,33.0,255.0,33.0,412.0,
Apis mellifera,-2.5120595592437667,37.77903150968475,KE,,pseudoAbsence,0,180.0,11.529999732971191,69.47352600097656,155.61395263671875,29.83449935913086,13.238249778747559,16.596248626708984,21.813291549682617,18.989458084106445,22.59950065612793,18.75087547302246,752.0,180.0,3.0,97.16393280029297,358.0,12.0,189.0,13.0,1260.0,
Apis mellifera,-2.2091176074357946,39.27938048549122,KE,,pseudoAbsence,0,138.0,9.868145942687988,69.89142608642578,138.01576232910156,33.81275177001953,19.693500518798828,14.119251251220703,26.883249282836914,24.589208602905273,27.981292724609375,24.589208602905273,694.0,138.0,17.0,73.02070617675781,312.0,60.0,206.0,60.0,214.0,
Apis mellifera,3.9793891044175353,35.675537963863604,KE,,pseudoAbsence,0,65.0,13.390250205993652,85.4637680053711,67.3437271118164,37.170501708984375,21.502750396728516,15.66775131225586,29.2239990234375,28.728458404541016,29.936500549316406,28.26620864868164,276.0,65.0,5.0,76.91166687011719,139.0,23.0,64.0,33.0,505.0,
Apis mellifera,-2.9746649047461,39.377590008795984,KE,,pseudoAbsence,0,122.0,9.300979614257812,69.343017578125,132.54061889648438,32.8129997253418,19.399999618530273,13.413000106811523,26.23550033569336,24.140291213989258,27.333084106445312,24.11541748046875,744.0,122.0,21.0,56.78902816772461,302.0,84.0,193.0,107.0,173.0,
Apis mellifera,3.0577698527040447,39.53060641211309,KE,,pseudoAbsence,0,112.0,10.715104103088379,67.93536376953125,144.7152862548828,34.285499572753906,18.51300048828125,15.772499084472656,26.358625411987305,23.797292709350586,27.516916275024414,23.797292709350586,351.0,112.0,1.0,116.42684173583984,185.0,5.0,47.0,5.0,601.0,
Apis mellifera,-1.0274899439863474,38.864310180039936,KE,,pseudoAbsence,0,192.0,9.912396430969238,71.35070037841797,127.17936706542969,33.48550033569336,19.593000411987305,13.892499923706055,26.672582626342773,24.44562530517578,27.654375076293945,24.44562530517578,590.0,192.0,2.0,118.42622375488281,349.0,9.0,186.0,9.0,351.0,
Apis mellifera,0.8933868764026434,37.65368897042521,KE,,pseudoAbsence,0,135.0,12.425395965576172,82.94380187988281,71.84943389892578,30.671499252319336,15.690999984741211,14.980499267578125,23.698917388916016,22.118375778198242,23.761249542236328,22.118375778198242,539.0,135.0,4.0,102.4223403930664,246.0,13.0,219.0,13.0,943.0,
Apis mellifera,0.6802258135267403,39.92030348775932,KE,,pseudoAbsence,0,102.0,10.894290924072266,75.17192840576172,106.47705078125,36.115501403808594,21.623001098632812,14.492500305175781,28.367416381835938,26.98779296875,29.671541213989258,26.98779296875,318.0,102.0,3.0,117.54053497314453,146.0,9.0,134.0,9.0,181.0,
Apis mellifera,0.1687615180471455,38.775291510421496,KE,,pseudoAbsence,0,134.0,10.874375343322754,77.33988189697266,99.67198181152344,32.8962516784668,18.835750579833984,14.060501098632812,25.694292068481445,24.14495849609375,26.64729118347168,24.14495849609375,395.0,134.0,0.0,132.10482788085938,226.0,0.0,146.0,0.0,463.0,
Apis mellifera,1.032589344359618,38.07692890453518,KE,,pseudoAbsence,0,114.0,11.548604011535645,80.73405456542969,78.04248809814453,32.3025016784668,17.99799919128418,14.304502487182617,24.83716583251953,23.928791046142578,25.843833923339844,23.928791046142578,380.0,114.0,0.0,122.50694274902344,185.0,0.0,163.0,0.0,605.0,
Apis mellifera,-2.665262833472813,38.96626614021601,KE,,pseudoAbsence,0,153.0,9.86777114868164,68.76734924316406,141.85247802734375,33.26250076293945,18.913000106811523,14.34950065612793,26.2899169921875,23.900501251220703,27.388166427612305,23.900501251220703,802.0,153.0,20.0,74.85859680175781,350.0,64.0,256.0,64.0,273.0,
Apis mellifera,-1.9968949848188733,39.16360581708308,KE,,pseudoAbsence,0,150.0,9.505895614624023,68.67182159423828,138.2830810546875,33.532249450683594,19.68975067138672,13.842498779296875,26.798583984375,24.387208938598633,27.844959259033203,24.387208938598633,634.0,150.0,9.0,88.31865692138672,320.0,40.0,193.0,40.0,262.0,
Apis mellifera,3.2069638091503982,39.73747853051456,KE,,pseudoAbsence,0,119.0,10.484811782836914,67.96954345703125,142.94650268554688,33.63475036621094,18.208999633789062,15.425750732421875,25.7971248626709,23.262248992919922,26.940250396728516,23.262248992919922,369.0,119.0,2.0,116.64082336425781,199.0,7.0,48.0,7.0,706.0,
Apis mellifera,-3.5791374764329005,38.595486590895646,KE,,pseudoAbsence,0,127.0,9.977812767028809,67.73688507080078,154.9169464111328,30.530500411987305,15.800250053405762,14.730250358581543,23.414167404174805,20.88883399963379,24.605709075927734,20.88883399963379,759.0,127.0,14.0,68.62744903564453,305.0,56.0,175.0,56.0,701.0,
Apis mellifera,1.0465052202401326,38.27945440112103,KE,,pseudoAbsence,0,108.0,11.735458374023438,80.40876770019531,81.56023406982422,33.19725036621094,18.602500915527344,14.594749450683594,25.61079216003418,24.595291137695312,26.634082794189453,24.595291137695312,358.0,108.0,0.0,126.45120239257812,174.0,0.0,158.0,0.0,495.0,
Apis mellifera,2.553222398689992,35.023441116643205,KE,,pseudoAbsence,0,77.0,13.256000518798828,87.5720443725586,58.10337448120117,33.27050018310547,18.133249282836914,15.137250900268555,25.787416458129883,25.57462501525879,26.101333618164062,24.629959106445312,468.0,77.0,9.0,56.29669952392578,187.0,42.0,134.0,154.0,878.0,
Apis mellifera,3.160453029543067,35.956780191928274,KE,,pseudoAbsence,0,51.0,13.951292037963867,89.70594024658203,59.087120056152344,37.03974914550781,21.487499237060547,15.552249908447266,29.87183380126953,29.27833366394043,29.927833557128906,28.63341522216797,221.0,51.0,5.0,71.27753448486328,109.0,23.0,86.0,37.0,448.0,
Apis mellifera,2.154620747177725,36.64624301605455,KE,,pseudoAbsence,0,64.0,13.659500122070312,86.48674011230469,69.5828628540039,35.040000915527344,19.24625015258789,15.793750762939453,27.81454086303711,26.591875076293945,27.93404197692871,26.182750701904297,270.0,64.0,4.0,74.80168151855469,131.0,28.0,104.0,37.0,481.0,
Apis mellifera,0.307219903038975,34.441264789638495,KE,,pseudoAbsence,0,280.0,12.100500106811523,83.5915298461914,66.10977935791016,29.511749267578125,15.03600025177002,14.475749015808105,22.190500259399414,22.407917022705078,22.65654182434082,20.974624633789062,1818.0,280.0,55.0,41.68637466430664,693.0,255.0,302.0,426.0,1292.0,
Apis mellifera,-2.6398955453756865,37.63428067904076,KE,,pseudoAbsence,0,154.0,12.607145309448242,71.14140319824219,152.05540466308594,31.298500061035156,13.577250480651855,17.721248626708984,22.577959060668945,19.813875198364258,23.362167358398438,19.590749740600586,693.0,154.0,4.0,90.96761322021484,313.0,13.0,179.0,18.0,1158.0,
Apis mellifera,1.2321674467314931,37.1445223562044,KE,,pseudoAbsence,0,154.0,12.954562187194824,82.69090270996094,71.4000244140625,29.49449920654297,13.82824993133545,15.66624927520752,22.48845863342285,20.762916564941406,22.48845863342285,20.762916564941406,605.0,154.0,8.0,88.55130004882812,305.0,29.0,305.0,29.0,1134.0,
Apis mellifera,1.036167335807324,40.043611717173285,KE,,pseudoAbsence,0,101.0,10.803895950317383,73.57472229003906,109.73848724365234,36.42675018310547,21.74250030517578,14.684249877929688,29.304916381835938,27.034957885742188,29.767333984375,27.034957885742188,323.0,101.0,3.0,113.7427749633789,149.0,9.0,136.0,9.0,193.0,
Apis mellifera,-1.280193115828181,37.6671709507782,KE,,pseudoAbsence,0,225.0,11.481708526611328,73.54766082763672,122.65691375732422,29.703248977661133,14.092000007629395,15.611248970031738,21.928709030151367,19.68029022216797,22.754499435424805,19.68029022216797,724.0,225.0,1.0,113.5175552368164,383.0,8.0,261.0,8.0,1177.0,
Apis mellifera,1.5255062319781825,34.94510613573692,KE,,pseudoAbsence,0,,,,,,,,,,,,,,,,,,,,,
Apis mellifera,-2.517776677889674,40.20909647227423,KE,,pseudoAbsence,0,221.0,7.657747745513916,67.51258087158203,119.34162902832031,33.055057525634766,21.712360382080078,11.342697143554688,26.91315460205078,27.964935302734375,28.227434158325195,25.31338882446289,911.0,221.0,9.0,73.62763214111328,458.0,80.0,189.0,161.0,5.0,
Apis mellifera,-3.351685375056043,39.88336364449641,KE,,pseudoAbsence,0,221.0,7.325868606567383,65.90790557861328,121.04106140136719,31.17491912841797,20.059608459472656,11.115310668945312,25.213844299316406,26.309499740600586,26.57242202758789,23.57437515258789,891.0,221.0,11.0,72.2649154663086,426.0,71.0,158.0,179.0,48.0,
Apis mellifera,3.0737262658900555,37.94811916480634,KE,,pseudoAbsence,0,80.0,10.80987548828125,73.02120208740234,121.42073059082031,33.919498443603516,19.11574935913086,14.803749084472656,26.968124389648438,24.662416458129883,27.79479217529297,24.662416458129883,276.0,80.0,1.0,102.29376983642578,136.0,5.0,58.0,5.0,550.0,
Apis mellifera,4.24375531639576,36.815913034233205,KE,,pseudoAbsence,0,64.0,12.645479202270508,78.57506561279297,95.25885772705078,35.115501403808594,19.02199935913086,16.093502044677734,27.066667556762695,25.5766658782959,27.901708602905273,25.40941619873047,342.0,64.0,3.0,70.53780364990234,154.0,25.0,94.0,28.0,667.0,
Apis mellifera,-0.3647347358853325,40.22942321110222,KE,,pseudoAbsence,0,86.0,9.779666900634766,71.23235321044922,126.92616271972656,35.506248474121094,21.777000427246094,13.729248046875,28.332834243774414,26.558874130249023,29.677249908447266,26.454458236694336,355.0,86.0,4.0,92.37178039550781,158.0,25.0,124.0,26.0,140.0,
Apis mellifera,-2.476526372017642,39.85310628099973,KE,,pseudoAbsence,0,107.0,7.998833179473877,67.36995697021484,124.93375396728516,32.676998138427734,20.804000854492188,11.872997283935547,27.347373962402344,27.64558219909668,27.80591583251953,24.758251190185547,760.0,107.0,12.0,49.86589431762695,269.0,94.0,178.0,147.0,98.0,
Apis mellifera,1.2313259845173017,35.84142780264112,KE,,pseudoAbsence,0,105.0,12.913562774658203,83.00005340576172,68.71539306640625,28.949499130249023,13.390999794006348,15.558499336242676,20.650249481201172,21.1096248626709,21.87029266357422,20.149499893188477,716.0,105.0,18.0,54.33578109741211,276.0,70.0,175.0,235.0,1363.0,
Apis mellifera,-1.0573546412262105,38.43445611217764,KE,,pseudoAbsence,0,257.0,10.207416534423828,72.58736419677734,120.45026397705078,31.56475067138672,17.502500534057617,14.062250137329102,24.731250762939453,22.55095863342285,25.55404281616211,22.55095863342285,751.0,257.0,1.0,124.10688781738281,443.0,5.0,247.0,5.0,595.0,
Apis mellifera,2.043355956013128,40.70228819712989,KE,,pseudoAbsence,0,96.0,10.836020469665527,70.94654083251953,131.37576293945312,36.25749969482422,20.983999252319336,15.273500442504883,28.630125045776367,26.0379581451416,29.339250564575195,26.0379581451416,352.0,96.0,3.0,108.31640625,164.0,11.0,43.0,11.0,286.0,
Apis mellifera,1.641279129922654,39.640859714530166,KE,,pseudoAbsence,0,106.0,11.364187240600586,75.14878845214844,102.08490753173828,36.35725021362305,21.235000610351562,15.122249603271484,28.780792236328125,26.730833053588867,29.265457153320312,26.730833053588867,307.0,106.0,1.0,122.78292083740234,154.0,3.0,46.0,3.0,255.0,
Apis mellifera,0.5807997892954786,35.98864272985603,KE,,pseudoAbsence,0,110.0,13.963083267211914,85.43770599365234,64.45158386230469,30.969749450683594,14.626749992370605,16.342998504638672,21.734792709350586,22.612749099731445,23.34462547302246,21.734792709350586,777.0,110.0,25.0,48.730194091796875,286.0,87.0,174.0,286.0,1268.0,
Apis mellifera,-1.5751537610829631,35.223609541283466,KE,,pseudoAbsence,0,163.0,12.563416481018066,81.27189636230469,83.44486236572266,27.17424964904785,11.715749740600586,15.458499908447266,20.248750686645508,18.355249404907227,20.248750686645508,18.158916473388672,943.0,163.0,24.0,51.00016784667969,375.0,102.0,375.0,106.0,1667.0,
Apis mellifera,-3.452288688039041,38.74118696812666,KE,,pseudoAbsence,0,131.0,10.59693717956543,70.23188781738281,149.68894958496094,32.09349822998047,17.0049991607666,15.088499069213867,24.84166717529297,22.39266586303711,25.96441650390625,22.382667541503906,807.0,131.0,20.0,64.10494232177734,314.0,72.0,263.0,86.0,465.0,
Apis mellifera,0.6836668815146512,36.08819089066549,KE,,pseudoAbsence,0,97.0,13.96135425567627,85.56717681884766,65.85237121582031,31.15049934387207,14.834250450134277,16.31624984741211,22.452999114990234,22.87962532043457,23.641582489013672,22.00349998474121,645.0,97.0,20.0,52.74785614013672,249.0,67.0,153.0,210.0,1036.0,
Apis mellifera,2.6736089714775,37.96046827516018,KE,,pseudoAbsence,0,73.0,10.782583236694336,74.73372650146484,112.6208724975586,33.66450119018555,19.236499786376953,14.428001403808594,27.164291381835938,24.890209197998047,27.75316619873047,24.890209197998047,250.0,73.0,0.0,106.87716674804688,123.0,2.0,53.0,2.0,515.0,
Apis mellifera,3.573507032076076,34.65546769302287,KE,,pseudoAbsence,0,77.0,13.458708763122559,83.7075424194336,82.74488830566406,34.83100128173828,18.752750396728516,16.078250885009766,26.630916595458984,26.84604263305664,27.32200050354004,25.192459106445312,448.0,77.0,6.0,50.52737808227539,176.0,47.0,73.0,131.0,758.0,
Apis mellifera,-2.3772167828191275,40.157757966710165,KE,,pseudoAbsence,0,129.0,7.83650016784668,67.14506530761719,123.65252685546875,33.010250091552734,21.339250564575195,11.670999526977539,26.792625427246094,28.00749969482422,28.206459045410156,25.189624786376953,809.0,129.0,12.0,52.197994232177734,324.0,90.0,187.0,163.0,32.0,
Apis mellifera,1.773126698738687,38.57498577015765,KE,,pseudoAbsence,0,110.0,11.664521217346191,78.0888442993164,91.35374450683594,34.82925033569336,19.89175033569336,14.9375,27.83099937438965,25.82929229736328,28.12150001525879,25.82929229736328,320.0,110.0,0.0,127.02911376953125,160.0,0.0,156.0,0.0,320.0,
Apis mellifera,0.6398424531467581,38.7088838816736,KE,,pseudoAbsence,0,117.0,11.51895809173584,79.00655364990234,92.3248291015625,33.765499114990234,19.185749053955078,14.579750061035156,26.256874084472656,24.90079116821289,27.234458923339844,24.90079116821289,369.0,117.0,0.0,132.99819946289062,192.0,0.0,156.0,0.0,400.0,
Apis mellifera,2.3682086729175884,36.74382941801076,KE,,pseudoAbsence,0,60.0,11.950040817260742,83.04983520507812,80.66798400878906,32.42250061035156,18.03350067138672,14.388999938964844,25.959333419799805,24.160375595092773,26.14554214477539,24.096166610717773,258.0,60.0,3.0,77.43357849121094,122.0,22.0,104.0,24.0,772.0,
Apis mellifera,0.5652862403243883,35.27910373719476,KE,,pseudoAbsence,0,168.0,12.820208549499512,81.65608215332031,86.31896209716797,25.98724937438965,10.286999702453613,15.700249671936035,16.334125518798828,17.94962501525879,18.495498657226562,16.330707550048828,1063.0,168.0,29.0,51.88096237182617,421.0,112.0,238.0,403.0,2056.0,
Apis mellifera,-0.3108455626495585,34.81404232148702,KE,,pseudoAbsence,0,183.0,10.637770652770996,85.01714324951172,65.56744384765625,29.120500564575195,16.607999801635742,12.512500762939453,22.98783302307129,23.26008415222168,23.464458465576172,21.798667907714844,1185.0,183.0,50.0,39.910980224609375,477.0,217.0,259.0,238.0,1135.0,
Apis mellifera,1.949008369390957,35.45183689156008,KE,,pseudoAbsence,0,81.0,12.789083480834961,85.47425079345703,58.13334274291992,32.231998443603516,17.269500732421875,14.96249771118164,24.585124969482422,24.62441635131836,25.272750854492188,23.797584533691406,510.0,81.0,12.0,53.19966506958008,194.0,51.0,138.0,171.0,846.0,
Apis mellifera,2.278530675742762,40.849803413844725,KE,,pseudoAbsence,0,99.0,11.34041690826416,72.0506820678711,134.77052307128906,36.4057502746582,20.666250228881836,15.739500045776367,28.647748947143555,25.92275047302246,29.309040069580078,25.92275047302246,360.0,99.0,3.0,109.36647033691406,168.0,11.0,43.0,11.0,297.0,
Apis mellifera,-3.2861658223893198,39.41627768764096,KE,,pseudoAbsence,0,113.0,8.949542045593262,68.43726348876953,130.201171875,32.08100128173828,19.003999710083008,13.077001571655273,25.680500030517578,23.65974998474121,26.769500732421875,23.62445831298828,741.0,113.0,21.0,52.942413330078125,286.0,93.0,179.0,112.0,175.0,
Apis mellifera,0.6752383768159183,36.15029003273368,KE,,pseudoAbsence,0,97.0,13.96135425567627,85.56717681884766,65.85237121582031,31.15049934387207,14.834250450134277,16.31624984741211,22.452999114990234,22.87962532043457,23.641582489013672,22.00349998474121,645.0,97.0,20.0,52.74785614013672,249.0,67.0,153.0,210.0,1036.0,
Apis mellifera,-1.7478666272895618,38.44390384541192,KE,,pseudoAbsence,0,181.0,10.021770477294922,70.05414581298828,132.85812377929688,31.958999633789062,17.653249740600586,14.305749893188477,25.09833335876465,22.695709228515625,26.052959442138672,22.695709228515625,613.0,181.0,1.0,114.77582550048828,357.0,6.0,204.0,6.0,603.0,
Apis mellifera,1.7513860311240077,35.29133133033779,KE,,pseudoAbsence,0,117.0,12.317791938781738,83.41431427001953,59.75529098510742,28.899250030517578,14.13224983215332,14.767000198364258,20.725542068481445,21.46270751953125,21.97966766357422,20.454833984375,772.0,117.0,15.0,54.379669189453125,290.0,68.0,188.0,282.0,1414.0,
Apis mellifera,0.6203864639876304,36.09575284634108,KE,,pseudoAbsence,0,94.0,13.57104206085205,87.1013412475586,61.38801193237305,31.334749221801758,15.753999710083008,15.58074951171875,23.668291091918945,23.408958435058594,24.1699161529541,22.664207458496094,660.0,94.0,24.0,46.4972038269043,236.0,80.0,165.0,220.0,998.0,
Apis mellifera,-2.388204803551956,40.04310026483419,KE,,pseudoAbsence,0,129.0,7.83650016784668,67.14506530761719,123.65252685546875,33.010250091552734,21.339250564575195,11.670999526977539,26.792625427246094,28.00749969482422,28.206459045410156,25.189624786376953,809.0,129.0,12.0,52.197994232177734,324.0,90.0,187.0,163.0,32.0,
Apis mellifera,-3.9632663101673407,39.3610641023548,KE,,pseudoAbsence,0,159.0,8.923874855041504,66.336181640625,148.8262939453125,32.00849914550781,18.555999755859375,13.452499389648438,26.004833221435547,26.644582748413086,26.661333084106445,23.135499954223633,861.0,159.0,20.0,54.481075286865234,337.0,105.0,198.0,163.0,174.0,
Apis mellifera,2.9240403413479337,40.66589487537097,KE,,pseudoAbsence,0,98.0,11.189167022705078,71.96299743652344,130.044189453125,35.204750061035156,19.65625,15.548500061035156,27.536209106445312,24.957374572753906,28.24483299255371,24.957374572753906,322.0,98.0,1.0,118.0106201171875,160.0,5.0,40.0,5.0,474.0,
Apis mellifera,-1.5812599402720109,40.08461473607577,KE,,pseudoAbsence,0,84.0,8.750166893005371,66.34819793701172,136.21681213378906,34.442501068115234,21.254249572753906,13.188251495361328,27.582958221435547,28.970375061035156,28.970375061035156,25.63712501525879,482.0,84.0,10.0,54.17735290527344,179.0,70.0,70.0,81.0,63.0,
Apis mellifera,-1.6812678388187354,41.05413606711462,KE,,pseudoAbsence,0,224.0,6.8397908210754395,67.84666442871094,108.28091430664062,32.52949905395508,22.44824981689453,10.081249237060547,27.173999786376953,28.01241683959961,28.302457809448242,25.61516571044922,788.0,224.0,2.0,96.07099914550781,477.0,31.0,157.0,153.0,28.0,
Apis mellifera,1.319858178365565,40.113444846840096,KE,,pseudoAbsence,0,102.0,10.939395904541016,73.68952941894531,109.3176040649414,36.626251220703125,21.7810001373291,14.845251083374023,29.39466667175293,27.162416458129883,29.86283302307129,27.162416458129883,326.0,102.0,2.0,112.62517547607422,155.0,8.0,138.0,8.0,199.0,
Apis mellifera,0.956478985886534,40.8301827052124,KE,,pseudoAbsence,0,101.0,11.291271209716797,72.05315399169922,133.3829345703125,37.330501556396484,21.65974998474121,15.670751571655273,29.73900032043457,27.154333114624023,30.35870933532715,27.013957977294922,371.0,101.0,5.0,100.4874496459961,166.0,19.0,138.0,20.0,116.0,
Apis mellifera,-1.4727372533974514,35.10828047443733,KE,,pseudoAbsence,0,162.0,12.807104110717773,81.66104125976562,79.97371673583984,27.858999252319336,12.175749778747559,15.683249473571777,20.468666076660156,18.927791595458984,20.7882080078125,18.79395866394043,1027.0,162.0,30.0,42.63384246826172,390.0,136.0,376.0,140.0,1549.0,
Apis mellifera,-1.4919110722148727,40.19700939901767,KE,,pseudoAbsence,0,82.0,8.746145248413086,66.75172424316406,133.40345764160156,34.370750427246094,21.26824951171875,13.102500915527344,28.313291549682617,28.877500534057617,28.89145851135254,25.63112449645996,476.0,82.0,8.0,59.41864776611328,176.0,63.0,127.0,75.0,83.0,
Apis mellifera,3.461958999448771,36.78911012661488,KE,,pseudoAbsence,0,48.0,12.46568775177002,80.52901458740234,86.81025695800781,35.37849807739258,19.89875030517578,15.479747772216797,27.963125228881836,26.44900131225586,28.560583114624023,26.29450035095215,214.0,48.0,1.0,82.71894073486328,100.0,13.0,56.0,14.0,596.0,
Apis mellifera,-4.100578300376606,38.56426900157434,KE,,pseudoAbsence,0,114.0,10.498353958129883,67.859375,162.07582092285156,31.07925033569336,15.608500480651855,15.470749855041504,23.596166610717773,21.067874908447266,24.95924949645996,21.030582427978516,690.0,114.0,13.0,63.80818176269531,274.0,53.0,184.0,58.0,657.0,
Apis mellifera,-0.6230960896532336,36.36077120154837,KE,,pseudoAbsence,0,121.0,14.478708267211914,78.34587097167969,87.54300689697266,25.702499389648438,7.2220001220703125,18.480499267578125,16.524625778198242,16.125917434692383,16.731332778930664,14.510624885559082,728.0,121.0,31.0,41.50690841674805,274.0,118.0,216.0,154.0,2117.0,
Apis mellifera,0.1931341379396727,34.280762448441315,KE,,pseudoAbsence,0,262.0,11.798624992370605,83.8551254272461,62.04670715332031,29.41349983215332,15.343250274658203,14.070249557495117,22.367332458496094,22.514415740966797,22.769832611083984,21.193208694458008,1701.0,262.0,53.0,41.55879592895508,648.0,247.0,293.0,357.0,1250.0,
Apis mellifera,3.344321051152158,38.46662994241866,KE,,pseudoAbsence,0,115.0,10.964229583740234,69.20114135742188,144.89247131347656,33.774749755859375,17.930749893188477,15.843999862670898,25.89270782470703,23.37874984741211,27.11545753479004,23.37874984741211,389.0,115.0,4.0,99.0984115600586,207.0,13.0,70.0,13.0,679.0,
Apis mellifera,-1.590206425206087,38.55466833103198,KE,,pseudoAbsence,0,206.0,9.48643684387207,69.31363677978516,130.13014221191406,32.32474899291992,18.638500213623047,13.686248779296875,25.68487548828125,23.360416412353516,26.644832611083984,23.360416412353516,673.0,206.0,2.0,115.22029876708984,394.0,8.0,219.0,8.0,484.0,
Apis mellifera,0.75550750447373,39.0996432194038,KE,,pseudoAbsence,0,114.0,11.443436622619629,78.67743682861328,94.59159088134766,34.73225021362305,20.1875,14.544750213623047,27.1805419921875,25.82612419128418,28.24245834350586,25.82612419128418,324.0,114.0,0.0,135.9874267578125,157.0,0.0,150.0,0.0,282.0,
Apis mellifera,1.489287122607286,35.19569724159739,KE,,pseudoAbsence,0,142.0,13.069104194641113,83.05622100830078,65.30257415771484,28.482500076293945,12.747249603271484,15.735250473022461,19.4199161529541,20.53708267211914,21.036291122436523,19.408166885375977,932.0,142.0,18.0,55.06488800048828,357.0,79.0,227.0,339.0,1613.0,
Apis mellifera,2.903409196429938,36.012185172775574,KE,,pseudoAbsence,0,50.0,13.954813003540039,89.83255004882812,60.26432800292969,36.949501037597656,21.415250778198242,15.534250259399414,29.797164916992188,29.05083465576172,29.86050033569336,28.457374572753906,218.0,50.0,4.0,71.32362365722656,107.0,22.0,84.0,35.0,400.0,
Apis mellifera,3.7532854408611542,34.35772521523682,KE,,pseudoAbsence,0,83.0,12.423271179199219,80.5986328125,93.81524658203125,33.177249908447266,17.763500213623047,15.413749694824219,25.275959014892578,25.604999542236328,26.088666915893555,23.67241668701172,511.0,83.0,6.0,48.539405822753906,191.0,53.0,82.0,158.0,903.0,
Apis mellifera,0.1321362785844106,38.59928970849607,KE,,pseudoAbsence,0,135.0,10.666853904724121,75.83834838867188,104.2734375,32.9640007019043,18.89875030517578,14.065250396728516,25.86870765686035,24.18541717529297,26.801042556762695,24.18541717529297,397.0,135.0,0.0,130.79640197753906,229.0,0.0,141.0,0.0,405.0,
Apis mellifera,-1.7123713083474432,40.01358910299056,KE,,pseudoAbsence,0,86.0,8.542437553405762,66.69481658935547,133.52096557617188,34.200748443603516,21.392499923706055,12.808248519897461,27.632665634155273,28.891874313354492,28.911083221435547,25.66141700744629,550.0,86.0,10.0,50.198238372802734,190.0,74.0,132.0,100.0,49.0,
Apis mellifera,-0.7173723858364367,39.53081653021686,KE,,pseudoAbsence,0,110.0,10.137853622436523,71.62030029296875,130.14437866210938,35.390750885009766,21.235750198364258,14.155000686645508,28.23183250427246,26.160959243774414,29.45916748046875,26.160959243774414,417.0,110.0,5.0,103.09452819824219,212.0,16.0,145.0,16.0,196.0,
Apis mellifera,-2.072502257369508,38.327414381492986,KE,,pseudoAbsence,0,179.0,10.560791969299316,69.54066467285156,140.8978729248047,31.761249542236328,16.574750900268555,15.186498641967773,24.466083526611328,21.958499908447266,25.52083396911621,21.958499908447266,604.0,179.0,2.0,115.04257202148438,336.0,8.0,214.0,8.0,678.0,
Apis mellifera,-2.1788809248412,39.64548789061497,KE,,pseudoAbsence,0,118.0,9.022125244140625,68.36497497558594,133.47735595703125,33.46324920654297,20.266250610351562,13.196998596191406,26.953832626342773,24.789958953857422,28.032958984375,24.789958953857422,657.0,118.0,14.0,60.910362243652344,273.0,81.0,174.0,81.0,152.0,
Apis mellifera,-1.9867389006944056,40.79468804802554,KE,,pseudoAbsence,0,236.0,7.168220043182373,67.1824951171875,114.8858413696289,33.1075553894043,22.437782287597656,10.66977310180664,27.341520309448242,28.370235443115234,28.60424041748047,25.780269622802734,852.0,236.0,5.0,89.40036010742188,490.0,48.0,161.0,244.0,22.0,
Apis mellifera,-1.6781411584453854,38.29259205619414,KE,,pseudoAbsence,0,176.0,10.355437278747559,70.40205383300781,132.45469665527344,31.66925048828125,16.960250854492188,14.708999633789062,24.596250534057617,22.197834014892578,25.544708251953125,22.197834014892578,587.0,176.0,1.0,114.87508392333984,338.0,6.0,197.0,6.0,711.0,
Apis mellifera,1.737350419520582,37.61905009345772,KE,,pseudoAbsence,0,104.0,12.159958839416504,80.96922302246094,77.59285736083984,32.72600173950195,17.70800018310547,15.018001556396484,26.00229263305664,24.288124084472656,26.161251068115234,24.22254180908203,358.0,104.0,1.0,106.57337951660156,181.0,6.0,161.0,7.0,604.0,
Apis mellifera,-0.7344830500966757,39.21656625536626,KE,,pseudoAbsence,0,137.0,10.214479446411133,72.14251708984375,125.62590026855469,34.464500427246094,20.305749893188477,14.158750534057617,27.37066650390625,25.298999786376953,28.492042541503906,25.298999786376953,447.0,137.0,2.0,114.70880126953125,255.0,8.0,147.0,8.0,298.0,
Apis mellifera,-3.508941527639827,39.50184592253538,KE,,pseudoAbsence,0,176.0,8.483708381652832,67.50110626220703,131.9439697265625,31.085250854492188,18.517000198364258,12.56825065612793,25.474666595458984,25.836334228515625,25.991958618164062,22.808624267578125,890.0,176.0,19.0,58.227455139160156,348.0,106.0,191.0,155.0,233.0,
Apis mellifera,0.9713681391849088,34.60481209853443,KE,,pseudoAbsence,0,220.0,10.526875495910645,79.15687561035156,77.97348022460938,22.069250106811523,8.770500183105469,13.298749923706055,14.617124557495117,15.386417388916016,15.70804214477539,13.751791954040527,1583.0,220.0,43.0,44.92448425292969,542.0,165.0,208.0,541.0,2537.0,
Apis mellifera,2.351556062963565,38.15131410338549,KE,,pseudoAbsence,0,115.0,10.466062545776367,71.9725112915039,108.59506225585938,30.617250442504883,16.07550048828125,14.541749954223633,23.89729118347168,21.7567081451416,24.53787612915039,21.7567081451416,399.0,115.0,2.0,105.25040435791016,192.0,7.0,80.0,7.0,961.0,
Apis mellifera,2.617085522299412,39.738596029212985,KE,,pseudoAbsence,0,101.0,10.415813446044922,69.74913787841797,131.72145080566406,34.72325134277344,19.790000915527344,14.933250427246094,27.28645896911621,24.860624313354492,28.234542846679688,24.860624313354492,326.0,101.0,1.0,117.40727233886719,162.0,5.0,44.0,5.0,478.0,
Apis mellifera,-2.718474785825542,37.93364489480629,KE,,pseudoAbsence,0,193.0,10.717666625976562,68.14385986328125,161.23043823242188,28.86025047302246,13.13224983215332,15.72800064086914,21.45770835876465,18.46187400817871,22.181625366210938,18.212791442871094,860.0,193.0,6.0,93.26346588134766,395.0,22.0,215.0,23.0,1315.0,
Apis mellifera,3.1151237740926545,36.8793536395506,KE,,pseudoAbsence,0,43.0,12.041354179382324,80.7155990600586,91.32537078857422,35.2859992980957,20.36775016784668,14.918249130249023,28.340208053588867,26.64299964904785,28.86312484741211,26.50579071044922,185.0,43.0,0.0,89.91769409179688,86.0,8.0,46.0,9.0,466.0,
Apis mellifera,4.51828328963818,35.24701089384297,KE,,pseudoAbsence,0,113.0,13.045187950134277,81.93055725097656,85.90343475341797,34.21424865722656,18.29199981689453,15.922248840332031,25.955917358398438,26.477375030517578,26.93608283996582,24.745832443237305,613.0,113.0,17.0,51.058074951171875,257.0,88.0,121.0,129.0,801.0,
Apis mellifera,4.259828063245652,34.050754384779275,KE,,pseudoAbsence,0,87.0,12.785083770751953,79.82444763183594,110.91764831542969,33.79249954223633,17.775999069213867,16.01650047302246,25.690040588378906,25.9824161529541,26.50925064086914,23.70574951171875,598.0,87.0,7.0,43.94688034057617,211.0,61.0,94.0,181.0,795.0,
Apis mellifera,-2.658859151206834,40.02358218199053,KE,,pseudoAbsence,0,173.0,7.596312522888184,67.00460052490234,121.41586303710938,32.431251525878906,21.094249725341797,11.33700180053711,26.43954086303711,27.556459426879883,27.794166564941406,24.828750610351562,879.0,173.0,11.0,60.07762145996094,390.0,85.0,192.0,171.0,44.0,
Apis mellifera,-2.471155431079117,38.95269606591788,KE,,pseudoAbsence,0,155.0,9.76058292388916,68.46768951416016,140.759521484375,33.194000244140625,18.938249588012695,14.25575065612793,26.28237533569336,23.87270736694336,27.353042602539062,23.87270736694336,750.0,155.0,17.0,80.34583282470703,347.0,52.0,239.0,52.0,295.0,
Apis mellifera,-1.7608286272149145,35.80860858535271,KE,,pseudoAbsence,0,185.0,12.212770462036133,78.96017456054688,100.58605194091797,25.1825008392334,9.715499877929688,15.467000961303711,17.703292846679688,16.143917083740234,18.228500366210938,15.829124450683594,886.0,185.0,20.0,65.98594665527344,402.0,65.0,389.0,70.0,2143.0,
Apis mellifera,1.3212123896090242,40.73484896176442,KE,,pseudoAbsence,0,98.0,10.956375122070312,72.19659423828125,130.277587890625,36.98324966430664,21.807498931884766,15.175750732421875,28.478750228881836,27.097000122070312,30.23579216003418,26.96929168701172,361.0,98.0,4.0,102.78861236572266,165.0,15.0,133.0,17.0,134.0,
Apis mellifera,-1.6810563940245258,38.08804526908311,KE,,pseudoAbsence,0,180.0,10.842353820800781,71.12188720703125,132.16014099121094,31.231250762939453,15.986499786376953,15.2447509765625,23.840415954589844,21.469709396362305,24.816875457763672,21.469709396362305,587.0,180.0,1.0,113.83818054199219,329.0,7.0,199.0,7.0,857.0,
Apis mellifera,-1.391471561211247,36.404235508359946,KE,,pseudoAbsence,0,154.0,12.643375396728516,75.34676361083984,126.29378509521484,31.04775047302246,14.267499923706055,16.780250549316406,22.84412384033203,20.55791664123535,23.373125076293945,20.234291076660156,631.0,154.0,8.0,83.04471588134766,337.0,32.0,261.0,37.0,1221.0,
Apis mellifera,-0.5595720619474793,38.08676231767998,KE,,pseudoAbsence,0,221.0,10.607895851135254,73.17303466796875,123.45323944091797,29.082250595092773,14.585249900817871,14.497000694274902,22.172042846679688,19.812707901000977,22.846542358398438,19.812707901000977,756.0,221.0,1.0,118.57418060302734,396.0,4.0,292.0,4.0,961.0,
Apis mellifera,-0.5607776652507788,36.8332798368816,KE,,pseudoAbsence,0,260.0,10.872291564941406,78.19120788574219,91.17631530761719,18.771499633789062,4.8667497634887695,13.904749870300293,12.169875144958496,11.554374694824219,12.272292137145996,10.028166770935059,1546.0,260.0,53.0,49.750083923339844,618.0,226.0,464.0,275.0,2811.0,
Apis mellifera,0.1117746603050031,38.425131905817146,KE,,pseudoAbsence,0,141.0,10.58997917175293,76.1307601928711,104.18180847167969,32.45024871826172,18.53999900817871,13.910249710083008,25.47599983215332,23.74358367919922,26.336708068847656,23.74358367919922,429.0,141.0,0.0,128.45635986328125,239.0,0.0,155.0,0.0,432.0,
Apis mellifera,3.6898084060487575,35.31952022572678,KE,,pseudoAbsence,0,71.0,14.317062377929688,86.89384460449219,64.30998992919922,36.56174850463867,20.085250854492188,16.476497650146484,28.345125198364258,27.80120849609375,28.85308265686035,27.280000686645508,321.0,71.0,8.0,66.41384887695312,152.0,40.0,65.0,59.0,605.0,
Apis mellifera,2.9965768165881927,38.145879690879866,KE,,pseudoAbsence,0,82.0,10.594354629516602,72.94503784179688,122.03498840332031,33.80849838256836,19.28474998474121,14.523748397827148,27.07208251953125,24.71387481689453,27.84291648864746,24.71387481689453,272.0,82.0,0.0,108.70565795898438,136.0,2.0,56.0,2.0,522.0,
Apis mellifera,0.3656829926039391,37.071859368295776,KE,,pseudoAbsence,0,156.0,14.029749870300293,83.066650390625,64.5446548461914,26.95949935913086,10.06974983215332,16.88974952697754,19.00458335876465,18.082958221435547,19.00458335876465,17.532958984375,775.0,156.0,18.0,68.3989028930664,317.0,90.0,317.0,118.0,1753.0,
Apis mellifera,0.829544827824602,37.77084409914438,KE,,pseudoAbsence,0,141.0,12.61312484741211,83.3939437866211,74.21925354003906,31.391250610351562,16.26650047302246,15.124750137329102,23.38541603088379,22.72800064086914,24.401874542236328,22.72800064086914,500.0,141.0,2.0,109.47793579101562,239.0,9.0,196.0,9.0,888.0,
Apis mellifera,3.1616592957152223,37.72374706987587,KE,,pseudoAbsence,0,73.0,10.787458419799805,73.68357849121094,117.54637145996094,33.88174819946289,19.241500854492188,14.640247344970703,27.026540756225586,24.77400016784668,27.811290740966797,24.77400016784668,259.0,73.0,0.0,102.19373321533203,127.0,4.0,57.0,4.0,549.0,
Apis mellifera,-4.63185804834308,39.2309846674613,KE,,pseudoAbsence,0,240.0,8.623857498168945,65.7431869506836,154.45657348632812,33.07871627807617,19.961223602294922,13.11749267578125,26.107580184936523,27.859086990356445,28.114673614501953,24.4011173248291,1115.0,240.0,21.0,67.78529357910156,529.0,115.0,131.0,198.0,24.0,
Apis mellifera,1.5323297624023455,37.30173525988569,KE,,pseudoAbsence,0,116.0,11.027104377746582,80.70187377929688,74.46278381347656,29.39900016784668,15.734999656677246,13.664000511169434,23.261709213256836,21.577457427978516,23.38187599182129,21.53533363342285,454.0,116.0,3.0,93.42826080322266,221.0,15.0,191.0,18.0,957.0,
Apis mellifera,1.3451352853359158,39.15827946824362,KE,,pseudoAbsence,0,110.0,11.280020713806152,77.2895278930664,90.71256256103516,35.39500045776367,20.800498962402344,14.594501495361328,28.388792037963867,26.39670753479004,28.66808319091797,26.39670753479004,302.0,110.0,0.0,133.4730987548828,150.0,0.0,148.0,0.0,245.0,
Apis mellifera,1.5968071029313302,37.177610997458565,KE,,pseudoAbsence,0,116.0,11.027104377746582,80.70187377929688,74.46278381347656,29.39900016784668,15.734999656677246,13.664000511169434,23.261709213256836,21.577457427978516,23.38187599182129,21.53533363342285,454.0,116.0,3.0,93.42826080322266,221.0,15.0,191.0,18.0,957.0,
Apis mellifera,0.3110190960525978,34.92525305476594,KE,,pseudoAbsence,0,253.0,11.785562515258789,82.00506591796875,77.54391479492188,26.774749755859375,12.402999877929688,14.371749877929688,19.07900047302246,19.914709091186523,20.183834075927734,18.288291931152344,1839.0,253.0,68.0,38.12214660644531,652.0,243.0,306.0,531.0,1680.0,
Apis mellifera,-1.1606375932717747,38.03574451850716,KE,,pseudoAbsence,0,260.0,10.37933349609375,73.04888153076172,121.2919921875,28.711750030517578,14.503000259399414,14.208749771118164,21.809833526611328,19.5084171295166,22.515666961669922,19.5084171295166,810.0,260.0,2.0,119.48528289794922,449.0,8.0,288.0,8.0,1062.0,
Apis mellifera,0.513280815975544,34.99873871604799,KE,,pseudoAbsence,0,209.0,12.611249923706055,82.02838897705078,76.51226806640625,27.335500717163086,11.961250305175781,15.374250411987305,19.079750061035156,19.538999557495117,20.003583908081055,18.081375122070312,1496.0,209.0,40.0,47.9490852355957,547.0,154.0,346.0,537.0,1737.0,
Apis mellifera,2.6404669060427945,39.18628071797131,KE,,pseudoAbsence,0,106.0,11.154582977294922,70.56958770751953,129.0044403076172,35.1822509765625,19.375749588012695,15.806501388549805,27.302249908447266,24.93862533569336,28.236875534057617,24.93862533569336,331.0,106.0,1.0,117.58110046386719,169.0,4.0,48.0,4.0,445.0,
Apis mellifera,-3.694477802101109,38.98632958309796,KE,,pseudoAbsence,0,110.0,9.757083892822266,67.992431640625,152.03155517578125,31.613750457763672,17.263500213623047,14.350250244140625,24.564125061035156,22.200624465942383,25.791458129882812,22.15424919128418,707.0,110.0,24.0,53.74525833129883,264.0,81.0,154.0,90.0,408.0,
Apis mellifera,-2.724882146552021,38.33151880147952,KE,,pseudoAbsence,0,153.0,10.25668716430664,68.2142105102539,150.27891540527344,31.17424964904785,16.13825035095215,15.035999298095703,24.025625228881836,21.368165969848633,25.072040557861328,21.368165969848633,722.0,153.0,6.0,95.2035140991211,328.0,26.0,271.0,26.0,683.0,
Apis mellifera,-2.4071222274806536,40.12632318500821,KE,,pseudoAbsence,0,129.0,7.83650016784668,67.14506530761719,123.65252685546875,33.010250091552734,21.339250564575195,11.670999526977539,26.792625427246094,28.00749969482422,28.206459045410156,25.189624786376953,809.0,129.0,12.0,52.197994232177734,324.0,90.0,187.0,163.0,32.0,
Apis mellifera,1.1104060815841033,35.69026047647867,KE,,pseudoAbsence,0,105.0,13.276874542236328,84.25215148925781,66.9794692993164,30.62649917602539,14.868000030517578,15.758499145507812,22.08275032043457,22.692249298095703,23.383625030517578,21.695959091186523,697.0,105.0,17.0,56.48828887939453,277.0,64.0,169.0,264.0,1086.0,
Apis mellifera,0.5693012253658463,39.09585659126172,KE,,pseudoAbsence,0,108.0,11.13989543914795,78.34375762939453,97.23251342773438,34.24800109863281,20.028749465942383,14.21925163269043,26.877708435058594,25.47454071044922,27.957000732421875,25.47454071044922,329.0,108.0,0.0,134.44187927246094,169.0,0.0,143.0,0.0,320.0,
Apis mellifera,0.9927771353462234,35.98255465349088,KE,,pseudoAbsence,0,104.0,13.49360466003418,84.64185333251953,69.99803161621094,30.520999908447266,14.579000473022461,15.941999435424805,21.924875259399414,22.495624542236328,23.2430419921875,21.48120880126953,666.0,104.0,18.0,57.43851852416992,272.0,61.0,152.0,261.0,1096.0,
Apis mellifera,-2.2748404454357183,40.6837244951474,KE,,pseudoAbsence,0,337.0,6.858266830444336,67.0014419555664,110.70249938964844,33.06639862060547,22.830400466918945,10.235998153686523,27.405776977539062,28.257200241088867,28.548221588134766,25.861377716064453,1057.0,337.0,5.0,102.43930053710938,644.0,62.0,182.0,197.0,8.0,
Apis mellifera,-0.6006400368912868,39.1042336778095,KE,,pseudoAbsence,0,146.0,10.348666191101074,72.87793731689453,121.41796875,34.01224899291992,19.8122501373291,14.19999885559082,26.864665985107422,24.858917236328125,27.94362449645996,24.858917236328125,434.0,146.0,0.0,124.13758850097656,263.0,3.0,139.0,3.0,356.0,
Apis mellifera,0.6069387901999352,37.819502094691615,KE,,pseudoAbsence,0,153.0,12.838645935058594,83.19091033935547,74.63754272460938,31.735000610351562,16.302249908447266,15.432750701904297,23.33595848083496,22.71820831298828,24.381458282470703,22.71820831298828,533.0,153.0,3.0,108.0815658569336,265.0,11.0,199.0,11.0,921.0,
Apis mellifera,-4.359637587985739,38.83286539562089,KE,,pseudoAbsence,0,,,,,,,,,,,,,,,,,,,,,
Apis mellifera,4.010634372347501,35.67592678810084,KE,,pseudoAbsence,0,72.0,13.458645820617676,84.5405502319336,71.76866149902344,36.96900177001953,21.04924964904785,15.91975212097168,28.781917572021484,28.30095672607422,29.667207717895508,27.905248641967773,306.0,72.0,6.0,76.75579833984375,154.0,26.0,71.0,36.0,543.0,
Apis mellifera,-0.9369485354232484,36.06660765437613,KE,,pseudoAbsence,0,170.0,12.230250358581543,77.49983978271484,103.91634368896484,22.03125,6.250249862670898,15.781000137329102,14.108749389648438,14.122583389282227,14.482583045959473,11.909083366394043,1043.0,170.0,54.0,38.22163391113281,388.0,188.0,316.0,223.0,2608.0,
Apis mellifera,0.6278313337861174,37.00537982241765,KE,,pseudoAbsence,0,215.0,13.687000274658203,84.31200408935547,65.37751770019531,28.602750778198242,12.369000434875488,16.233749389648438,21.009292602539062,19.597917556762695,21.009292602539062,19.552165985107422,893.0,215.0,22.0,83.01568603515625,426.0,74.0,426.0,80.0,1421.0,
Apis mellifera,0.4281743078290123,35.507244474035566,KE,,pseudoAbsence,0,174.0,12.348520278930664,83.37117004394531,65.04077911376953,26.010250091552734,11.198750495910645,14.81149959564209,18.305999755859375,18.476333618164062,19.000457763671875,17.331125259399414,1178.0,174.0,37.0,45.2850227355957,414.0,145.0,301.0,382.0,1972.0,
Apis mellifera,4.300329332309842,35.865348083653714,KE,,pseudoAbsence,0,67.0,12.5892915725708,83.57897186279297,74.93099975585938,37.2504997253418,22.1877498626709,15.062749862670898,29.484041213989258,28.898874282836914,30.402084350585938,28.536540985107422,310.0,67.0,5.0,74.85250854492188,155.0,25.0,75.0,35.0,389.0,
Apis mellifera,3.664839716537638,37.944647767807474,KE,,pseudoAbsence,0,104.0,10.947542190551758,70.6897201538086,133.93057250976562,32.01850128173828,16.531749725341797,15.486751556396484,24.28066635131836,21.97800064086914,25.48208236694336,21.97800064086914,387.0,104.0,5.0,87.96554565429688,198.0,17.0,85.0,17.0,977.0,
Apis mellifera,-0.0032843261969528,34.755950010465405,KE,,pseudoAbsence,0,226.0,11.971603393554688,83.73068237304688,70.60234832763672,29.833999633789062,15.536250114440918,14.297749519348145,22.61487579345703,23.058542251586914,23.24650001525879,21.451583862304688,1427.0,226.0,64.0,38.2038459777832,558.0,254.0,307.0,286.0,1230.0,
